{
    "book": "Science",
    "chapter": "answers&solutions",
    "sections": [
        {
            "section_title": "A n s w e r s",
            "content_blocks": [
                {
                    "type": "paragraph_text",
                    "content": "Chapter 1"
                },
                {
                    "type": "paragraph_text",
                    "content": "1. (i) 2. (d) 3. (a)"
                },
                {
                    "type": "paragraph_text",
                    "content": "Chapter 2"
                },
                {
                    "type": "paragraph_text",
                    "content": "1. (d) 2. (b) 3. (d) 4. (c)"
                },
                {
                    "type": "paragraph_text",
                    "content": "Chapter 3"
                },
                {
                    "type": "paragraph_text",
                    "content": "1. (d) 2. (c) 3. (a) 4. (c)"
                },
                {
                    "type": "paragraph_text",
                    "content": "Chapter 4"
                },
                {
                    "type": "paragraph_text",
                    "content": "1. (b) 2. (c) 3. (b)"
                },
                {
                    "type": "paragraph_text",
                    "content": "Chapter 5"
                },
                {
                    "type": "paragraph_text",
                    "content": "1. (c) 2. (a) 3. (d) 4. (b)"
                },
                {
                    "type": "paragraph_text",
                    "content": "Chapter 6"
                },
                {
                    "type": "paragraph_text",
                    "content": "1. (d) 2. (b) 3. (d)"
                },
                {
                    "type": "paragraph_text",
                    "content": "Chapter 7"
                },
                {
                    "type": "paragraph_text",
                    "content": "1. (b) 2. (c) 3. (d)"
                },
                {
                    "type": "paragraph_text",
                    "content": "Chapter 8"
                },
                {
                    "type": "paragraph_text",
                    "content": "1. (c)"
                },
                {
                    "type": "paragraph_text",
                    "content": "Chapter 9"
                },
                {
                    "type": "paragraph_text",
                    "content": "1. (d) 2. (d) 3. (b)"
                },
                {
                    "type": "paragraph_text",
                    "content": "4. (a) 5. (d) 6. (c)"
                },
                {
                    "type": "paragraph_text",
                    "content": "7. Distance less than 15cm; virtual; Enlarged."
                },
                {
                    "type": "paragraph_text",
                    "content": "9. Yes"
                },
                {
                    "type": "paragraph_text",
                    "content": "10. 16.7 cm from the lens on the other side; 3.3 cm, reduced; real, inverted."
                },
                {
                    "type": "paragraph_text",
                    "content": "11. 30 cm"
                },
                {
                    "type": "paragraph_text",
                    "content": "12. 6.0 cm, behind the mirror; virtual, erect"
                },
                {
                    "type": "paragraph_text",
                    "content": "13. m = 1 indicates that image formed by a plane mirror is of the same size as the object."
                },
                {
                    "type": "paragraph_text",
                    "content": "Further, the positive sign of m indicates that the image is virtual and erect."
                },
                {
                    "type": "paragraph_text",
                    "content": "14. 8.6 cm, behind the mirror; virtual, erect; 2.2 cm, reduced."
                },
                {
                    "type": "paragraph_text",
                    "content": "15. 54 cm on the object side; 14 cm, magnified; real, inverted."
                },
                {
                    "type": "paragraph_text",
                    "content": "16. \u20130.50 m; concave lens"
                },
                {
                    "type": "paragraph_text",
                    "content": "17. + 0.67 m; converging lens"
                },
                {
                    "type": "paragraph_text",
                    "content": "Reprint 2025-26"
                },
                {
                    "type": "paragraph_text",
                    "content": "Chapter 10"
                },
                {
                    "type": "paragraph_text",
                    "content": "1. (b) 2. (d) 3. (c) 4. (c)"
                },
                {
                    "type": "paragraph_text",
                    "content": "5. (i) \u20130.18 m; (ii) +0.67 m"
                },
                {
                    "type": "paragraph_text",
                    "content": "6. Concave lens; \u20131.25 D"
                },
                {
                    "type": "paragraph_text",
                    "content": "7. Convex lens; +3.0 D"
                },
                {
                    "type": "paragraph_text",
                    "content": "Chapter 11"
                },
                {
                    "type": "paragraph_text",
                    "content": "1. (d) 2. (b) 3. (d) 4. (c)"
                },
                {
                    "type": "paragraph_text",
                    "content": "5. Parallel 6. 122.7 m; \u00bc times"
                },
                {
                    "type": "paragraph_text",
                    "content": "7. 3.33 \u2126 8. 4.8 k\u2126 9. 0.67 A"
                },
                {
                    "type": "paragraph_text",
                    "content": "10. 4 resistors 12. 110 bulbs"
                },
                {
                    "type": "paragraph_text",
                    "content": "13. 9.2 A, 4.6 A, 18.3 A"
                },
                {
                    "type": "paragraph_text",
                    "content": "14. (i) 8 W; (ii) 8 W"
                },
                {
                    "type": "paragraph_text",
                    "content": "15. 0.73 A"
                },
                {
                    "type": "paragraph_text",
                    "content": "16. 250 W TV set in 1 hour"
                },
                {
                    "type": "paragraph_text",
                    "content": "17. 1100 W"
                },
                {
                    "type": "paragraph_text",
                    "content": "18. (b) High resistivity of alloys"
                },
                {
                    "type": "paragraph_text",
                    "content": "(d) inversely."
                },
                {
                    "type": "paragraph_text",
                    "content": "Chapter 12"
                },
                {
                    "type": "paragraph_text",
                    "content": "1. (d) 2. (c)"
                },
                {
                    "type": "paragraph_text",
                    "content": "3. (a) True (b) False"
                },
                {
                    "type": "paragraph_text",
                    "content": "6. vertically downwards"
                },
                {
                    "type": "paragraph_text",
                    "content": "7. (i) Right-hand thumb rule, (ii) Fleming\u2019s left-hand rule"
                },
                {
                    "type": "paragraph_text",
                    "content": "Chapter 13"
                },
                {
                    "type": "paragraph_text",
                    "content": "1. (a), (c), (d) 2. (b) 3. (d)"
                },
                {
                    "type": "paragraph_text",
                    "content": "Answers 219"
                },
                {
                    "type": "paragraph_text",
                    "content": "Reprint 2025-26"
                }
            ]
        },
        {
            "section_title": "N",
            "content_blocks": [
                {
                    "type": "paragraph_text",
                    "content": "OTES"
                },
                {
                    "type": "paragraph_text",
                    "content": "220 Science"
                },
                {
                    "type": "paragraph_text",
                    "content": "Reprint 2025-26"
                }
            ]
        }
    ]
}