{
    "book": "Science",
    "chapter": "ch10",
    "sections": [
        {
            "section_title": "the Colourful World",
            "content_blocks": [
                {
                    "type": "paragraph_text",
                    "content": "You have studied in the previous chapter about refraction of light by"
                },
                {
                    "type": "paragraph_text",
                    "content": "lenses. You also studied the nature, position and relative size of"
                },
                {
                    "type": "paragraph_text",
                    "content": "images formed by lenses. How can these ideas help us in the study of"
                },
                {
                    "type": "paragraph_text",
                    "content": "the human eye? The human eye uses light and enables us to see objects"
                },
                {
                    "type": "paragraph_text",
                    "content": "around us. It has a lens in its structure. What is the function of the lens"
                },
                {
                    "type": "paragraph_text",
                    "content": "in a human eye? How do the lenses used in spectacles correct defects of"
                },
                {
                    "type": "paragraph_text",
                    "content": "vision? Let us consider these questions in this chapter."
                },
                {
                    "type": "paragraph_text",
                    "content": "We have learnt in the previous chapter about light and some of its"
                },
                {
                    "type": "paragraph_text",
                    "content": "properties. In this chapter, we shall use these ideas to study some of the"
                },
                {
                    "type": "paragraph_text",
                    "content": "optical phenomena in nature. We shall also discuss about rainbow"
                },
                {
                    "type": "paragraph_text",
                    "content": "formation, splitting of white light and blue colour of the sky."
                }
            ]
        },
        {
            "section_title": "10.1 THE HUMAN EYE",
            "content_blocks": [
                {
                    "type": "paragraph_text",
                    "content": "The human eye is one of the most valuable and sensitive sense organs."
                },
                {
                    "type": "paragraph_text",
                    "content": "It enables us to see the wonderful world and the colours around us. On"
                },
                {
                    "type": "paragraph_text",
                    "content": "closing the eyes, we can identify objects to some extent by their smell,"
                },
                {
                    "type": "paragraph_text",
                    "content": "taste, sound they make or by touch. It is, however, impossible to identify"
                },
                {
                    "type": "paragraph_text",
                    "content": "colours while closing the eyes. Thus, of all the sense organs, the human"
                },
                {
                    "type": "paragraph_text",
                    "content": "eye is the most significant one as it enables us to see the beautiful,"
                },
                {
                    "type": "paragraph_text",
                    "content": "colourful world around us."
                },
                {
                    "type": "paragraph_text",
                    "content": "The human eye is like a camera. Its lens"
                },
                {
                    "type": "paragraph_text",
                    "content": "system forms an image on a light-sensitive"
                },
                {
                    "type": "paragraph_text",
                    "content": "screen called the retina. Light enters the eye"
                },
                {
                    "type": "paragraph_text",
                    "content": "through a thin membrane called the cornea."
                },
                {
                    "type": "paragraph_text",
                    "content": "It forms the transparent bulge on the front"
                },
                {
                    "type": "paragraph_text",
                    "content": "surface of the eyeball as shown in Fig. 10.1."
                },
                {
                    "type": "paragraph_text",
                    "content": "The eyeball is approximately spherical in shape"
                },
                {
                    "type": "paragraph_text",
                    "content": "with a diameter of about 2.3 cm. Most of the"
                },
                {
                    "type": "paragraph_text",
                    "content": "refraction for the light rays entering the eye"
                },
                {
                    "type": "paragraph_text",
                    "content": "occurs at the outer surface of the cornea. The"
                },
                {
                    "type": "paragraph_text",
                    "content": "crystalline lens merely provides the finer"
                },
                {
                    "type": "paragraph_text",
                    "content": "adjustment of focal length required to focus"
                },
                {
                    "type": "paragraph_text",
                    "content": "objects at different distances on the retina. We find a structure called iris"
                },
                {
                    "type": "paragraph_text",
                    "content": "FFFFFiiiiiggggguuuuurrrrreeeee 1111100000.....11111"
                },
                {
                    "type": "paragraph_text",
                    "content": "The human eye"
                },
                {
                    "type": "paragraph_text",
                    "content": "behind the cornea. Iris is a dark muscular diaphragm that controls the"
                },
                {
                    "type": "paragraph_text",
                    "content": "size of the pupil. The pupil regulates and controls the amount of light"
                },
                {
                    "type": "paragraph_text",
                    "content": "Reprint 2025-26"
                },
                {
                    "type": "paragraph_text",
                    "content": "entering the eye. The eye lens forms an inverted real image of the object"
                },
                {
                    "type": "paragraph_text",
                    "content": "on the retina. The retina is a delicate membrane having enormous"
                },
                {
                    "type": "paragraph_text",
                    "content": "number of light-sensitive cells. The light-sensitive cells get activated"
                },
                {
                    "type": "paragraph_text",
                    "content": "upon illumination and generate electrical signals. These signals are"
                },
                {
                    "type": "paragraph_text",
                    "content": "sent to the brain via the optic nerves. The brain interprets these signals,"
                },
                {
                    "type": "paragraph_text",
                    "content": "and finally, processes the information so that we perceive objects as"
                },
                {
                    "type": "paragraph_text",
                    "content": "they are."
                }
            ]
        },
        {
            "section_title": "10.1.1 Power of Accommodation",
            "content_blocks": [
                {
                    "type": "paragraph_text",
                    "content": "The eye lens is composed of a fibrous, jelly-like material. Its curvature"
                },
                {
                    "type": "paragraph_text",
                    "content": "can be modified to some extent by the ciliary muscles. The change in the"
                },
                {
                    "type": "paragraph_text",
                    "content": "curvature of the eye lens can thus change its focal length. When the"
                },
                {
                    "type": "paragraph_text",
                    "content": "muscles are relaxed, the lens becomes thin. Thus, its focal length"
                },
                {
                    "type": "paragraph_text",
                    "content": "increases. This enables us to see distant objects clearly. When you are"
                },
                {
                    "type": "paragraph_text",
                    "content": "looking at objects closer to the eye, the ciliary muscles contract. This"
                },
                {
                    "type": "paragraph_text",
                    "content": "increases the curvature of the eye lens. The eye lens then becomes thicker."
                },
                {
                    "type": "paragraph_text",
                    "content": "Consequently, the focal length of the eye lens decreases. This enables"
                },
                {
                    "type": "paragraph_text",
                    "content": "us to see nearby objects clearly."
                },
                {
                    "type": "paragraph_text",
                    "content": "The ability of the eye lens to adjust its focal length is called"
                },
                {
                    "type": "paragraph_text",
                    "content": "accommodation. However, the focal length of the eye lens cannot be"
                },
                {
                    "type": "paragraph_text",
                    "content": "decreased below a certain minimum limit. Try to read a printed page by"
                },
                {
                    "type": "paragraph_text",
                    "content": "holding it very close to your eyes. You may see the image being blurred"
                },
                {
                    "type": "paragraph_text",
                    "content": "or feel strain in the eye. To see an object comfortably and distinctly, you"
                },
                {
                    "type": "paragraph_text",
                    "content": "must hold it at about 25 cm from the eyes. The minimum distance, at"
                },
                {
                    "type": "paragraph_text",
                    "content": "which objects can be seen most distinctly without strain, is called the"
                },
                {
                    "type": "paragraph_text",
                    "content": "least distance of distinct vision. It is also called the near point of the eye."
                },
                {
                    "type": "paragraph_text",
                    "content": "For a young adult with normal vision, the near point is about"
                },
                {
                    "type": "paragraph_text",
                    "content": "25 cm. The farthest point upto which the eye can see objects clearly is"
                },
                {
                    "type": "paragraph_text",
                    "content": "called the far point of the eye. It is infinity for a normal eye. You may note"
                },
                {
                    "type": "paragraph_text",
                    "content": "here a normal eye can see objects clearly that are between 25 cm and"
                },
                {
                    "type": "paragraph_text",
                    "content": "infinity."
                },
                {
                    "type": "paragraph_text",
                    "content": "Sometimes, the crystalline lens of people at old age becomes milky and"
                },
                {
                    "type": "paragraph_text",
                    "content": "cloudy. This condition is called cataract. This causes partial or complete"
                },
                {
                    "type": "paragraph_text",
                    "content": "loss of vision. It is possible to restore vision through a cataract surgery."
                }
            ]
        },
        {
            "section_title": "1111100000.....22222 DDDDDEEEEEFFFFFEEEEECCCCCTTTTTSSSSS OOOOOFFFFF VVVVVIIIIISSSSSIIIIIOOOOONNNNN AAAAANNNNNDDDDD TTTTTHHHHHEEEEEIIIIIRRRRR CCCCCOOOOORRRRRRRRRREEEEECCCCCTTTTTIIIIIOOOOONNNNN",
            "content_blocks": [
                {
                    "type": "paragraph_text",
                    "content": "Sometimes, the eye may gradually lose its power of accommodation."
                },
                {
                    "type": "paragraph_text",
                    "content": "In such conditions, the person cannot see the objects distinctly and"
                },
                {
                    "type": "paragraph_text",
                    "content": "comfortably. The vision becomes blurred due to the refractive defects"
                },
                {
                    "type": "paragraph_text",
                    "content": "of the eye."
                },
                {
                    "type": "paragraph_text",
                    "content": "There are mainly three common refractive defects of vision. These"
                },
                {
                    "type": "paragraph_text",
                    "content": "are (i) myopia or near-sightedness, (ii) Hypermetropia or far-"
                },
                {
                    "type": "paragraph_text",
                    "content": "sightedness, and (iii) Presbyopia. These defects can be corrected by"
                },
                {
                    "type": "paragraph_text",
                    "content": "the use of suitable spherical lenses. We discuss below these defects"
                },
                {
                    "type": "paragraph_text",
                    "content": "and their correction."
                },
                {
                    "type": "paragraph_text",
                    "content": "162 Science"
                },
                {
                    "type": "paragraph_text",
                    "content": "Reprint 2025-26"
                },
                {
                    "type": "paragraph_text",
                    "content": "(a) Myopia"
                },
                {
                    "type": "paragraph_text",
                    "content": "Myopia is also known as near-"
                },
                {
                    "type": "paragraph_text",
                    "content": "sightedness. A person with myopia"
                },
                {
                    "type": "paragraph_text",
                    "content": "can see nearby objects clearly but"
                },
                {
                    "type": "paragraph_text",
                    "content": "cannot see distant objects distinctly."
                },
                {
                    "type": "paragraph_text",
                    "content": "A person with this defect has the far"
                },
                {
                    "type": "paragraph_text",
                    "content": "point nearer than infinity. Such a"
                },
                {
                    "type": "paragraph_text",
                    "content": "person may see clearly upto a"
                },
                {
                    "type": "paragraph_text",
                    "content": "distance of a few metres. In a myopic"
                },
                {
                    "type": "paragraph_text",
                    "content": "eye, the image of a distant object is"
                },
                {
                    "type": "paragraph_text",
                    "content": "formed in front of the retina [Fig."
                },
                {
                    "type": "paragraph_text",
                    "content": "10.2 (b)] and not at the retina itself."
                },
                {
                    "type": "paragraph_text",
                    "content": "This defect may arise due to (i)"
                },
                {
                    "type": "paragraph_text",
                    "content": "excessive curvature of the eye lens,"
                },
                {
                    "type": "paragraph_text",
                    "content": "or (ii) elongation of the eyeball. This"
                },
                {
                    "type": "paragraph_text",
                    "content": "defect can be corrected by using a"
                },
                {
                    "type": "paragraph_text",
                    "content": "concave lens of suitable power. This"
                },
                {
                    "type": "paragraph_text",
                    "content": "FFFFFiiiiiggggguuuuurrrrreeeee 1111100000.....22222"
                },
                {
                    "type": "paragraph_text",
                    "content": "is illustrated in Fig. 10.2 (c). A"
                },
                {
                    "type": "paragraph_text",
                    "content": "(a), (b) The myopic eye, and (c) correction for myopia with a"
                },
                {
                    "type": "paragraph_text",
                    "content": "concave lens of suitable power will"
                },
                {
                    "type": "paragraph_text",
                    "content": "concave lens"
                },
                {
                    "type": "paragraph_text",
                    "content": "bring the image back on to the"
                },
                {
                    "type": "paragraph_text",
                    "content": "retina and thus the defect is corrected."
                },
                {
                    "type": "paragraph_text",
                    "content": "(b) Hypermetropia"
                },
                {
                    "type": "paragraph_text",
                    "content": "Hypermetropia is also known as far-sightedness."
                },
                {
                    "type": "paragraph_text",
                    "content": "A person with hypermetropia can see distant"
                },
                {
                    "type": "paragraph_text",
                    "content": "objects clearly but cannot see nearby objects"
                },
                {
                    "type": "paragraph_text",
                    "content": "distinctly. The near point, for the person, is farther"
                },
                {
                    "type": "paragraph_text",
                    "content": "away from the normal near point (25 cm). Such a"
                },
                {
                    "type": "paragraph_text",
                    "content": "person has to keep a reading material much"
                },
                {
                    "type": "paragraph_text",
                    "content": "beyond 25 cm from the eye for comfortable"
                },
                {
                    "type": "paragraph_text",
                    "content": "reading. This is because the light rays from a"
                },
                {
                    "type": "paragraph_text",
                    "content": "closeby object are focussed at a point behind the"
                },
                {
                    "type": "paragraph_text",
                    "content": "retina as shown in Fig. 10.3 (b). This defect arises"
                },
                {
                    "type": "paragraph_text",
                    "content": "either because (i) the focal length of the eye lens is"
                },
                {
                    "type": "paragraph_text",
                    "content": "too long, or (ii) the eyeball has become too small."
                },
                {
                    "type": "paragraph_text",
                    "content": "This defect can be corrected by using a convex"
                },
                {
                    "type": "paragraph_text",
                    "content": "lens of appropriate power. This is illustrated in"
                },
                {
                    "type": "paragraph_text",
                    "content": "Fig. 10.3 (c). Eye-glasses with converging lenses"
                },
                {
                    "type": "paragraph_text",
                    "content": "provide the additional focussing power required"
                },
                {
                    "type": "paragraph_text",
                    "content": "for forming the image on the retina."
                },
                {
                    "type": "paragraph_text",
                    "content": "(c) Presbyopia"
                },
                {
                    "type": "paragraph_text",
                    "content": "FFFFFiiiiiggggguuuuurrrrreeeee 1111100000.....33333"
                },
                {
                    "type": "paragraph_text",
                    "content": "The power of accommodation of the eye usually"
                },
                {
                    "type": "paragraph_text",
                    "content": "(a), (b) The hypermetropic eye, and (c)"
                },
                {
                    "type": "paragraph_text",
                    "content": "decreases with ageing. For most people, the near"
                },
                {
                    "type": "paragraph_text",
                    "content": "correction for hypermetropia"
                },
                {
                    "type": "paragraph_text",
                    "content": "point gradually recedes away. They find it difficult"
                },
                {
                    "type": "paragraph_text",
                    "content": "N = Near point of a"
                },
                {
                    "type": "paragraph_text",
                    "content": "to see nearby objects comfortably and distinctly hypermetropic eye."
                },
                {
                    "type": "paragraph_text",
                    "content": "without corrective eye-glasses. This defect is N\u2019 = Near point of a"
                },
                {
                    "type": "paragraph_text",
                    "content": "called Presbyopia. It arises due to the gradual normal eye."
                },
                {
                    "type": "paragraph_text",
                    "content": "The Human Eye and the Colourful World 163"
                },
                {
                    "type": "paragraph_text",
                    "content": "Reprint 2025-26"
                },
                {
                    "type": "table",
                    "content": [
                        [
                            "Q U E S T I O N S"
                        ],
                        [
                            "1. What is meant by power of accommodation of the eye?\n?\n2. A person with a myopic eye cannot see objects beyond 1.2 m distinctly.\nWhat should be the type of the corrective lens used to restore proper\nvision?\n3. What is the far point and near point of the human eye with normal\nvision?\n4. A student has difficulty reading the blackboard while sitting in the last\nrow. What could be the defect the child is suffering from? How can it be\ncorrected?"
                        ]
                    ]
                },
                {
                    "type": "table",
                    "content": [
                        [
                            "",
                            ""
                        ]
                    ]
                },
                {
                    "type": "paragraph_text",
                    "content": "weakening of the ciliary muscles and diminishing flexibility of the"
                },
                {
                    "type": "paragraph_text",
                    "content": "eye lens. Sometimes, a person may suffer from both myopia and"
                },
                {
                    "type": "paragraph_text",
                    "content": "hypermetropia. Such people often require bi-focal lenses. A common"
                },
                {
                    "type": "paragraph_text",
                    "content": "type of bi-focal lenses consists of both concave and convex lenses."
                },
                {
                    "type": "paragraph_text",
                    "content": "The upper portion consists of a concave lens. It facilitates distant"
                },
                {
                    "type": "paragraph_text",
                    "content": "vision. The lower part is a convex lens. It facilitates near vision."
                },
                {
                    "type": "paragraph_text",
                    "content": "These days, it is possible to correct the refractive defects with"
                },
                {
                    "type": "paragraph_text",
                    "content": "contact lenses or through surgical interventions."
                }
            ]
        },
        {
            "section_title": "Q U E S T I O N S",
            "content_blocks": [
                {
                    "type": "paragraph_text",
                    "content": "1. What is meant by power of accommodation of the eye?"
                }
            ]
        },
        {
            "section_title": "?",
            "content_blocks": [
                {
                    "type": "paragraph_text",
                    "content": "2. A person with a myopic eye cannot see objects beyond 1.2 m distinctly."
                },
                {
                    "type": "paragraph_text",
                    "content": "What should be the type of the corrective lens used to restore proper"
                },
                {
                    "type": "paragraph_text",
                    "content": "vision?"
                },
                {
                    "type": "paragraph_text",
                    "content": "3. What is the far point and near point of the human eye with normal"
                },
                {
                    "type": "paragraph_text",
                    "content": "vision?"
                },
                {
                    "type": "paragraph_text",
                    "content": "4. A student has difficulty reading the blackboard while sitting in the last"
                },
                {
                    "type": "paragraph_text",
                    "content": "row. What could be the defect the child is suffering from? How can it be"
                },
                {
                    "type": "paragraph_text",
                    "content": "corrected?"
                },
                {
                    "type": "paragraph_text",
                    "content": "Think it over"
                },
                {
                    "type": "paragraph_text",
                    "content": "You talk of wondrous things you see,"
                },
                {
                    "type": "paragraph_text",
                    "content": "You say the sun shines bright;"
                },
                {
                    "type": "paragraph_text",
                    "content": "I feel him warm, but how can he"
                },
                {
                    "type": "paragraph_text",
                    "content": "Or make it day or night?"
                },
                {
                    "type": "paragraph_text",
                    "content": "\u2013 C. CIBBER"
                },
                {
                    "type": "paragraph_text",
                    "content": "Do you know that our eyes can live even after our death? By donating our eyes after we"
                },
                {
                    "type": "paragraph_text",
                    "content": "die, we can light the life of a blind person."
                },
                {
                    "type": "paragraph_text",
                    "content": "About 35 million people in the developing world are blind and most of them can be"
                },
                {
                    "type": "paragraph_text",
                    "content": "cured. About 4.5 million people with corneal blindness can be cured through corneal"
                },
                {
                    "type": "paragraph_text",
                    "content": "transplantation of donated eyes. Out of these 4.5 million, 60% are children below the"
                },
                {
                    "type": "paragraph_text",
                    "content": "age of 12. So, if we have got the gift of vision, why not pass it on to somebody who does"
                },
                {
                    "type": "paragraph_text",
                    "content": "not have it? What do we have to keep in mind when eyes have to be donated?"
                },
                {
                    "type": "paragraph_text",
                    "content": "n Eye donors can belong to any age group or sex. People who use spectacles, or those"
                },
                {
                    "type": "paragraph_text",
                    "content": "operated for cataract, can still donate the eyes. People who are diabetic, have"
                },
                {
                    "type": "paragraph_text",
                    "content": "hypertension, asthma patients and those without communicable diseases can also"
                },
                {
                    "type": "paragraph_text",
                    "content": "donate eyes."
                },
                {
                    "type": "paragraph_text",
                    "content": "164 Science"
                },
                {
                    "type": "paragraph_text",
                    "content": "Reprint 2025-26"
                },
                {
                    "type": "table",
                    "content": [
                        [
                            ""
                        ],
                        [
                            "n Eyes must be removed within 4-6 hours after death. Inform the nearest eye bank\nimmediately.\nn The eye bank team will remove the eyes at the home of the deceased or at a hospital.\nn Eye removal takes only 10-15 minutes. It is a simple process and does not lead to\nany disfigurement.\nn Persons who were infected with or died because of AIDS, Hepatitis B or C, rabies,\nacute leukaemia, tetanus, cholera, meningitis or encephalitis cannot donate eyes.\nAn eye bank collects, evaluates and distributes the donated eyes. All eyes donated are\nevaluated using strict medical standards. Those donated eyes found unsuitable for\ntransplantation are used for valuable research and medical education. The identities\nof both the donor and the recipient remain confidential.\nOne pair of eyes gives vision to up to FOUR CORNEAL BLIND PEOPLE."
                        ]
                    ]
                },
                {
                    "type": "paragraph_text",
                    "content": "n Eyes must be removed within 4-6 hours after death. Inform the nearest eye bank"
                },
                {
                    "type": "paragraph_text",
                    "content": "immediately."
                },
                {
                    "type": "paragraph_text",
                    "content": "n The eye bank team will remove the eyes at the home of the deceased or at a hospital."
                },
                {
                    "type": "paragraph_text",
                    "content": "n Eye removal takes only 10-15 minutes. It is a simple process and does not lead to"
                },
                {
                    "type": "paragraph_text",
                    "content": "any disfigurement."
                },
                {
                    "type": "paragraph_text",
                    "content": "n Persons who were infected with or died because of AIDS, Hepatitis B or C, rabies,"
                },
                {
                    "type": "paragraph_text",
                    "content": "acute leukaemia, tetanus, cholera, meningitis or encephalitis cannot donate eyes."
                },
                {
                    "type": "paragraph_text",
                    "content": "An eye bank collects, evaluates and distributes the donated eyes. All eyes donated are"
                },
                {
                    "type": "paragraph_text",
                    "content": "evaluated using strict medical standards. Those donated eyes found unsuitable for"
                },
                {
                    "type": "paragraph_text",
                    "content": "transplantation are used for valuable research and medical education. The identities"
                },
                {
                    "type": "paragraph_text",
                    "content": "of both the donor and the recipient remain confidential."
                },
                {
                    "type": "paragraph_text",
                    "content": "One pair of eyes gives vision to up to FOUR CORNEAL BLIND PEOPLE."
                }
            ]
        },
        {
            "section_title": "1111100000.....33333 RRRRREEEEEFFFFFRRRRRAAAAACCCCCTTTTTIIIIIOOOOONNNNN OOOOOFFFFF LLLLLIIIIIGGGGGHHHHHTTTTT TTTTTHHHHHRRRRROOOOOUUUUUGGGGGHHHHH AAAAA PPPPPRRRRRIIIIISSSSSMMMMM",
            "content_blocks": [
                {
                    "type": "paragraph_text",
                    "content": "You have learnt how light gets refracted through a rectangular glass"
                },
                {
                    "type": "paragraph_text",
                    "content": "slab. For parallel refracting surfaces, as in a glass slab, the emergent ray"
                },
                {
                    "type": "paragraph_text",
                    "content": "is parallel to the incident ray. However, it is slightly displaced laterally."
                },
                {
                    "type": "paragraph_text",
                    "content": "How would light get refracted through a transparent prism? Consider a"
                },
                {
                    "type": "paragraph_text",
                    "content": "triangular glass prism. It has two triangular bases and three rectangular"
                },
                {
                    "type": "paragraph_text",
                    "content": "lateral surfaces. These surfaces are inclined to each other. The angle"
                },
                {
                    "type": "paragraph_text",
                    "content": "between its two lateral faces is called the angle of the prism. Let us now"
                },
                {
                    "type": "paragraph_text",
                    "content": "do an activity to study the refraction of light through a triangular glass"
                },
                {
                    "type": "paragraph_text",
                    "content": "prism."
                }
            ]
        },
        {
            "section_title": "AAAAAccccctttttiiiiivvvvviiiiitttttyyyyy 1111100000.....11111",
            "content_blocks": [
                {
                    "type": "paragraph_text",
                    "content": "n Fix a sheet of white paper on a drawing board using drawing pins."
                },
                {
                    "type": "paragraph_text",
                    "content": "n Place a glass prism on it in such a way that it rests on its triangular"
                },
                {
                    "type": "paragraph_text",
                    "content": "base. Trace the outline of the prism using a pencil."
                },
                {
                    "type": "paragraph_text",
                    "content": "n Draw a straight line PE inclined to one of the refracting surfaces,"
                },
                {
                    "type": "paragraph_text",
                    "content": "say AB, of the prism."
                },
                {
                    "type": "paragraph_text",
                    "content": "n Fix two pins, say at points P and Q, on the line PE as shown in"
                },
                {
                    "type": "paragraph_text",
                    "content": "Fig. 10.4."
                },
                {
                    "type": "paragraph_text",
                    "content": "n Look for the images of the pins, fixed at P and Q, through the"
                },
                {
                    "type": "paragraph_text",
                    "content": "other face AC."
                },
                {
                    "type": "paragraph_text",
                    "content": "n Fix two more pins, at points R and S, such that the pins at R and"
                },
                {
                    "type": "paragraph_text",
                    "content": "S and the images of the pins at P and Q lie on the same straight"
                },
                {
                    "type": "paragraph_text",
                    "content": "line."
                },
                {
                    "type": "paragraph_text",
                    "content": "n Remove the pins and the glass prism."
                },
                {
                    "type": "paragraph_text",
                    "content": "n The line PE meets the boundary of the prism at point E"
                },
                {
                    "type": "paragraph_text",
                    "content": "(see Fig. 10.4). Similarly, join and produce the points R and S. Let"
                },
                {
                    "type": "paragraph_text",
                    "content": "these lines meet the boundary of the prism at E and F, respectively."
                },
                {
                    "type": "paragraph_text",
                    "content": "Join E and F."
                },
                {
                    "type": "paragraph_text",
                    "content": "n Draw perpendiculars to the refracting surfaces AB and AC of the"
                },
                {
                    "type": "paragraph_text",
                    "content": "prism at points E and F, respectively."
                },
                {
                    "type": "paragraph_text",
                    "content": "n Mark the angle of incidence (\u2220i), the angle of refraction (\u2220r) and"
                },
                {
                    "type": "paragraph_text",
                    "content": "the angle of emergence (\u2220e) as shown in Fig. 10.4."
                },
                {
                    "type": "paragraph_text",
                    "content": "The Human Eye and the Colourful World 165"
                },
                {
                    "type": "paragraph_text",
                    "content": "Reprint 2025-26"
                },
                {
                    "type": "paragraph_text",
                    "content": "PE \u2013 Incident ray \u2220i \u2013 Angle of incidence"
                },
                {
                    "type": "paragraph_text",
                    "content": "EF \u2013 Refracted ray \u2220r \u2013 Angle of refraction"
                },
                {
                    "type": "paragraph_text",
                    "content": "FS \u2013 Emergent ray \u2220e \u2013 Angle of emergence"
                },
                {
                    "type": "paragraph_text",
                    "content": "\u2220A \u2013 Angle of the prism \u2220D \u2013 Angle of deviation"
                },
                {
                    "type": "paragraph_text",
                    "content": "FFFFFiiiiiggggguuuuurrrrreeeee 1111100000.....44444 Refraction of light through a triangular glass prism"
                },
                {
                    "type": "paragraph_text",
                    "content": "Here PE is the incident ray, EF is the refracted ray and FS is the"
                },
                {
                    "type": "paragraph_text",
                    "content": "emergent ray. You may note that a ray of light is entering from air to"
                },
                {
                    "type": "paragraph_text",
                    "content": "glass at the first surface AB. The light ray on refraction has bent towards"
                },
                {
                    "type": "paragraph_text",
                    "content": "the normal. At the second surface AC, the light ray has entered from"
                },
                {
                    "type": "paragraph_text",
                    "content": "glass to air. Hence it has bent away from normal. Compare the angle of"
                },
                {
                    "type": "paragraph_text",
                    "content": "incidence and the angle of refraction at each refracting surface of the"
                },
                {
                    "type": "paragraph_text",
                    "content": "prism. Is this similar to the kind of bending that occurs in a glass slab?"
                },
                {
                    "type": "paragraph_text",
                    "content": "The peculiar shape of the prism makes the emergent ray bend at an"
                },
                {
                    "type": "paragraph_text",
                    "content": "angle to the direction of the incident ray. This angle is called the angle of"
                },
                {
                    "type": "paragraph_text",
                    "content": "deviation. In this case \u2220D is the angle of deviation. Mark the angle of"
                },
                {
                    "type": "paragraph_text",
                    "content": "deviation in the above activity and measure it."
                }
            ]
        },
        {
            "section_title": "1111100000.....44444 DDDDDIIIIISSSSSPPPPPEEEEERRRRRSSSSSIIIIIOOOOONNNNN OOOOOFFFFF WWWWWHHHHHIIIIITTTTTEEEEE LLLLLIIIIIGGGGGHHHHHTTTTT BBBBBYYYYY AAAAA GGGGGLLLLLAAAAASSSSSSSSSS PPPPPRRRRRIIIIISSSSSMMMMM",
            "content_blocks": [
                {
                    "type": "paragraph_text",
                    "content": "You must have seen and appreciated the spectacular colours in a rainbow."
                },
                {
                    "type": "paragraph_text",
                    "content": "How could the white light of the Sun give us various colours of the"
                },
                {
                    "type": "paragraph_text",
                    "content": "rainbow? Before we take up this question, we shall first go back to the"
                },
                {
                    "type": "paragraph_text",
                    "content": "refraction of light through a prism. The inclined refracting surfaces of a"
                },
                {
                    "type": "paragraph_text",
                    "content": "glass prism show exciting phenomenon. Let us find it out through an"
                },
                {
                    "type": "paragraph_text",
                    "content": "activity."
                }
            ]
        },
        {
            "section_title": "AAAAAccccctttttiiiiivvvvviiiiitttttyyyyy 1111100000.....22222",
            "content_blocks": [
                {
                    "type": "paragraph_text",
                    "content": "n Take a thick sheet of cardboard and make a small hole or narrow"
                },
                {
                    "type": "paragraph_text",
                    "content": "slit in its middle."
                },
                {
                    "type": "paragraph_text",
                    "content": "n Allow sunlight to fall on the narrow slit. This gives a narrow beam"
                },
                {
                    "type": "paragraph_text",
                    "content": "of white light."
                },
                {
                    "type": "paragraph_text",
                    "content": "n Now, take a glass prism and allow the light from the slit to fall on"
                },
                {
                    "type": "paragraph_text",
                    "content": "one of its faces as shown in Fig. 10.5."
                },
                {
                    "type": "paragraph_text",
                    "content": "n Turn the prism slowly until the light that comes out of it appears"
                },
                {
                    "type": "paragraph_text",
                    "content": "on a nearby screen."
                },
                {
                    "type": "paragraph_text",
                    "content": "n What do you observe? You will find a beautiful band of colours."
                },
                {
                    "type": "paragraph_text",
                    "content": "Why does this happen?"
                },
                {
                    "type": "paragraph_text",
                    "content": "166 Science"
                },
                {
                    "type": "paragraph_text",
                    "content": "Reprint 2025-26"
                },
                {
                    "type": "paragraph_text",
                    "content": "The prism has probably split the incident"
                },
                {
                    "type": "paragraph_text",
                    "content": "white light into a band of colours. Note the"
                },
                {
                    "type": "paragraph_text",
                    "content": "colours that appear at the two ends of the"
                },
                {
                    "type": "paragraph_text",
                    "content": "colour band. What is the sequence of colours"
                },
                {
                    "type": "paragraph_text",
                    "content": "that you see on the screen? The various"
                },
                {
                    "type": "paragraph_text",
                    "content": "colours seen are Violet, Indigo, Blue, Green,"
                },
                {
                    "type": "paragraph_text",
                    "content": "Yellow, Orange and Red, as shown in"
                },
                {
                    "type": "paragraph_text",
                    "content": "Fig. 10.5. The acronym VIBGYOR will help"
                },
                {
                    "type": "paragraph_text",
                    "content": "you to remember the sequence of colours."
                },
                {
                    "type": "paragraph_text",
                    "content": "The band of the coloured components of a"
                },
                {
                    "type": "paragraph_text",
                    "content": "light beam is called its spectrum. You might FFFFFiiiiiggggguuuuurrrrreeeee 1111100000.....55555 Dispersion of white light by the glass prism"
                },
                {
                    "type": "paragraph_text",
                    "content": "not be able to see all the colours separately."
                },
                {
                    "type": "paragraph_text",
                    "content": "Yet something makes each colour distinct from the other. The splitting"
                },
                {
                    "type": "paragraph_text",
                    "content": "of light into its component colours is called dispersion."
                },
                {
                    "type": "paragraph_text",
                    "content": "You have seen that white light is dispersed"
                },
                {
                    "type": "paragraph_text",
                    "content": "into its seven-colour components by a prism."
                },
                {
                    "type": "paragraph_text",
                    "content": "Why do we get these colours? Different colours"
                },
                {
                    "type": "paragraph_text",
                    "content": "of light bend through different angles with"
                },
                {
                    "type": "paragraph_text",
                    "content": "respect to the incident ray, as they pass"
                },
                {
                    "type": "paragraph_text",
                    "content": "through a prism. The red light bends the least"
                },
                {
                    "type": "paragraph_text",
                    "content": "while the violet the most. Thus the rays of each"
                },
                {
                    "type": "paragraph_text",
                    "content": "colour emerge along different paths and thus FFFFFiiiiiggggguuuuurrrrreeeee 1111100000.....66666 Recombination of the spectrum of"
                },
                {
                    "type": "paragraph_text",
                    "content": "become distinct. It is the band of distinct white light"
                },
                {
                    "type": "paragraph_text",
                    "content": "colours that we see in a spectrum."
                },
                {
                    "type": "paragraph_text",
                    "content": "Isaac Newton was the first to use a glass prism to obtain"
                },
                {
                    "type": "paragraph_text",
                    "content": "the spectrum of sunlight. He tried to split the colours of"
                },
                {
                    "type": "paragraph_text",
                    "content": "the spectrum of white light further by using another similar"
                },
                {
                    "type": "paragraph_text",
                    "content": "prism. However, he could not get any more colours. He"
                },
                {
                    "type": "paragraph_text",
                    "content": "then placed a second identical prism in an inverted position"
                },
                {
                    "type": "paragraph_text",
                    "content": "with respect to the first prism, as shown in Fig. 10.6. This"
                },
                {
                    "type": "paragraph_text",
                    "content": "allowed all the colours of the spectrum to pass through"
                },
                {
                    "type": "paragraph_text",
                    "content": "the second prism. He found a beam of white light emerging"
                },
                {
                    "type": "paragraph_text",
                    "content": "from the other side of the second prism. This observation"
                },
                {
                    "type": "paragraph_text",
                    "content": "gave Newton the idea that the sunlight is made up of seven"
                },
                {
                    "type": "paragraph_text",
                    "content": "colours."
                },
                {
                    "type": "paragraph_text",
                    "content": "Any light that gives a spectrum similar to that of"
                },
                {
                    "type": "paragraph_text",
                    "content": "FFFFFiiiiiggggguuuuurrrrreeeee 1111100000.....77777 Rainbow in the sky"
                },
                {
                    "type": "paragraph_text",
                    "content": "sunlight is often referred to as white light."
                },
                {
                    "type": "paragraph_text",
                    "content": "A rainbow is a natural spectrum appearing in the sky"
                },
                {
                    "type": "paragraph_text",
                    "content": "after a rain shower (Fig. 10.7). It is caused by dispersion Raindrop"
                },
                {
                    "type": "paragraph_text",
                    "content": "of sunlight by tiny water droplets, present in the"
                },
                {
                    "type": "paragraph_text",
                    "content": "Sunlight"
                },
                {
                    "type": "paragraph_text",
                    "content": "atmosphere. A rainbow is always formed in a direction"
                },
                {
                    "type": "paragraph_text",
                    "content": "opposite to that of the Sun. The water droplets act like"
                },
                {
                    "type": "paragraph_text",
                    "content": "small prisms. They refract and disperse the incident"
                },
                {
                    "type": "paragraph_text",
                    "content": "sunlight, then reflect it internally, and finally refract it"
                },
                {
                    "type": "paragraph_text",
                    "content": "again when it comes out of the raindrop (Fig. 10.8). Due"
                },
                {
                    "type": "paragraph_text",
                    "content": "to the dispersion of light and internal reflection, different"
                },
                {
                    "type": "paragraph_text",
                    "content": "colours reach the observer\u2019s eye."
                },
                {
                    "type": "paragraph_text",
                    "content": "You can also see a rainbow on a sunny day when"
                },
                {
                    "type": "paragraph_text",
                    "content": "you look at the sky through a waterfall or through a water"
                },
                {
                    "type": "paragraph_text",
                    "content": "fountain, with the Sun behind you."
                },
                {
                    "type": "paragraph_text",
                    "content": "FFFFFiiiiiggggguuuuurrrrreeeee 1111100000.....88888 Rainbow formation"
                },
                {
                    "type": "paragraph_text",
                    "content": "The Human Eye and the Colourful World 167"
                },
                {
                    "type": "paragraph_text",
                    "content": "Reprint 2025-26"
                }
            ]
        },
        {
            "section_title": "10.5 ATMOSPHERIC REFRACTION",
            "content_blocks": [
                {
                    "type": "paragraph_text",
                    "content": "You might have observed the apparent random wavering or"
                },
                {
                    "type": "paragraph_text",
                    "content": "flickering of objects seen through a turbulent stream of hot air"
                },
                {
                    "type": "paragraph_text",
                    "content": "rising above a fire or a radiator. The air just above the fire becomes"
                },
                {
                    "type": "paragraph_text",
                    "content": "hotter than the air further up. The hotter air is lighter (less dense)"
                },
                {
                    "type": "paragraph_text",
                    "content": "than the cooler air above it, and has a refractive index slightly"
                },
                {
                    "type": "paragraph_text",
                    "content": "less than that of the cooler air. Since the physical conditions of"
                },
                {
                    "type": "paragraph_text",
                    "content": "the refracting medium (air) are not stationary, the apparent"
                },
                {
                    "type": "paragraph_text",
                    "content": "position of the object, as seen through the hot air, fluctuates."
                },
                {
                    "type": "paragraph_text",
                    "content": "This wavering is thus an effect of atmospheric refraction (refraction"
                },
                {
                    "type": "paragraph_text",
                    "content": "of light by the earth\u2019s atmosphere) on a small scale in our local"
                },
                {
                    "type": "paragraph_text",
                    "content": "FFFFFiiiiiggggguuuuurrrrreeeee 1111100000.....99999"
                },
                {
                    "type": "paragraph_text",
                    "content": "environment. The twinkling of stars is a similar phenomenon on"
                },
                {
                    "type": "paragraph_text",
                    "content": "Apparent star position"
                },
                {
                    "type": "paragraph_text",
                    "content": "a much larger scale. Let us see how we can explain it."
                },
                {
                    "type": "paragraph_text",
                    "content": "due to atmospheric"
                },
                {
                    "type": "paragraph_text",
                    "content": "refraction"
                },
                {
                    "type": "paragraph_text",
                    "content": "Twinkling of stars"
                },
                {
                    "type": "paragraph_text",
                    "content": "The twinkling of a star is due to atmospheric refraction of starlight. The"
                },
                {
                    "type": "paragraph_text",
                    "content": "starlight, on entering the earth\u2019s atmosphere, undergoes refraction"
                },
                {
                    "type": "paragraph_text",
                    "content": "continuously before it reaches the earth. The atmospheric refraction"
                },
                {
                    "type": "paragraph_text",
                    "content": "occurs in a medium of gradually changing refractive index. Since the"
                },
                {
                    "type": "paragraph_text",
                    "content": "atmosphere bends starlight towards the normal, the apparent position"
                },
                {
                    "type": "paragraph_text",
                    "content": "of the star is slightly different from its actual position. The star appears"
                },
                {
                    "type": "paragraph_text",
                    "content": "slightly higher (above) than its actual position when viewed near the"
                },
                {
                    "type": "paragraph_text",
                    "content": "horizon (Fig. 10.9). Further, this apparent position of the star is not"
                },
                {
                    "type": "paragraph_text",
                    "content": "stationary, but keeps on changing slightly, since the physical conditions"
                },
                {
                    "type": "paragraph_text",
                    "content": "of the earth\u2019s atmosphere are not stationary, as was the case in the"
                },
                {
                    "type": "paragraph_text",
                    "content": "previous paragraph. Since the stars are very distant, they approximate"
                },
                {
                    "type": "paragraph_text",
                    "content": "point-sized sources of light. As the path of rays of light coming from"
                },
                {
                    "type": "paragraph_text",
                    "content": "the star goes on varying slightly, the apparent position of the star"
                },
                {
                    "type": "paragraph_text",
                    "content": "fluctuates and the amount of starlight entering the eye flickers \u2013 the"
                },
                {
                    "type": "paragraph_text",
                    "content": "star sometimes appears brighter, and at some other time, fainter, which"
                },
                {
                    "type": "paragraph_text",
                    "content": "is the twinkling effect."
                },
                {
                    "type": "paragraph_text",
                    "content": "Why don\u2019t the planets twinkle? The planets are much"
                },
                {
                    "type": "paragraph_text",
                    "content": "closer to the earth, and are thus seen as extended sources."
                },
                {
                    "type": "paragraph_text",
                    "content": "If we consider a planet as a collection of a large number"
                },
                {
                    "type": "paragraph_text",
                    "content": "of point-sized sources of light, the total variation in the"
                },
                {
                    "type": "paragraph_text",
                    "content": "amount of light entering our eye from all the individual"
                },
                {
                    "type": "paragraph_text",
                    "content": "point-sized sources will average out to zero, thereby"
                },
                {
                    "type": "paragraph_text",
                    "content": "nullifying the twinkling effect."
                },
                {
                    "type": "paragraph_text",
                    "content": "Advance sunrise and delayed sunset"
                },
                {
                    "type": "paragraph_text",
                    "content": "The Sun is visible to us about 2 minutes before the actual"
                },
                {
                    "type": "paragraph_text",
                    "content": "sunrise, and about 2 minutes after the actual sunset"
                },
                {
                    "type": "paragraph_text",
                    "content": "because of atmospheric refraction. By actual sunrise, we"
                },
                {
                    "type": "paragraph_text",
                    "content": "mean the actual crossing of the horizon by the Sun. Fig."
                },
                {
                    "type": "paragraph_text",
                    "content": "10.10 shows the actual and apparent positions of the"
                },
                {
                    "type": "paragraph_text",
                    "content": "FFFFFiiiiiggggguuuuurrrrreeeee 1111100000.....1111100000 Sun with respect to the horizon. The time difference"
                },
                {
                    "type": "paragraph_text",
                    "content": "Atmospheric refraction between actual sunset and the apparent sunset is about"
                },
                {
                    "type": "paragraph_text",
                    "content": "effects at sunrise and 2 minutes. The apparent flattening of the Sun\u2019s disc at"
                },
                {
                    "type": "paragraph_text",
                    "content": "sunset"
                },
                {
                    "type": "paragraph_text",
                    "content": "sunrise and sunset is also due to the same phenomenon."
                },
                {
                    "type": "paragraph_text",
                    "content": "168 Science"
                },
                {
                    "type": "paragraph_text",
                    "content": "Reprint 2025-26"
                }
            ]
        },
        {
            "section_title": "10.6 SCATTERING OF LIGHT",
            "content_blocks": [
                {
                    "type": "paragraph_text",
                    "content": "The interplay of light with objects around us gives rise to several"
                },
                {
                    "type": "paragraph_text",
                    "content": "spectacular phenomena in nature. The blue colour of the sky, colour of"
                },
                {
                    "type": "paragraph_text",
                    "content": "water in deep sea, the reddening of the sun at sunrise and the sunset"
                },
                {
                    "type": "paragraph_text",
                    "content": "are some of the wonderful phenomena we are familiar with. In the previous"
                },
                {
                    "type": "paragraph_text",
                    "content": "class, you have learnt about the scattering of light by colloidal particles."
                },
                {
                    "type": "paragraph_text",
                    "content": "The path of a beam of light passing through a true solution is not visible."
                },
                {
                    "type": "paragraph_text",
                    "content": "However, its path becomes visible through a colloidal solution where the"
                },
                {
                    "type": "paragraph_text",
                    "content": "size of the particles is relatively larger."
                }
            ]
        },
        {
            "section_title": "10.6.1 Tyndall Effect",
            "content_blocks": [
                {
                    "type": "paragraph_text",
                    "content": "The earth\u2019s atmosphere is a heterogeneous mixture of minute particles."
                },
                {
                    "type": "paragraph_text",
                    "content": "These particles include smoke, tiny water droplets, suspended particles"
                },
                {
                    "type": "paragraph_text",
                    "content": "of dust and molecules of air. When a beam of light strikes such fine"
                },
                {
                    "type": "paragraph_text",
                    "content": "particles, the path of the beam becomes visible. The light reaches us,"
                },
                {
                    "type": "paragraph_text",
                    "content": "after being reflected diffusely by these particles. The phenomenon of"
                },
                {
                    "type": "paragraph_text",
                    "content": "scattering of light by the colloidal particles gives rise to Tyndall effect"
                },
                {
                    "type": "paragraph_text",
                    "content": "which you have studied in Class IX. This phenomenon is seen when a"
                },
                {
                    "type": "paragraph_text",
                    "content": "fine beam of sunlight enters a smoke-filled room through a small hole."
                },
                {
                    "type": "paragraph_text",
                    "content": "Thus, scattering of light makes the particles visible. Tyndall effect can"
                },
                {
                    "type": "paragraph_text",
                    "content": "also be observed when sunlight passes through a canopy of a dense"
                },
                {
                    "type": "paragraph_text",
                    "content": "forest. Here, tiny water droplets in the mist scatter light."
                },
                {
                    "type": "paragraph_text",
                    "content": "The colour of the scattered light depends on the size of the scattering"
                },
                {
                    "type": "paragraph_text",
                    "content": "particles. Very fine particles scatter mainly blue light while particles of"
                },
                {
                    "type": "paragraph_text",
                    "content": "larger size scatter light of longer wavelengths. If the size of the scattering"
                },
                {
                    "type": "paragraph_text",
                    "content": "particles is large enough, then, the scattered light may even appear"
                },
                {
                    "type": "paragraph_text",
                    "content": "white."
                }
            ]
        },
        {
            "section_title": "10.6.2 Why is the colour of the clear Sky Blue?",
            "content_blocks": [
                {
                    "type": "paragraph_text",
                    "content": "The molecules of air and other fine particles in the atmosphere have size"
                },
                {
                    "type": "paragraph_text",
                    "content": "smaller than the wavelength of visible light. These are more effective in"
                },
                {
                    "type": "paragraph_text",
                    "content": "scattering light of shorter wavelengths at the blue end than light of longer"
                },
                {
                    "type": "paragraph_text",
                    "content": "wavelengths at the red end. The red light has a wavelength about 1.8"
                },
                {
                    "type": "paragraph_text",
                    "content": "times greater than blue light. Thus, when sunlight passes through the"
                },
                {
                    "type": "paragraph_text",
                    "content": "atmosphere, the fine particles in air scatter the blue colour (shorter"
                },
                {
                    "type": "paragraph_text",
                    "content": "wavelengths) more strongly than red. The scattered blue light enters"
                },
                {
                    "type": "paragraph_text",
                    "content": "our eyes. If the earth had no atmosphere, there would not have been"
                },
                {
                    "type": "paragraph_text",
                    "content": "any scattering. Then, the sky would have looked dark. The sky appears"
                },
                {
                    "type": "paragraph_text",
                    "content": "dark to passengers flying at very high altitudes, as scattering is not"
                },
                {
                    "type": "paragraph_text",
                    "content": "prominent at such heights."
                },
                {
                    "type": "paragraph_text",
                    "content": "You might have observed that \u2018danger\u2019 signal lights are red in colour."
                },
                {
                    "type": "paragraph_text",
                    "content": "Do you know why? The red is least scattered by fog or smoke. Therefore,"
                },
                {
                    "type": "paragraph_text",
                    "content": "it can be seen in the same colour at a distance."
                },
                {
                    "type": "paragraph_text",
                    "content": "The Human Eye and the Colourful World 169"
                },
                {
                    "type": "paragraph_text",
                    "content": "Reprint 2025-26"
                }
            ]
        },
        {
            "section_title": "What you have learnt",
            "content_blocks": [
                {
                    "type": "paragraph_text",
                    "content": "n The ability of the eye to focus on both near and distant objects, by adjusting its"
                },
                {
                    "type": "paragraph_text",
                    "content": "focal length, is called the accommodation of the eye."
                },
                {
                    "type": "paragraph_text",
                    "content": "n The smallest distance, at which the eye can see objects clearly without strain, is"
                },
                {
                    "type": "paragraph_text",
                    "content": "called the near point of the eye or the least distance of distinct vision. For a young"
                },
                {
                    "type": "paragraph_text",
                    "content": "adult with normal vision, it is about 25 cm."
                },
                {
                    "type": "paragraph_text",
                    "content": "n The common refractive defects of vision include myopia, hypermetropia and"
                },
                {
                    "type": "paragraph_text",
                    "content": "presbyopia. Myopia (short-sightedness \u2013 the image of distant objects is focussed"
                },
                {
                    "type": "paragraph_text",
                    "content": "before the retina) is corrected by using a concave lens of suitable power."
                },
                {
                    "type": "paragraph_text",
                    "content": "Hypermetropia (far-sightedness \u2013 the image of nearby objects is focussed beyond"
                },
                {
                    "type": "paragraph_text",
                    "content": "the retina) is corrected by using a convex lens of suitable power. The eye loses its"
                },
                {
                    "type": "paragraph_text",
                    "content": "power of accommodation at old age."
                },
                {
                    "type": "paragraph_text",
                    "content": "n The splitting of white light into its component colours is called dispersion."
                },
                {
                    "type": "paragraph_text",
                    "content": "n Scattering of light causes the blue colour of sky."
                }
            ]
        },
        {
            "section_title": "E X E R C I S E S",
            "content_blocks": [
                {
                    "type": "paragraph_text",
                    "content": "1. The human eye can focus on objects at different distances by adjusting the focal"
                },
                {
                    "type": "paragraph_text",
                    "content": "length of the eye lens. This is due to"
                },
                {
                    "type": "paragraph_text",
                    "content": "(a) presbyopia. (b) accommodation."
                },
                {
                    "type": "paragraph_text",
                    "content": "(c) near-sightedness. (d) far-sightedness."
                },
                {
                    "type": "paragraph_text",
                    "content": "2. The human eye forms the image of an object at its"
                },
                {
                    "type": "paragraph_text",
                    "content": "(a) cornea. (b) iris. (c) pupil. (d) retina."
                },
                {
                    "type": "paragraph_text",
                    "content": "3. The least distance of distinct vision for a young adult with normal vision is about"
                },
                {
                    "type": "paragraph_text",
                    "content": "(a) 25 m. (b) 2.5 cm. (c) 25 cm. (d) 2.5 m."
                },
                {
                    "type": "paragraph_text",
                    "content": "4. The change in focal length of an eye lens is caused by the action of the"
                },
                {
                    "type": "paragraph_text",
                    "content": "(a) pupil. (b) retina. (c) ciliary muscles. (d) iris."
                },
                {
                    "type": "paragraph_text",
                    "content": "5. A person needs a lens of power \u20135.5 dioptres for correcting his distant vision. For"
                },
                {
                    "type": "paragraph_text",
                    "content": "correcting his near vision he needs a lens of power +1.5 dioptre. What is the focal"
                },
                {
                    "type": "paragraph_text",
                    "content": "length of the lens required for correcting (i) distant vision, and (ii) near vision?"
                },
                {
                    "type": "paragraph_text",
                    "content": "6. The far point of a myopic person is 80 cm in front of the eye. What is the nature and"
                },
                {
                    "type": "paragraph_text",
                    "content": "power of the lens required to correct the problem?"
                },
                {
                    "type": "paragraph_text",
                    "content": "7. Make a diagram to show how hypermetropia is corrected. The near point of a"
                },
                {
                    "type": "paragraph_text",
                    "content": "hypermetropic eye is 1 m. What is the power of the lens required to correct this"
                },
                {
                    "type": "paragraph_text",
                    "content": "defect? Assume that the near point of the normal eye is 25 cm."
                },
                {
                    "type": "paragraph_text",
                    "content": "8. Why is a normal eye not able to see clearly the objects placed closer than 25 cm?"
                },
                {
                    "type": "paragraph_text",
                    "content": "9. What happens to the image distance in the eye when we increase the distance of an"
                },
                {
                    "type": "paragraph_text",
                    "content": "object from the eye?"
                },
                {
                    "type": "paragraph_text",
                    "content": "10. Why do stars twinkle?"
                },
                {
                    "type": "paragraph_text",
                    "content": "11. Explain why the planets do not twinkle."
                },
                {
                    "type": "paragraph_text",
                    "content": "12. Why does the sky appear dark instead of blue to an astronaut?"
                },
                {
                    "type": "paragraph_text",
                    "content": "170 Science"
                },
                {
                    "type": "paragraph_text",
                    "content": "Reprint 2025-26"
                }
            ]
        }
    ]
}