{
    "book": "Science",
    "chapter": "ch12",
    "sections": [
        {
            "section_title": "Introduction",
            "content_blocks": [
                {
                    "type": "table",
                    "content": [
                        [
                            "Hans Christian Oersted (1777\u20131851)"
                        ],
                        [
                            "Hans Christian Oersted, one of the leading scientists of the 19th\ncentury, played a crucial role in understanding electromagnetism. In\n1820 he accidentally discovered that a compass needle got deflected\nwhen an electric current passed through a metallic wire placed nearby.\nThrough this observation Oersted showed that electricity and\nmagnetism were related phenomena. His research later created\ntechnologies such as the radio, television and fiber optics. The unit of\nmagnetic field strength is named the oersted in his honor."
                        ]
                    ]
                }
            ]
        },
        {
            "section_title": "Electric Current",
            "content_blocks": [
                {
                    "type": "paragraph_text",
                    "content": "In the previous Chapter on \u2018Electricity\u2019 we learnt about the heating"
                },
                {
                    "type": "paragraph_text",
                    "content": "effects of electric current. What could be the other effects of electric"
                },
                {
                    "type": "paragraph_text",
                    "content": "current? We know that an electric current-carrying wire behaves like a"
                },
                {
                    "type": "paragraph_text",
                    "content": "magnet. Let us perform the following Activity to reinforce it."
                },
                {
                    "type": "paragraph_text",
                    "content": "Resistor"
                }
            ]
        },
        {
            "section_title": "AAAAAccccctttttiiiiivvvvviiiiitttttyyyyy 1111122222.....11111",
            "content_blocks": [
                {
                    "type": "paragraph_text",
                    "content": "Long straight"
                },
                {
                    "type": "paragraph_text",
                    "content": "conductor"
                },
                {
                    "type": "paragraph_text",
                    "content": "n Take a straight thick copper wire and place it"
                },
                {
                    "type": "paragraph_text",
                    "content": "between the points X and Y in an electric circuit,"
                },
                {
                    "type": "paragraph_text",
                    "content": "as shown in Fig. 12.1. The wire XY is kept"
                },
                {
                    "type": "paragraph_text",
                    "content": "perpendicular to the plane of paper."
                },
                {
                    "type": "paragraph_text",
                    "content": "n Horizontally place a small compass near to this"
                },
                {
                    "type": "paragraph_text",
                    "content": "copper wire. See the position of its needle."
                },
                {
                    "type": "paragraph_text",
                    "content": "n Pass the current through the circuit by"
                },
                {
                    "type": "paragraph_text",
                    "content": "inserting the key into the plug. FFFFFiiiiiggggguuuuurrrrreeeee 1111122222.....11111"
                },
                {
                    "type": "paragraph_text",
                    "content": "n Observe the change in the position of the Compass needle is deflected on passing an electric"
                },
                {
                    "type": "paragraph_text",
                    "content": "compass needle. current through a metallic conductor"
                },
                {
                    "type": "paragraph_text",
                    "content": "We see that the needle is deflected. What does it mean? It means that"
                },
                {
                    "type": "paragraph_text",
                    "content": "the electric current through the copper wire has produced a magnetic"
                },
                {
                    "type": "paragraph_text",
                    "content": "effect. Thus we can say that electricity and magnetism are linked to each"
                },
                {
                    "type": "paragraph_text",
                    "content": "other. Then, what about the reverse possibility of an electric effect of"
                },
                {
                    "type": "paragraph_text",
                    "content": "moving magnets? In this Chapter we will study magnetic fields and such"
                },
                {
                    "type": "paragraph_text",
                    "content": "electromagnetic effects. We shall also study about electromagnets which"
                },
                {
                    "type": "paragraph_text",
                    "content": "involve the magnetic effect of electric current."
                },
                {
                    "type": "paragraph_text",
                    "content": "Hans Christian Oersted (1777\u20131851)"
                },
                {
                    "type": "paragraph_text",
                    "content": "Hans Christian Oersted, one of the leading scientists of the 19th"
                },
                {
                    "type": "paragraph_text",
                    "content": "century, played a crucial role in understanding electromagnetism. In"
                },
                {
                    "type": "paragraph_text",
                    "content": "1820 he accidentally discovered that a compass needle got deflected"
                },
                {
                    "type": "paragraph_text",
                    "content": "when an electric current passed through a metallic wire placed nearby."
                },
                {
                    "type": "paragraph_text",
                    "content": "Through this observation Oersted showed that electricity and"
                },
                {
                    "type": "paragraph_text",
                    "content": "magnetism were related phenomena. His research later created"
                },
                {
                    "type": "paragraph_text",
                    "content": "technologies such as the radio, television and fiber optics. The unit of"
                },
                {
                    "type": "paragraph_text",
                    "content": "magnetic field strength is named the oersted in his honor."
                },
                {
                    "type": "paragraph_text",
                    "content": "Reprint 2025-26"
                },
                {
                    "type": "table",
                    "content": [
                        [
                            "Q U E S T I O N"
                        ],
                        [
                            "?\n1. Why does a compass needle get deflected when brought near\na bar magnet?"
                        ]
                    ]
                },
                {
                    "type": "table",
                    "content": [
                        [
                            "",
                            ""
                        ]
                    ]
                }
            ]
        },
        {
            "section_title": "1111122222.....11111 MMMMMAAAAAGGGGGNNNNNEEEEETTTTTIIIIICCCCC FFFFFIIIIIEEEEELLLLLDDDDD AAAAANNNNNDDDDD FFFFFIIIIIEEEEELLLLLDDDDD LLLLLIIIIINNNNNEEEEESSSSS",
            "content_blocks": [
                {
                    "type": "paragraph_text",
                    "content": "We are familiar with the fact that a compass needle gets deflected when"
                },
                {
                    "type": "paragraph_text",
                    "content": "brought near a bar magnet. A compass needle is, in fact, a small bar"
                },
                {
                    "type": "paragraph_text",
                    "content": "magnet. The ends of the compass needle point approximately towards"
                },
                {
                    "type": "paragraph_text",
                    "content": "north and south directions. The end pointing towards north is called north"
                },
                {
                    "type": "paragraph_text",
                    "content": "seeking or north pole. The other end that points towards south is called"
                },
                {
                    "type": "paragraph_text",
                    "content": "south seeking or south pole. Through various activities we have observed"
                },
                {
                    "type": "paragraph_text",
                    "content": "that like poles repel, while unlike poles of magnets attract each other."
                }
            ]
        },
        {
            "section_title": "?",
            "content_blocks": [
                {
                    "type": "paragraph_text",
                    "content": "1. Why does a compass needle get deflected when brought near"
                },
                {
                    "type": "paragraph_text",
                    "content": "a bar magnet?"
                }
            ]
        },
        {
            "section_title": "AAAAAccccctttttiiiiivvvvviiiiitttttyyyyy 1111122222.....22222",
            "content_blocks": [
                {
                    "type": "paragraph_text",
                    "content": "n Fix a sheet of white paper on a drawing"
                },
                {
                    "type": "paragraph_text",
                    "content": "board using some adhesive material."
                },
                {
                    "type": "paragraph_text",
                    "content": "n Place a bar magnet in the centre of it."
                },
                {
                    "type": "paragraph_text",
                    "content": "n Sprinkle some iron filings uniformly"
                },
                {
                    "type": "paragraph_text",
                    "content": "around the bar magnet (Fig. 12.2). A"
                },
                {
                    "type": "paragraph_text",
                    "content": "salt-sprinkler may be used for this"
                },
                {
                    "type": "paragraph_text",
                    "content": "purpose."
                },
                {
                    "type": "paragraph_text",
                    "content": "n Now tap the board gently."
                },
                {
                    "type": "paragraph_text",
                    "content": "FFFFFiiiiiggggguuuuurrrrreeeee 1111122222.....22222"
                },
                {
                    "type": "paragraph_text",
                    "content": "n What do you observe?"
                },
                {
                    "type": "paragraph_text",
                    "content": "Iron filings near the bar magnet align"
                },
                {
                    "type": "paragraph_text",
                    "content": "themselves along the field lines."
                },
                {
                    "type": "paragraph_text",
                    "content": "The iron filings arrange themselves in a pattern as shown"
                },
                {
                    "type": "paragraph_text",
                    "content": "Fig. 12.2. Why do the iron filings arrange in such a pattern? What does"
                },
                {
                    "type": "paragraph_text",
                    "content": "this pattern demonstrate? The magnet exerts its influence in the region"
                },
                {
                    "type": "paragraph_text",
                    "content": "surrounding it. Therefore the iron filings experience a force. The force"
                },
                {
                    "type": "paragraph_text",
                    "content": "thus exerted makes iron filings to arrange in a pattern. The region"
                },
                {
                    "type": "paragraph_text",
                    "content": "surrounding a magnet, in which the force of the magnet can be detected,"
                },
                {
                    "type": "paragraph_text",
                    "content": "is said to have a magnetic field. The lines along which the iron filings"
                },
                {
                    "type": "paragraph_text",
                    "content": "align themselves represent magnetic field lines."
                },
                {
                    "type": "paragraph_text",
                    "content": "Are there other ways of obtaining magnetic field lines around a bar"
                },
                {
                    "type": "paragraph_text",
                    "content": "magnet? Yes, you can yourself draw the field lines of a bar magnet."
                }
            ]
        },
        {
            "section_title": "AAAAAccccctttttiiiiivvvvviiiiitttttyyyyy 1111122222.....33333",
            "content_blocks": [
                {
                    "type": "paragraph_text",
                    "content": "n Take a small compass and a bar magnet."
                },
                {
                    "type": "paragraph_text",
                    "content": "n Place the magnet on a sheet of white paper fixed on a drawing"
                },
                {
                    "type": "paragraph_text",
                    "content": "board, using some adhesive material."
                },
                {
                    "type": "paragraph_text",
                    "content": "n Mark the boundary of the magnet."
                },
                {
                    "type": "paragraph_text",
                    "content": "n Place the compass near the north pole of the magnet. How does"
                },
                {
                    "type": "paragraph_text",
                    "content": "it behave? The south pole of the needle points towards the north"
                },
                {
                    "type": "paragraph_text",
                    "content": "pole of the magnet. The north pole of the compass is directed"
                },
                {
                    "type": "paragraph_text",
                    "content": "away from the north pole of the magnet."
                },
                {
                    "type": "paragraph_text",
                    "content": "196 Science"
                },
                {
                    "type": "paragraph_text",
                    "content": "Reprint 2025-26"
                },
                {
                    "type": "paragraph_text",
                    "content": "n Mark the position of two ends of the needle."
                },
                {
                    "type": "paragraph_text",
                    "content": "n Now move the needle to a new position"
                },
                {
                    "type": "paragraph_text",
                    "content": "such that its south pole occupies the"
                },
                {
                    "type": "paragraph_text",
                    "content": "position previously occupied by its north"
                },
                {
                    "type": "paragraph_text",
                    "content": "pole."
                },
                {
                    "type": "paragraph_text",
                    "content": "n In this way, proceed step by step till you"
                },
                {
                    "type": "paragraph_text",
                    "content": "reach the south pole of the magnet as"
                },
                {
                    "type": "paragraph_text",
                    "content": "shown in Fig. 12.3."
                },
                {
                    "type": "paragraph_text",
                    "content": "FFFFFiiiiiggggguuuuurrrrreeeee 1111122222.....33333"
                },
                {
                    "type": "paragraph_text",
                    "content": "n Join the points marked on the paper by a"
                },
                {
                    "type": "paragraph_text",
                    "content": "Drawing a magnetic field line with the help of a"
                },
                {
                    "type": "paragraph_text",
                    "content": "smooth curve. This curve represents compass needle"
                },
                {
                    "type": "paragraph_text",
                    "content": "a field line."
                },
                {
                    "type": "paragraph_text",
                    "content": "n Repeat the above procedure and draw as"
                },
                {
                    "type": "paragraph_text",
                    "content": "many lines as you can. You will get a"
                },
                {
                    "type": "paragraph_text",
                    "content": "pattern shown in Fig. 12.4. These lines"
                },
                {
                    "type": "paragraph_text",
                    "content": "represent the magnetic field around the"
                },
                {
                    "type": "paragraph_text",
                    "content": "magnet. These are known as magnetic"
                },
                {
                    "type": "paragraph_text",
                    "content": "field lines."
                },
                {
                    "type": "paragraph_text",
                    "content": "n Observe the deflection in the compass"
                },
                {
                    "type": "paragraph_text",
                    "content": "needle as you move it along a field line."
                },
                {
                    "type": "paragraph_text",
                    "content": "The deflection increases as the needle is"
                },
                {
                    "type": "paragraph_text",
                    "content": "moved towards the poles."
                },
                {
                    "type": "paragraph_text",
                    "content": "FFFFFiiiiiggggguuuuurrrrreeeee 1111122222.....44444"
                },
                {
                    "type": "paragraph_text",
                    "content": "Field lines around a bar magnet"
                },
                {
                    "type": "paragraph_text",
                    "content": "Magnetic field is a quantity that has both direction and magnitude."
                },
                {
                    "type": "paragraph_text",
                    "content": "The direction of the magnetic field is taken to be the direction in which a"
                },
                {
                    "type": "paragraph_text",
                    "content": "north pole of the compass needle moves inside it. Therefore it is taken"
                },
                {
                    "type": "paragraph_text",
                    "content": "by convention that the field lines emerge from north pole and merge at"
                },
                {
                    "type": "paragraph_text",
                    "content": "the south pole (note the arrows marked on the field lines in Fig. 12.4)."
                },
                {
                    "type": "paragraph_text",
                    "content": "Inside the magnet, the direction of field lines is from its south pole to its"
                },
                {
                    "type": "paragraph_text",
                    "content": "north pole. Thus the magnetic field lines are closed curves."
                },
                {
                    "type": "paragraph_text",
                    "content": "The relative strength of the magnetic field is shown by the degree of"
                },
                {
                    "type": "paragraph_text",
                    "content": "closeness of the field lines. The field is stronger, that is, the force acting"
                },
                {
                    "type": "paragraph_text",
                    "content": "on the pole of another magnet placed is greater where the field lines are"
                },
                {
                    "type": "paragraph_text",
                    "content": "crowded (see Fig. 12.4)."
                },
                {
                    "type": "paragraph_text",
                    "content": "No two field-lines are found to cross each other. If they did, it would"
                },
                {
                    "type": "paragraph_text",
                    "content": "mean that at the point of intersection, the compass needle would point"
                },
                {
                    "type": "paragraph_text",
                    "content": "towards two directions, which is not possible."
                }
            ]
        },
        {
            "section_title": "CCCCCOOOOONNNNNDDDDDUUUUUCCCCCTTTTTOOOOORRRRR",
            "content_blocks": [
                {
                    "type": "paragraph_text",
                    "content": "In Activity 12.1, we have seen that an electric current through a"
                },
                {
                    "type": "paragraph_text",
                    "content": "metallic conductor produces a magnetic field around it. In order to"
                },
                {
                    "type": "paragraph_text",
                    "content": "find the direction of the field produced let us repeat the activity in the"
                },
                {
                    "type": "paragraph_text",
                    "content": "following way \u2013"
                },
                {
                    "type": "paragraph_text",
                    "content": "Magnetic Effects of Electric Current 197"
                },
                {
                    "type": "paragraph_text",
                    "content": "Reprint 2025-26"
                }
            ]
        },
        {
            "section_title": "AAAAAccccctttttiiiiivvvvviiiiitttttyyyyy 1111122222.....44444",
            "content_blocks": [
                {
                    "type": "paragraph_text",
                    "content": "n Take a long straight copper wire, two or three cells of 1.5 V each, and a plug key. Connect"
                },
                {
                    "type": "paragraph_text",
                    "content": "all of them in series as shown in Fig. 12.5 (a)."
                },
                {
                    "type": "paragraph_text",
                    "content": "n Place the straight wire parallel to and over a compass needle."
                },
                {
                    "type": "paragraph_text",
                    "content": "n Plug the key in the circuit."
                },
                {
                    "type": "paragraph_text",
                    "content": "n Observe the direction of deflection of the north pole of the needle. If the current flows from"
                },
                {
                    "type": "paragraph_text",
                    "content": "north to south, as shown in Fig. 12.5 (a), the north pole of the compass needle would move"
                },
                {
                    "type": "paragraph_text",
                    "content": "towards the east."
                },
                {
                    "type": "paragraph_text",
                    "content": "n Replace the cell connections in the circuit as shown in Fig. 12.5 (b). This would result in"
                },
                {
                    "type": "paragraph_text",
                    "content": "the change of the direction of current through the copper wire, that is, from south to"
                },
                {
                    "type": "paragraph_text",
                    "content": "north."
                },
                {
                    "type": "paragraph_text",
                    "content": "n Observe the change in the direction of deflection of the needle. You will see that now the"
                },
                {
                    "type": "paragraph_text",
                    "content": "needle moves in opposite direction, that is, towards the west [Fig. 12.5 (b)]. It means that"
                },
                {
                    "type": "paragraph_text",
                    "content": "the direction of magnetic field produced by the electric current is also reversed."
                },
                {
                    "type": "paragraph_text",
                    "content": "(a) (b)"
                },
                {
                    "type": "paragraph_text",
                    "content": "FFFFFiiiiiggggguuuuurrrrreeeee 1111122222.....55555A simple electric circuit in which a straight copper wire is placed parallel to and over a compass"
                },
                {
                    "type": "paragraph_text",
                    "content": "needle. The deflection in the needle becomes opposite when the direction of the current is reversed."
                }
            ]
        },
        {
            "section_title": "Conductor",
            "content_blocks": [
                {
                    "type": "paragraph_text",
                    "content": "What determines the pattern of the magnetic field generated by a current"
                },
                {
                    "type": "paragraph_text",
                    "content": "through a conductor? Does the pattern depend on the shape of the"
                },
                {
                    "type": "paragraph_text",
                    "content": "conductor? We shall investigate this with an activity."
                },
                {
                    "type": "paragraph_text",
                    "content": "We shall first consider the pattern of the magnetic field around a"
                },
                {
                    "type": "paragraph_text",
                    "content": "straight conductor carrying current."
                }
            ]
        },
        {
            "section_title": "AAAAAccccctttttiiiiivvvvviiiiitttttyyyyy 1111122222.....55555",
            "content_blocks": [
                {
                    "type": "paragraph_text",
                    "content": "n Take a battery (12 V), a variable resistance (or a rheostat), an"
                },
                {
                    "type": "paragraph_text",
                    "content": "ammeter (0\u20135 A), a plug key, connecting wires and a long straight"
                },
                {
                    "type": "paragraph_text",
                    "content": "thick copper wire."
                },
                {
                    "type": "paragraph_text",
                    "content": "n Insert the thick wire through the centre, normal to the plane of a"
                },
                {
                    "type": "paragraph_text",
                    "content": "rectangular cardboard. Take care that the cardboard is fixed and"
                },
                {
                    "type": "paragraph_text",
                    "content": "does not slide up or down."
                },
                {
                    "type": "paragraph_text",
                    "content": "198 Science"
                },
                {
                    "type": "paragraph_text",
                    "content": "Reprint 2025-26"
                },
                {
                    "type": "paragraph_text",
                    "content": "Variable"
                },
                {
                    "type": "paragraph_text",
                    "content": "n Connect the copper wire vertically between the resistance"
                },
                {
                    "type": "paragraph_text",
                    "content": "points X and Y, as shown in Fig. 12.6 (a), in"
                },
                {
                    "type": "paragraph_text",
                    "content": "series with the battery, a plug and key."
                },
                {
                    "type": "paragraph_text",
                    "content": "n Sprinkle some iron filings uniformly on the"
                },
                {
                    "type": "paragraph_text",
                    "content": "cardboard. (You may use a salt sprinkler for this"
                },
                {
                    "type": "paragraph_text",
                    "content": "purpose.)"
                },
                {
                    "type": "paragraph_text",
                    "content": "n Keep the variable of the rheostat at a fixed"
                },
                {
                    "type": "paragraph_text",
                    "content": "position and note the current through the"
                },
                {
                    "type": "paragraph_text",
                    "content": "ammeter."
                },
                {
                    "type": "paragraph_text",
                    "content": "n Close the key so that a current flows through"
                },
                {
                    "type": "paragraph_text",
                    "content": "the wire. Ensure that the copper wire placed"
                },
                {
                    "type": "paragraph_text",
                    "content": "between the points X and Y remains vertically"
                },
                {
                    "type": "paragraph_text",
                    "content": "straight. (a)"
                },
                {
                    "type": "paragraph_text",
                    "content": "n Gently tap the cardboard a few times. Observe"
                },
                {
                    "type": "paragraph_text",
                    "content": "the pattern of the iron filings. You would find"
                },
                {
                    "type": "paragraph_text",
                    "content": "that the iron filings align themselves showing"
                },
                {
                    "type": "paragraph_text",
                    "content": "a pattern of concentric circles around the"
                },
                {
                    "type": "paragraph_text",
                    "content": "copper wire (Fig. 12.6)."
                },
                {
                    "type": "paragraph_text",
                    "content": "n What do these concentric circles represent?"
                },
                {
                    "type": "paragraph_text",
                    "content": "They represent the magnetic field lines."
                },
                {
                    "type": "paragraph_text",
                    "content": "n How can the direction of the magnetic field be"
                },
                {
                    "type": "paragraph_text",
                    "content": "found? Place a compass at a point (say P) over"
                },
                {
                    "type": "paragraph_text",
                    "content": "a circle. Observe the direction of the needle. The"
                },
                {
                    "type": "paragraph_text",
                    "content": "direction of the north pole of the compass"
                },
                {
                    "type": "paragraph_text",
                    "content": "(b)"
                },
                {
                    "type": "paragraph_text",
                    "content": "needle would give the direction of the field lines"
                },
                {
                    "type": "paragraph_text",
                    "content": "FFFFFiiiiiggggguuuuurrrrreeeee 1111122222.....66666"
                },
                {
                    "type": "paragraph_text",
                    "content": "produced by the electric current through the"
                },
                {
                    "type": "paragraph_text",
                    "content": "(a) A pattern of concentric circles indicating"
                },
                {
                    "type": "paragraph_text",
                    "content": "straight wire at point P. Show the direction by"
                },
                {
                    "type": "paragraph_text",
                    "content": "the field lines of a magnetic field around a"
                },
                {
                    "type": "paragraph_text",
                    "content": "an arrow."
                },
                {
                    "type": "paragraph_text",
                    "content": "straight conducting wire. The arrows in the"
                },
                {
                    "type": "paragraph_text",
                    "content": "n Does the direction of magnetic field lines get"
                },
                {
                    "type": "paragraph_text",
                    "content": "circles show the direction of the field lines."
                },
                {
                    "type": "paragraph_text",
                    "content": "reversed if the direction of current through the"
                },
                {
                    "type": "paragraph_text",
                    "content": "(b) A close up of the pattern obtained."
                },
                {
                    "type": "paragraph_text",
                    "content": "straight copper wire is reversed? Check it."
                },
                {
                    "type": "paragraph_text",
                    "content": "What happens to the deflection of the compass needle placed at a"
                },
                {
                    "type": "paragraph_text",
                    "content": "given point if the current in the copper wire is changed? To see this, vary"
                },
                {
                    "type": "paragraph_text",
                    "content": "the current in the wire. We find that the deflection in the needle also"
                },
                {
                    "type": "paragraph_text",
                    "content": "changes. In fact, if the current is increased, the deflection also increases."
                },
                {
                    "type": "paragraph_text",
                    "content": "It indicates that the magnitude of the magnetic field produced at a given"
                },
                {
                    "type": "paragraph_text",
                    "content": "point increases as the current through the wire increases."
                },
                {
                    "type": "paragraph_text",
                    "content": "What happens to the deflection of the needle if the compass is moved"
                },
                {
                    "type": "paragraph_text",
                    "content": "away from the copper wire but the current through the wire remains the"
                },
                {
                    "type": "paragraph_text",
                    "content": "same? To see this, now place the compass at a farther point from the"
                },
                {
                    "type": "paragraph_text",
                    "content": "conducting wire (say at point Q). What change do you observe? We see"
                },
                {
                    "type": "paragraph_text",
                    "content": "that the deflection in the needle decreases. Thus the magnetic field"
                },
                {
                    "type": "paragraph_text",
                    "content": "produced by a given current in the conductor decreases as the distance"
                },
                {
                    "type": "paragraph_text",
                    "content": "from it increases. From Fig. 12.6, it can be noticed that the concentric"
                },
                {
                    "type": "paragraph_text",
                    "content": "circles representing the magnetic field around a current-carrying straight"
                },
                {
                    "type": "paragraph_text",
                    "content": "wire become larger and larger as we move away from it."
                }
            ]
        },
        {
            "section_title": "12.2.2 Right-Hand Thumb Rule",
            "content_blocks": [
                {
                    "type": "paragraph_text",
                    "content": "A convenient way of finding the direction of magnetic field associated"
                },
                {
                    "type": "paragraph_text",
                    "content": "with a current-carrying conductor is given in Fig. 12.7."
                },
                {
                    "type": "paragraph_text",
                    "content": "Magnetic Effects of Electric Current 199"
                },
                {
                    "type": "paragraph_text",
                    "content": "Reprint 2025-26"
                },
                {
                    "type": "table",
                    "content": [
                        [
                            "Q U E S T I O N S"
                        ],
                        [
                            "?\n1. Draw magnetic field lines around a bar magnet.\n2. List the properties of magnetic field lines.\n3. Why don\u2019t two magnetic field lines intersect each other?"
                        ]
                    ]
                },
                {
                    "type": "table",
                    "content": [
                        [
                            ""
                        ],
                        [
                            ""
                        ]
                    ]
                },
                {
                    "type": "paragraph_text",
                    "content": "Imagine that you are holding a current-carrying straight"
                },
                {
                    "type": "paragraph_text",
                    "content": "conductor in your right hand such that the thumb points towards"
                },
                {
                    "type": "paragraph_text",
                    "content": "the direction of current. Then your fingers will wrap around the"
                },
                {
                    "type": "paragraph_text",
                    "content": "conductor in the direction of the field lines of the magnetic field, as"
                },
                {
                    "type": "paragraph_text",
                    "content": "shown in Fig. 12.7. This is known as the right-hand thumb rule*."
                },
                {
                    "type": "paragraph_text",
                    "content": "Example 12.1"
                },
                {
                    "type": "paragraph_text",
                    "content": "A current through a horizontal power line flows in east to west"
                },
                {
                    "type": "paragraph_text",
                    "content": "FFFFFiiiiiggggguuuuurrrrreeeee 1111122222.....77777"
                },
                {
                    "type": "paragraph_text",
                    "content": "Right-hand thumb rule direction. What is the direction of magnetic field at a point directly"
                },
                {
                    "type": "paragraph_text",
                    "content": "below it and at a point directly above it?"
                },
                {
                    "type": "paragraph_text",
                    "content": "Solution"
                },
                {
                    "type": "paragraph_text",
                    "content": "The current is in the east-west direction. Applying the right-hand"
                },
                {
                    "type": "paragraph_text",
                    "content": "thumb rule, we get that the magnetic field (at any point below or"
                },
                {
                    "type": "paragraph_text",
                    "content": "above the wire) turns clockwise in a plane perpendicular to the wire,"
                },
                {
                    "type": "paragraph_text",
                    "content": "when viewed from the east end, and anti-clockwise, when viewed"
                },
                {
                    "type": "paragraph_text",
                    "content": "from the west end."
                }
            ]
        },
        {
            "section_title": "?",
            "content_blocks": [
                {
                    "type": "paragraph_text",
                    "content": "1. Draw magnetic field lines around a bar magnet."
                },
                {
                    "type": "paragraph_text",
                    "content": "2. List the properties of magnetic field lines."
                },
                {
                    "type": "paragraph_text",
                    "content": "3. Why don\u2019t two magnetic field lines intersect each other?"
                }
            ]
        },
        {
            "section_title": "Circular Loop",
            "content_blocks": [
                {
                    "type": "paragraph_text",
                    "content": "We have so far observed the pattern of the magnetic field lines"
                },
                {
                    "type": "paragraph_text",
                    "content": "produced around a current-carrying straight wire. Suppose"
                },
                {
                    "type": "paragraph_text",
                    "content": "this straight wire is bent in the form of a circular loop and a"
                },
                {
                    "type": "paragraph_text",
                    "content": "current is passed through it. How would the magnetic field"
                },
                {
                    "type": "paragraph_text",
                    "content": "lines look like? We know that the magnetic field produced"
                },
                {
                    "type": "paragraph_text",
                    "content": "by a current-carrying straight wire depends inversely on the"
                },
                {
                    "type": "paragraph_text",
                    "content": "distance from it. Similarly at every point of a current-carrying"
                },
                {
                    "type": "paragraph_text",
                    "content": "circular loop, the concentric circles representing the magnetic"
                },
                {
                    "type": "paragraph_text",
                    "content": "field around it would become larger and larger as we move"
                },
                {
                    "type": "paragraph_text",
                    "content": "away from the wire (Fig. 12.8). By the time we reach at the"
                },
                {
                    "type": "paragraph_text",
                    "content": "centre of the circular loop, the arcs of these big circles would"
                },
                {
                    "type": "paragraph_text",
                    "content": "FFFFFiiiiiggggguuuuurrrrreeeee 1111122222.....88888 appear as straight lines. Every point on the wire carrying"
                },
                {
                    "type": "paragraph_text",
                    "content": "Magnetic field lines of the field current would give rise to the magnetic field appearing as"
                },
                {
                    "type": "paragraph_text",
                    "content": "produced by a current-carrying"
                },
                {
                    "type": "paragraph_text",
                    "content": "straight lines at the center of the loop. By applying the right"
                },
                {
                    "type": "paragraph_text",
                    "content": "circular loop"
                },
                {
                    "type": "paragraph_text",
                    "content": "hand rule, it is easy to check that every section of the wire"
                },
                {
                    "type": "paragraph_text",
                    "content": "contributes to the magnetic field lines in the same direction"
                },
                {
                    "type": "paragraph_text",
                    "content": "within the loop."
                },
                {
                    "type": "paragraph_text",
                    "content": "* This rule is also called Maxwell\u2019s corkscrew rule. If we consider ourselves driving a"
                },
                {
                    "type": "paragraph_text",
                    "content": "corkscrew in the direction of the current, then the direction of the rotation of"
                },
                {
                    "type": "paragraph_text",
                    "content": "corkscrew is the direction of the magnetic field."
                },
                {
                    "type": "paragraph_text",
                    "content": "200 Science"
                },
                {
                    "type": "paragraph_text",
                    "content": "Reprint 2025-26"
                },
                {
                    "type": "table",
                    "content": [
                        [
                            ""
                        ],
                        [
                            ""
                        ]
                    ]
                },
                {
                    "type": "table",
                    "content": [
                        [
                            null,
                            "Magnetic Field\nmany circular turn\nn the shape of a cyli\nagnetic field lines a\nn Fig. 12.10. Comp\nc field around a b\nYes, they are simi\nas a magnetic north\nole. The field lines i\nstraight lines. This\ne at all points insi\ninside the solenoid\nong magnetic field\nmagnetise a piece\naced inside the coil (\nelectromagnet.",
                            null
                        ],
                        [
                            "Q",
                            "U E S",
                            "T I O N S"
                        ],
                        [
                            "1.\n2.",
                            "Consider a circular\nthe plane of the ta\npass through the lo\nthe right-hand ru\ndirection of the m\nand outside the loo\nThe magnetic field i\nuniform. Draw a dia",
                            "loop of wire lying in\n?\nble. Let the current\nop clockwise. Apply\nle to find out the\nagnetic field inside\np.\nn a given region is\ngram to represent it."
                        ]
                    ]
                },
                {
                    "type": "paragraph_text",
                    "content": "We know that the magnetic field produced by a current-carrying"
                },
                {
                    "type": "paragraph_text",
                    "content": "wire at a given point depends directly on the current passing through it."
                },
                {
                    "type": "paragraph_text",
                    "content": "Therefore, if there is a circular coil having n turns, the field produced is"
                },
                {
                    "type": "paragraph_text",
                    "content": "n times as large as that produced by a single turn. This is because the"
                },
                {
                    "type": "paragraph_text",
                    "content": "current in each circular turn has the same direction, and the field due to"
                },
                {
                    "type": "paragraph_text",
                    "content": "each turn then just adds up."
                }
            ]
        },
        {
            "section_title": "AAAAAccccctttttiiiiivvvvviiiiitttttyyyyy 1111122222.....66666",
            "content_blocks": [
                {
                    "type": "paragraph_text",
                    "content": "n Take a rectangular cardboard having two holes."
                },
                {
                    "type": "paragraph_text",
                    "content": "Insert a circular coil having large number of turns"
                },
                {
                    "type": "paragraph_text",
                    "content": "through them, normal to the plane of the cardboard."
                },
                {
                    "type": "paragraph_text",
                    "content": "n Connect the ends of the coil in series with a battery,"
                },
                {
                    "type": "paragraph_text",
                    "content": "a key and a rheostat, as shown in Fig. 12.9."
                },
                {
                    "type": "paragraph_text",
                    "content": "n Sprinkle iron filings uniformly on the cardboard."
                },
                {
                    "type": "paragraph_text",
                    "content": "n Plug the key."
                },
                {
                    "type": "paragraph_text",
                    "content": "n Tap the cardboard gently a few times. Note the"
                },
                {
                    "type": "paragraph_text",
                    "content": "FFFFFiiiiiggggguuuuurrrrreeeee 1111122222.....99999"
                },
                {
                    "type": "paragraph_text",
                    "content": "pattern of the iron filings that emerges on the"
                },
                {
                    "type": "paragraph_text",
                    "content": "Magnetic field produced by a current-"
                },
                {
                    "type": "paragraph_text",
                    "content": "cardboard."
                },
                {
                    "type": "paragraph_text",
                    "content": "carrying circular coil."
                }
            ]
        },
        {
            "section_title": "12.2.4 Magnetic Field due to a Current in a Solenoid",
            "content_blocks": [
                {
                    "type": "paragraph_text",
                    "content": "A coil of many circular turns of insulated copper wire wrapped"
                },
                {
                    "type": "paragraph_text",
                    "content": "closely in the shape of a cylinder is called a solenoid. The pattern"
                },
                {
                    "type": "paragraph_text",
                    "content": "of the magnetic field lines around a current-carrying solenoid is"
                },
                {
                    "type": "paragraph_text",
                    "content": "shown in Fig. 12.10. Compare the pattern of the field with the"
                },
                {
                    "type": "paragraph_text",
                    "content": "magnetic field around a bar magnet (Fig. 12.4). Do they look"
                },
                {
                    "type": "paragraph_text",
                    "content": "similar? Yes, they are similar. In fact, one end of the solenoid"
                },
                {
                    "type": "paragraph_text",
                    "content": "behaves as a magnetic north pole, while the other behaves as the"
                },
                {
                    "type": "paragraph_text",
                    "content": "south pole. The field lines inside the solenoid are in the form of FFFFFiiiiiggggguuuuurrrrreeeee 1111122222.....1111100000"
                },
                {
                    "type": "paragraph_text",
                    "content": "parallel straight lines. This indicates that the magnetic field is Field lines of the magnetic field"
                },
                {
                    "type": "paragraph_text",
                    "content": "through and around a current"
                },
                {
                    "type": "paragraph_text",
                    "content": "the same at all points inside the solenoid. That is, the field is"
                },
                {
                    "type": "paragraph_text",
                    "content": "carrying solenoid."
                },
                {
                    "type": "paragraph_text",
                    "content": "uniform inside the solenoid."
                },
                {
                    "type": "paragraph_text",
                    "content": "A strong magnetic field produced inside a solenoid can be"
                },
                {
                    "type": "paragraph_text",
                    "content": "used to magnetise a piece of magnetic material, like soft iron,"
                },
                {
                    "type": "paragraph_text",
                    "content": "when placed inside the coil (Fig. 12.11). The magnet so formed is"
                },
                {
                    "type": "paragraph_text",
                    "content": "called an electromagnet."
                }
            ]
        },
        {
            "section_title": "Q U E S T I O N S",
            "content_blocks": [
                {
                    "type": "paragraph_text",
                    "content": "FFFFFiiiiiggggguuuuurrrrreeeee 1111122222.....1111111111"
                },
                {
                    "type": "paragraph_text",
                    "content": "A current-carrying solenoid coil"
                },
                {
                    "type": "paragraph_text",
                    "content": "1. Consider a circular loop of wire lying in ? is used to magnetise steel rod"
                },
                {
                    "type": "paragraph_text",
                    "content": "the plane of the table. Let the current inside it \u2013 an electromagnet."
                },
                {
                    "type": "paragraph_text",
                    "content": "pass through the loop clockwise. Apply"
                },
                {
                    "type": "paragraph_text",
                    "content": "the right-hand rule to find out the"
                },
                {
                    "type": "paragraph_text",
                    "content": "direction of the magnetic field inside"
                },
                {
                    "type": "paragraph_text",
                    "content": "and outside the loop."
                },
                {
                    "type": "paragraph_text",
                    "content": "2. The magnetic field in a given region is"
                },
                {
                    "type": "paragraph_text",
                    "content": "uniform. Draw a diagram to represent it."
                },
                {
                    "type": "paragraph_text",
                    "content": "Magnetic Effects of Electric Current 201"
                },
                {
                    "type": "paragraph_text",
                    "content": "Reprint 2025-26"
                },
                {
                    "type": "table",
                    "content": [
                        [
                            ""
                        ],
                        [
                            "3. Choose the correct option.\nThe magnetic field inside a long straight solenoid-carrying current\n(a) is zero.\n(b) decreases as we move towards its end.\n(c) increases as we move towards its end.\n(d) is the same at all points."
                        ]
                    ]
                },
                {
                    "type": "paragraph_text",
                    "content": "3. Choose the correct option."
                },
                {
                    "type": "paragraph_text",
                    "content": "The magnetic field inside a long straight solenoid-carrying current"
                },
                {
                    "type": "paragraph_text",
                    "content": "(a) is zero."
                },
                {
                    "type": "paragraph_text",
                    "content": "(b) decreases as we move towards its end."
                },
                {
                    "type": "paragraph_text",
                    "content": "(c) increases as we move towards its end."
                },
                {
                    "type": "paragraph_text",
                    "content": "(d) is the same at all points."
                }
            ]
        },
        {
            "section_title": "IIIIINNNNN AAAAA MMMMMAAAAAGGGGGNNNNNEEEEETTTTTIIIIICCCCC FFFFFIIIIIEEEEELLLLLDDDDD",
            "content_blocks": [
                {
                    "type": "paragraph_text",
                    "content": "We have learnt that an electric current flowing through a conductor"
                },
                {
                    "type": "paragraph_text",
                    "content": "produces a magnetic field. The field so produced exerts a force on a"
                },
                {
                    "type": "paragraph_text",
                    "content": "magnet placed in the vicinity of the conductor. French scientist Andre"
                },
                {
                    "type": "paragraph_text",
                    "content": "Marie Ampere (1775\u20131836) suggested that the magnet must also exert"
                },
                {
                    "type": "paragraph_text",
                    "content": "an equal and opposite force on the current-carrying conductor. The force"
                },
                {
                    "type": "paragraph_text",
                    "content": "due to a magnetic field acting on a current-carrying conductor can be"
                },
                {
                    "type": "paragraph_text",
                    "content": "demonstrated through the following activity."
                }
            ]
        },
        {
            "section_title": "AAAAAccccctttttiiiiivvvvviiiiitttttyyyyy 1111122222.....77777",
            "content_blocks": [
                {
                    "type": "paragraph_text",
                    "content": "n Take a small aluminium rod AB (of about 5 cm). Using"
                },
                {
                    "type": "paragraph_text",
                    "content": "two connecting wires suspend it horizontally from a"
                },
                {
                    "type": "paragraph_text",
                    "content": "stand, as shown in Fig. 12.12."
                },
                {
                    "type": "paragraph_text",
                    "content": "n Place a strong horse-shoe magnet in such a way that"
                },
                {
                    "type": "paragraph_text",
                    "content": "the rod lies between the two poles with the magnetic"
                },
                {
                    "type": "paragraph_text",
                    "content": "field directed upwards. For this put the north pole of"
                },
                {
                    "type": "paragraph_text",
                    "content": "the magnet vertically below and south pole vertically"
                },
                {
                    "type": "paragraph_text",
                    "content": "above the aluminium rod (Fig. 12.12)."
                },
                {
                    "type": "paragraph_text",
                    "content": "n Connect the aluminium rod in series with a battery,"
                },
                {
                    "type": "paragraph_text",
                    "content": "a key and a rheostat."
                },
                {
                    "type": "paragraph_text",
                    "content": "n Now pass a current through the aluminium rod from"
                },
                {
                    "type": "paragraph_text",
                    "content": "end B to end A."
                },
                {
                    "type": "paragraph_text",
                    "content": "n What do you observe? It is observed that the rod is"
                },
                {
                    "type": "paragraph_text",
                    "content": "displaced towards the left. You will notice that the rod"
                },
                {
                    "type": "paragraph_text",
                    "content": "gets displaced."
                },
                {
                    "type": "paragraph_text",
                    "content": "n Reverse the direction of current flowing through the FFFFFiiiiiggggguuuuurrrrreeeee 1111122222.....1111122222"
                },
                {
                    "type": "paragraph_text",
                    "content": "rod and observe the direction of its displacement. It is A current-carrying rod, AB, experiences"
                },
                {
                    "type": "paragraph_text",
                    "content": "now towards the right. a force perpendicular to its length and"
                },
                {
                    "type": "paragraph_text",
                    "content": "Why does the rod get displaced? the magnetic field. Support for the"
                },
                {
                    "type": "paragraph_text",
                    "content": "magnet is not shown here, for simplicity."
                },
                {
                    "type": "paragraph_text",
                    "content": "The displacement of the rod in the above activity suggests that a"
                },
                {
                    "type": "paragraph_text",
                    "content": "force is exerted on the current-carrying aluminium rod when it is placed"
                },
                {
                    "type": "paragraph_text",
                    "content": "in a magnetic field. It also suggests that the direction of force is also"
                },
                {
                    "type": "paragraph_text",
                    "content": "reversed when the direction of current through the conductor is reversed."
                },
                {
                    "type": "paragraph_text",
                    "content": "Now change the direction of field to vertically downwards by"
                },
                {
                    "type": "paragraph_text",
                    "content": "interchanging the two poles of the magnet. It is once again observed that"
                },
                {
                    "type": "paragraph_text",
                    "content": "202 Science"
                },
                {
                    "type": "paragraph_text",
                    "content": "Reprint 2025-26"
                },
                {
                    "type": "table",
                    "content": [
                        [
                            ""
                        ],
                        [
                            ""
                        ]
                    ]
                },
                {
                    "type": "table",
                    "content": [
                        [
                            "Q U E S T I O N S"
                        ],
                        [
                            "?\n1. Which of the following property of a proton can change while it moves\nfreely in a magnetic field? (There may be more than one correct answer.)\n(a) mass (b) speed\n(c) velocity (d) momentum"
                        ],
                        [
                            ""
                        ]
                    ]
                },
                {
                    "type": "paragraph_text",
                    "content": "the direction of force acting on the current-carrying rod gets reversed. It"
                },
                {
                    "type": "paragraph_text",
                    "content": "shows that the direction of the force on the conductor depends upon the"
                },
                {
                    "type": "paragraph_text",
                    "content": "direction of current and the direction of the magnetic field. Experiments"
                },
                {
                    "type": "paragraph_text",
                    "content": "have shown that the displacement of the rod is largest (or the magnitude"
                },
                {
                    "type": "paragraph_text",
                    "content": "of the force is the highest) when the direction of current is at right angles"
                },
                {
                    "type": "paragraph_text",
                    "content": "to the direction of the magnetic field. In such a condition we can use a"
                },
                {
                    "type": "paragraph_text",
                    "content": "simple rule to find the direction of the force on the conductor."
                },
                {
                    "type": "paragraph_text",
                    "content": "In Activity 12.7, we considered the"
                },
                {
                    "type": "paragraph_text",
                    "content": "direction of the current and that of the magnetic"
                },
                {
                    "type": "paragraph_text",
                    "content": "field perpendicular to each other and found"
                },
                {
                    "type": "paragraph_text",
                    "content": "that the force is perpendicular to both of them."
                },
                {
                    "type": "paragraph_text",
                    "content": "The three directions can be illustrated through"
                },
                {
                    "type": "paragraph_text",
                    "content": "a simple rule, called Fleming\u2019s left-hand rule."
                },
                {
                    "type": "paragraph_text",
                    "content": "According to this rule, stretch the thumb,"
                },
                {
                    "type": "paragraph_text",
                    "content": "forefinger and middle finger of your left hand"
                },
                {
                    "type": "paragraph_text",
                    "content": "such that they are mutually perpendicular"
                },
                {
                    "type": "paragraph_text",
                    "content": "(Fig. 12.13). If the first finger points in the"
                },
                {
                    "type": "paragraph_text",
                    "content": "direction of magnetic field and the second"
                },
                {
                    "type": "paragraph_text",
                    "content": "finger in the direction of current, then the"
                },
                {
                    "type": "paragraph_text",
                    "content": "thumb will point in the direction of motion or FFFFFiiiiiggggguuuuurrrrreeeee 1111122222.....1111133333"
                },
                {
                    "type": "paragraph_text",
                    "content": "Fleming\u2019s left-hand rule"
                },
                {
                    "type": "paragraph_text",
                    "content": "the force acting on the conductor."
                },
                {
                    "type": "paragraph_text",
                    "content": "Devices that use current-carrying conductors and magnetic fields"
                },
                {
                    "type": "paragraph_text",
                    "content": "include electric motor, electric generator, loudspeakers, microphones"
                },
                {
                    "type": "paragraph_text",
                    "content": "and measuring instruments."
                },
                {
                    "type": "paragraph_text",
                    "content": "Example 12.2"
                },
                {
                    "type": "paragraph_text",
                    "content": "An electron enters a magnetic field at right angles to it, as shown"
                },
                {
                    "type": "paragraph_text",
                    "content": "in Fig. 12.14. The direction of force acting on the electron will be"
                },
                {
                    "type": "paragraph_text",
                    "content": "(a) to the right."
                },
                {
                    "type": "paragraph_text",
                    "content": "(b) to the left."
                },
                {
                    "type": "paragraph_text",
                    "content": "(c) out of the page."
                },
                {
                    "type": "paragraph_text",
                    "content": "(d) into the page. FFFFFiiiiiggggguuuuurrrrreeeee 1111122222.....1111144444"
                },
                {
                    "type": "paragraph_text",
                    "content": "Solution"
                },
                {
                    "type": "paragraph_text",
                    "content": "Answer is option (d). The direction of force is perpendicular to the"
                },
                {
                    "type": "paragraph_text",
                    "content": "direction of magnetic field and current as given by Fleming\u2019s left hand"
                },
                {
                    "type": "paragraph_text",
                    "content": "rule. Recall that the direction of current is taken opposite to the direction"
                },
                {
                    "type": "paragraph_text",
                    "content": "of motion of electrons. The force is therefore directed into the page."
                }
            ]
        },
        {
            "section_title": "?",
            "content_blocks": [
                {
                    "type": "paragraph_text",
                    "content": "1. Which of the following property of a proton can change while it moves"
                },
                {
                    "type": "paragraph_text",
                    "content": "freely in a magnetic field? (There may be more than one correct answer.)"
                },
                {
                    "type": "paragraph_text",
                    "content": "(a) mass (b) speed"
                },
                {
                    "type": "paragraph_text",
                    "content": "(c) velocity (d) momentum"
                },
                {
                    "type": "paragraph_text",
                    "content": "Magnetic Effects of Electric Current 203"
                },
                {
                    "type": "paragraph_text",
                    "content": "Reprint 2025-26"
                },
                {
                    "type": "table",
                    "content": [
                        [
                            ""
                        ],
                        [
                            "2. In Activity 12.7, how do we think the displacement of rod AB will be\naffected if (i) current in rod AB is increased; (ii) a stronger horse-shoe\nmagnet is used; and (iii) length of the rod AB is increased?\n3. A positively-charged particle (alpha-particle) projected towards west is\ndeflected towards north by a magnetic field. The direction of magnetic\nfield is\n(a) towards south (b) towards east\n(c) downward (d) upward"
                        ]
                    ]
                },
                {
                    "type": "paragraph_text",
                    "content": "2. In Activity 12.7, how do we think the displacement of rod AB will be"
                },
                {
                    "type": "paragraph_text",
                    "content": "affected if (i) current in rod AB is increased; (ii) a stronger horse-shoe"
                },
                {
                    "type": "paragraph_text",
                    "content": "magnet is used; and (iii) length of the rod AB is increased?"
                },
                {
                    "type": "paragraph_text",
                    "content": "3. A positively-charged particle (alpha-particle) projected towards west is"
                },
                {
                    "type": "paragraph_text",
                    "content": "deflected towards north by a magnetic field. The direction of magnetic"
                },
                {
                    "type": "paragraph_text",
                    "content": "field is"
                },
                {
                    "type": "paragraph_text",
                    "content": "(a) towards south (b) towards east"
                },
                {
                    "type": "paragraph_text",
                    "content": "(c) downward (d) upward"
                },
                {
                    "type": "paragraph_text",
                    "content": "Magnetism in medicine"
                },
                {
                    "type": "paragraph_text",
                    "content": "An electric current always produces a magnetic field. Even weak ion currents that"
                },
                {
                    "type": "paragraph_text",
                    "content": "travel along the nerve cells in our body produce magnetic fields. When we touch"
                },
                {
                    "type": "paragraph_text",
                    "content": "something, our nerves carry an electric impulse to the muscles we need to use. This"
                },
                {
                    "type": "paragraph_text",
                    "content": "impulse produces a temporary magnetic field. These fields are very weak and are"
                },
                {
                    "type": "paragraph_text",
                    "content": "about one-billionth of the earth\u2019s magnetic field. Two main organs in the human"
                },
                {
                    "type": "paragraph_text",
                    "content": "body where the magnetic field produced is significant, are the heart and the brain. The"
                },
                {
                    "type": "paragraph_text",
                    "content": "magnetic field inside the body forms the basis of obtaining the images of different body"
                },
                {
                    "type": "paragraph_text",
                    "content": "parts. This is done using a technique called Magnetic Resonance Imaging (MRI). Analysis"
                },
                {
                    "type": "paragraph_text",
                    "content": "of these images helps in medical diagnosis. Magnetism has, thus, got important uses"
                },
                {
                    "type": "paragraph_text",
                    "content": "in medicine."
                }
            ]
        },
        {
            "section_title": "1111122222.....44444 DDDDDOOOOOMMMMMEEEEESSSSSTTTTTIIIIICCCCC EEEEELLLLLEEEEECCCCCTTTTTRRRRRIIIIICCCCC CCCCCIIIIIRRRRRCCCCCUUUUUIIIIITTTTTSSSSS",
            "content_blocks": [
                {
                    "type": "paragraph_text",
                    "content": "In our homes, we receive supply of electric power through a main supply"
                },
                {
                    "type": "paragraph_text",
                    "content": "(also called mains), either supported through overhead electric poles or"
                },
                {
                    "type": "paragraph_text",
                    "content": "by underground cables. One of the wires in this supply, usually with"
                },
                {
                    "type": "paragraph_text",
                    "content": "red insulation cover, is called live wire (or positive). Another wire, with"
                },
                {
                    "type": "paragraph_text",
                    "content": "black insulation, is called neutral wire (or negative). In our country, the"
                },
                {
                    "type": "paragraph_text",
                    "content": "potential difference between the two is 220 V."
                },
                {
                    "type": "paragraph_text",
                    "content": "At the meter-board in the house, these wires pass into an electricity"
                },
                {
                    "type": "paragraph_text",
                    "content": "meter through a main fuse. Through the main switch they are connected"
                },
                {
                    "type": "paragraph_text",
                    "content": "to the line wires in the house. These wires supply electricity to separate"
                },
                {
                    "type": "paragraph_text",
                    "content": "circuits within the house. Often, two separate circuits are used, one of"
                },
                {
                    "type": "paragraph_text",
                    "content": "15 A current rating for appliances with higher power ratings such as"
                },
                {
                    "type": "paragraph_text",
                    "content": "geysers, air coolers, etc. The other circuit is of 5 A current rating for"
                },
                {
                    "type": "paragraph_text",
                    "content": "bulbs, fans, etc. The earth wire, which has insulation of green colour, is"
                },
                {
                    "type": "paragraph_text",
                    "content": "usually connected to a metal plate deep in the earth near the house."
                },
                {
                    "type": "paragraph_text",
                    "content": "This is used as a safety measure, especially for those appliances that"
                },
                {
                    "type": "paragraph_text",
                    "content": "have a metallic body, for example, electric press, toaster, table fan,"
                },
                {
                    "type": "paragraph_text",
                    "content": "refrigerator, etc. The metallic body is connected to the earth wire, which"
                },
                {
                    "type": "paragraph_text",
                    "content": "provides a low-resistance conducting path for the current. Thus, it"
                },
                {
                    "type": "paragraph_text",
                    "content": "ensures that any leakage of current to the metallic body of the appliance"
                },
                {
                    "type": "paragraph_text",
                    "content": "keeps its potential to that of the earth, and the user may not get a severe"
                },
                {
                    "type": "paragraph_text",
                    "content": "electric shock."
                },
                {
                    "type": "paragraph_text",
                    "content": "204 Science"
                },
                {
                    "type": "paragraph_text",
                    "content": "!wonK"
                },
                {
                    "type": "paragraph_text",
                    "content": "ot"
                },
                {
                    "type": "paragraph_text",
                    "content": "eroM"
                },
                {
                    "type": "paragraph_text",
                    "content": "Reprint 2025-26"
                },
                {
                    "type": "table",
                    "content": [
                        [
                            "Q U E S T I O N S"
                        ],
                        [
                            "1. Name two safety measures commonly used in electric circuits and ?\nappliances.\n2. An electric oven of 2 kW power rating is operated in a domestic electric\ncircuit (220 V) that has a current rating of 5 A. What result do you\nexpect? Explain.\n3. What precaution should be taken to avoid the overloading of domestic\nelectric circuits?"
                        ]
                    ]
                },
                {
                    "type": "paragraph_text",
                    "content": "FFFFFiiiiiggggguuuuurrrrreeeee 1111122222.....1111155555 A schematic diagram of one of the common domestic circuits"
                },
                {
                    "type": "paragraph_text",
                    "content": "Figure 12.15 gives a schematic diagram of one of the common"
                },
                {
                    "type": "paragraph_text",
                    "content": "domestic circuits. In each separate circuit, different appliances can be"
                },
                {
                    "type": "paragraph_text",
                    "content": "connected across the live and neutral wires. Each appliance has a"
                },
                {
                    "type": "paragraph_text",
                    "content": "separate switch to \u2018ON\u2019/\u2018OFF\u2019 the flow of current through it. In order"
                },
                {
                    "type": "paragraph_text",
                    "content": "that each appliance has equal potential difference, they are connected"
                },
                {
                    "type": "paragraph_text",
                    "content": "parallel to each other."
                },
                {
                    "type": "paragraph_text",
                    "content": "Electric fuse is an important component of all domestic circuits. We"
                },
                {
                    "type": "paragraph_text",
                    "content": "have already studied the principle and working of a fuse in the previous"
                },
                {
                    "type": "paragraph_text",
                    "content": "chapter (see Section 11.7). A fuse in a circuit prevents damage to the"
                },
                {
                    "type": "paragraph_text",
                    "content": "appliances and the circuit due to overloading. Overloading can occur"
                },
                {
                    "type": "paragraph_text",
                    "content": "when the live wire and the neutral wire come into direct contact. (This"
                },
                {
                    "type": "paragraph_text",
                    "content": "occurs when the insulation of wires is damaged or there is a fault in the"
                },
                {
                    "type": "paragraph_text",
                    "content": "appliance.) In such a situation, the current in the circuit abruptly"
                },
                {
                    "type": "paragraph_text",
                    "content": "increases. This is called short-circuiting. The use of an electric fuse"
                },
                {
                    "type": "paragraph_text",
                    "content": "prevents the electric circuit and the appliance from a possible damage"
                },
                {
                    "type": "paragraph_text",
                    "content": "by stopping the flow of unduly high electric current. The Joule heating"
                },
                {
                    "type": "paragraph_text",
                    "content": "that takes place in the fuse melts it to break the electric circuit."
                },
                {
                    "type": "paragraph_text",
                    "content": "Overloading can also occur due to an accidental hike in the supply"
                },
                {
                    "type": "paragraph_text",
                    "content": "voltage. Sometimes overloading is caused by connecting too many"
                },
                {
                    "type": "paragraph_text",
                    "content": "appliances to a single socket."
                }
            ]
        },
        {
            "section_title": "Q U E S T I O N S",
            "content_blocks": [
                {
                    "type": "paragraph_text",
                    "content": "1. Name two safety measures commonly used in electric circuits and ?"
                },
                {
                    "type": "paragraph_text",
                    "content": "appliances."
                },
                {
                    "type": "paragraph_text",
                    "content": "2. An electric oven of 2 kW power rating is operated in a domestic electric"
                },
                {
                    "type": "paragraph_text",
                    "content": "circuit (220 V) that has a current rating of 5 A. What result do you"
                },
                {
                    "type": "paragraph_text",
                    "content": "expect? Explain."
                },
                {
                    "type": "paragraph_text",
                    "content": "3. What precaution should be taken to avoid the overloading of domestic"
                },
                {
                    "type": "paragraph_text",
                    "content": "electric circuits?"
                },
                {
                    "type": "paragraph_text",
                    "content": "Magnetic Effects of Electric Current 205"
                },
                {
                    "type": "paragraph_text",
                    "content": "Reprint 2025-26"
                }
            ]
        },
        {
            "section_title": "What you have learnt",
            "content_blocks": [
                {
                    "type": "paragraph_text",
                    "content": "n A compass needle is a small magnet. Its one end, which points towards north, is"
                },
                {
                    "type": "paragraph_text",
                    "content": "called a north pole, and the other end, which points towards south, is called a"
                },
                {
                    "type": "paragraph_text",
                    "content": "south pole."
                },
                {
                    "type": "paragraph_text",
                    "content": "n A magnetic field exists in the region surrounding a magnet, in which the force of"
                },
                {
                    "type": "paragraph_text",
                    "content": "the magnet can be detected."
                },
                {
                    "type": "paragraph_text",
                    "content": "n Field lines are used to represent a magnetic field. A field line is the path along"
                },
                {
                    "type": "paragraph_text",
                    "content": "which a hypothetical free north pole would tend to move. The direction of the"
                },
                {
                    "type": "paragraph_text",
                    "content": "magnetic field at a point is given by the direction that a north pole placed at that"
                },
                {
                    "type": "paragraph_text",
                    "content": "point would take. Field lines are shown closer together where the magnetic field is"
                },
                {
                    "type": "paragraph_text",
                    "content": "greater."
                },
                {
                    "type": "paragraph_text",
                    "content": "n A metallic wire carrying an electric current has associated with it a magnetic field."
                },
                {
                    "type": "paragraph_text",
                    "content": "The field lines about the wire consist of a series of concentric circles whose direction"
                },
                {
                    "type": "paragraph_text",
                    "content": "is given by the right-hand rule."
                },
                {
                    "type": "paragraph_text",
                    "content": "n The pattern of the magnetic field around a conductor due to an electric current"
                },
                {
                    "type": "paragraph_text",
                    "content": "flowing through it depends on the shape of the conductor. The magnetic field of a"
                },
                {
                    "type": "paragraph_text",
                    "content": "solenoid carrying a current is similar to that of a bar magnet."
                },
                {
                    "type": "paragraph_text",
                    "content": "n An electromagnet consists of a core of soft iron wrapped around with a coil of"
                },
                {
                    "type": "paragraph_text",
                    "content": "insulated copper wire."
                },
                {
                    "type": "paragraph_text",
                    "content": "n A current-carrying conductor when placed in a magnetic field experiences a force."
                },
                {
                    "type": "paragraph_text",
                    "content": "If the direction of the field and that of the current are mutually perpendicular to"
                },
                {
                    "type": "paragraph_text",
                    "content": "each other, then the force acting on the conductor will be perpendicular to both"
                },
                {
                    "type": "paragraph_text",
                    "content": "and will be given by Fleming\u2019s left-hand rule."
                },
                {
                    "type": "paragraph_text",
                    "content": "n In our houses we receive AC electric power of 220 V with a frequency of 50 Hz. One"
                },
                {
                    "type": "paragraph_text",
                    "content": "of the wires in this supply is with red insulation, called live wire. The other one is of"
                },
                {
                    "type": "paragraph_text",
                    "content": "black insulation, which is a neutral wire. The potential difference between the two"
                },
                {
                    "type": "paragraph_text",
                    "content": "is 220 V. The third is the earth wire that has green insulation and this is connected"
                },
                {
                    "type": "paragraph_text",
                    "content": "to a metallic body deep inside earth. It is used as a safety measure to ensure that"
                },
                {
                    "type": "paragraph_text",
                    "content": "any leakage of current to a metallic body does not give any severe shock to a user."
                },
                {
                    "type": "paragraph_text",
                    "content": "n Fuse is the most important safety device, used for protecting the circuits due to"
                },
                {
                    "type": "paragraph_text",
                    "content": "short-circuiting or overloading of the circuits."
                },
                {
                    "type": "paragraph_text",
                    "content": "206 Science"
                },
                {
                    "type": "paragraph_text",
                    "content": "Reprint 2025-26"
                }
            ]
        },
        {
            "section_title": "E X E R C I S E S",
            "content_blocks": [
                {
                    "type": "paragraph_text",
                    "content": "1. Which of the following correctly describes the magnetic field near a long"
                },
                {
                    "type": "paragraph_text",
                    "content": "straight wire?"
                },
                {
                    "type": "paragraph_text",
                    "content": "(a) The field consists of straight lines perpendicular to the wire."
                },
                {
                    "type": "paragraph_text",
                    "content": "(b) The field consists of straight lines parallel to the wire."
                },
                {
                    "type": "paragraph_text",
                    "content": "(c) The field consists of radial lines originating from the wire."
                },
                {
                    "type": "paragraph_text",
                    "content": "(d) The field consists of concentric circles centred on the wire."
                },
                {
                    "type": "paragraph_text",
                    "content": "2. At the time of short circuit, the current in the circuit"
                },
                {
                    "type": "paragraph_text",
                    "content": "(a) reduces substantially."
                },
                {
                    "type": "paragraph_text",
                    "content": "(b) does not change."
                },
                {
                    "type": "paragraph_text",
                    "content": "(c) increases heavily."
                },
                {
                    "type": "paragraph_text",
                    "content": "(d) vary continuously."
                },
                {
                    "type": "paragraph_text",
                    "content": "3. State whether the following statements are true or false."
                },
                {
                    "type": "paragraph_text",
                    "content": "(a) The field at the centre of a long circular coil carrying current will be"
                },
                {
                    "type": "paragraph_text",
                    "content": "parallel straight lines."
                },
                {
                    "type": "paragraph_text",
                    "content": "(b) A wire with a green insulation is usually the live wire of an electric supply."
                },
                {
                    "type": "paragraph_text",
                    "content": "4. List two methods of producing magnetic fields."
                },
                {
                    "type": "paragraph_text",
                    "content": "5. When is the force experienced by a current\u2013carrying conductor placed in a magnetic"
                },
                {
                    "type": "paragraph_text",
                    "content": "field largest?"
                },
                {
                    "type": "paragraph_text",
                    "content": "6. Imagine that you are sitting in a chamber with your back to one wall. An electron"
                },
                {
                    "type": "paragraph_text",
                    "content": "beam, moving horizontally from back wall towards the front wall, is deflected by a"
                },
                {
                    "type": "paragraph_text",
                    "content": "strong magnetic field to your right side. What is the direction of magnetic field?"
                },
                {
                    "type": "paragraph_text",
                    "content": "7. State the rule to determine the direction of a (i) magnetic field produced around a"
                },
                {
                    "type": "paragraph_text",
                    "content": "straight conductor-carrying current, (ii) force experienced by a current-carrying"
                },
                {
                    "type": "paragraph_text",
                    "content": "straight conductor placed in a magnetic field which is perpendicular to it, and"
                },
                {
                    "type": "paragraph_text",
                    "content": "(iii) current induced in a coil due to its rotation in a magnetic field."
                },
                {
                    "type": "paragraph_text",
                    "content": "8. When does an electric short circuit occur?"
                },
                {
                    "type": "paragraph_text",
                    "content": "9. What is the function of an earth wire? Why is it necessary to earth metallic"
                },
                {
                    "type": "paragraph_text",
                    "content": "appliances?"
                },
                {
                    "type": "paragraph_text",
                    "content": "Magnetic Effects of Electric Current 207"
                },
                {
                    "type": "paragraph_text",
                    "content": "Reprint 2025-26"
                }
            ]
        }
    ]
}