{
    "book": "Science",
    "chapter": "ch13",
    "sections": [
        {
            "section_title": "Our Environment",
            "content_blocks": [
                {
                    "type": "paragraph_text",
                    "content": "We have heard the word \u2018environment\u2019 often being used on the"
                },
                {
                    "type": "paragraph_text",
                    "content": "television, in newspapers and by people around us. Our elders tell"
                },
                {
                    "type": "paragraph_text",
                    "content": "us that the \u2018environment\u2019 is not what it used to be earlier; others say that"
                },
                {
                    "type": "paragraph_text",
                    "content": "we should work in a healthy \u2018environment\u2019; and global summits involving"
                },
                {
                    "type": "paragraph_text",
                    "content": "the developed and developing countries are regularly held to discuss"
                },
                {
                    "type": "paragraph_text",
                    "content": "\u2018environmental\u2019 issues. In this chapter, we shall be studying how various"
                },
                {
                    "type": "paragraph_text",
                    "content": "components in the environment interact with each other and how we"
                },
                {
                    "type": "paragraph_text",
                    "content": "impact the environment."
                }
            ]
        },
        {
            "section_title": "1111133333.....11111 EEEEECCCCCOOOOO-----SSSSSYYYYYSSSSSTTTTTEEEEEMMMMM \u2014\u2014\u2014\u2014\u2014 WWWWWHHHHHAAAAATTTTT AAAAARRRRREEEEE IIIIITTTTTSSSSS CCCCCOOOOOMMMMMPPPPPOOOOONNNNNEEEEENNNNNTTTTTSSSSS?????",
            "content_blocks": [
                {
                    "type": "paragraph_text",
                    "content": "All organisms such as plants, animals, microorganisms and human"
                },
                {
                    "type": "paragraph_text",
                    "content": "beings as well as the physical surroundings interact with each other"
                },
                {
                    "type": "paragraph_text",
                    "content": "and maintain a balance in nature. All the interacting organisms in an"
                },
                {
                    "type": "paragraph_text",
                    "content": "area together with the non-living constituents of the environment form"
                },
                {
                    "type": "paragraph_text",
                    "content": "an ecosystem. Thus, an ecosystem consists of biotic components"
                },
                {
                    "type": "paragraph_text",
                    "content": "comprising living organisms and abiotic components comprising"
                },
                {
                    "type": "paragraph_text",
                    "content": "physical factors like temperature, rainfall, wind, soil and minerals."
                },
                {
                    "type": "paragraph_text",
                    "content": "For example, if you visit a garden you will find different plants, such"
                },
                {
                    "type": "paragraph_text",
                    "content": "as grasses, trees; flower bearing plants like rose, jasmine, sunflower;"
                },
                {
                    "type": "paragraph_text",
                    "content": "and animals like frogs, insects and birds. All these living organisms"
                },
                {
                    "type": "paragraph_text",
                    "content": "interact with each other and their growth, reproduction and other"
                },
                {
                    "type": "paragraph_text",
                    "content": "activities are affected by the abiotic components of ecosystem. So a garden"
                },
                {
                    "type": "paragraph_text",
                    "content": "is an ecosystem. Other types of ecosystems are forests, ponds and lakes."
                },
                {
                    "type": "paragraph_text",
                    "content": "These are natural ecosystems while gardens and crop-fields are human-"
                },
                {
                    "type": "paragraph_text",
                    "content": "made (artificial) ecosystems."
                }
            ]
        },
        {
            "section_title": "AAAAAccccctttttiiiiivvvvviiiiitttttyyyyy 1111133333.....11111",
            "content_blocks": [
                {
                    "type": "paragraph_text",
                    "content": "n You might have seen an aquarium. Let us try to design one."
                },
                {
                    "type": "paragraph_text",
                    "content": "n What are the things that we need to keep in mind when we create"
                },
                {
                    "type": "paragraph_text",
                    "content": "an aquarium? The fish would need a free space for swimming (it"
                },
                {
                    "type": "paragraph_text",
                    "content": "could be a large jar), water, oxygen and food."
                },
                {
                    "type": "paragraph_text",
                    "content": "n We can provide oxygen through an oxygen pump (aerator) and"
                },
                {
                    "type": "paragraph_text",
                    "content": "fish food which is available in the market."
                },
                {
                    "type": "paragraph_text",
                    "content": "208 Science"
                },
                {
                    "type": "paragraph_text",
                    "content": "Reprint 2025-26"
                },
                {
                    "type": "paragraph_text",
                    "content": "n If we add a few aquatic plants and animals it can become a self-"
                },
                {
                    "type": "paragraph_text",
                    "content": "sustaining system. Can you think how this happens? An aquarium"
                },
                {
                    "type": "paragraph_text",
                    "content": "is an example of a human-made ecosystem."
                },
                {
                    "type": "paragraph_text",
                    "content": "n Can we leave the aquarium as such after we set it up? Why does"
                },
                {
                    "type": "paragraph_text",
                    "content": "it have to be cleaned once in a while? Do we have to clean ponds"
                },
                {
                    "type": "paragraph_text",
                    "content": "or lakes in the same manner? Why or why not?"
                },
                {
                    "type": "paragraph_text",
                    "content": "We have seen in earlier classes that organisms can be grouped as"
                },
                {
                    "type": "paragraph_text",
                    "content": "producers, consumers and decomposers according to the manner in"
                },
                {
                    "type": "paragraph_text",
                    "content": "which they obtain their sustenance from the environment. Let us recall"
                },
                {
                    "type": "paragraph_text",
                    "content": "what we have learnt through the self sustaining ecosystem created by"
                },
                {
                    "type": "paragraph_text",
                    "content": "us above. Which organisms can make organic compounds like sugar"
                },
                {
                    "type": "paragraph_text",
                    "content": "and starch from inorganic substances using the radiant energy of the"
                },
                {
                    "type": "paragraph_text",
                    "content": "Sun in the presence of chlorophyll? All green plants and certain bacteria"
                },
                {
                    "type": "paragraph_text",
                    "content": "which can produce food by photosynthesis come under this category"
                },
                {
                    "type": "paragraph_text",
                    "content": "and are called the producers."
                },
                {
                    "type": "paragraph_text",
                    "content": "Organisms depend on the producers either directly or indirectly for"
                },
                {
                    "type": "paragraph_text",
                    "content": "their sustenance? These organisms which consume the food produced,"
                },
                {
                    "type": "paragraph_text",
                    "content": "either directly from producers or indirectly by feeding on other consumers"
                },
                {
                    "type": "paragraph_text",
                    "content": "are the consumers. Consumers can be classed variously as herbivores,"
                },
                {
                    "type": "paragraph_text",
                    "content": "carnivores, omnivores and parasites. Can you give examples for each of"
                },
                {
                    "type": "paragraph_text",
                    "content": "these categories of consumers?"
                },
                {
                    "type": "paragraph_text",
                    "content": "n Imagine the situation where you do not clean the aquarium and"
                },
                {
                    "type": "paragraph_text",
                    "content": "some fish and plants have died. Have you ever thought what"
                },
                {
                    "type": "paragraph_text",
                    "content": "happens when an organism dies? The microorganisms, comprising"
                },
                {
                    "type": "paragraph_text",
                    "content": "bacteria and fungi, break-down the dead remains and waste"
                },
                {
                    "type": "paragraph_text",
                    "content": "products of organisms. These microorganisms are the decomposers"
                },
                {
                    "type": "paragraph_text",
                    "content": "as they break-down the complex organic substances into simple"
                },
                {
                    "type": "paragraph_text",
                    "content": "inorganic substances that go into the soil and are used up once"
                },
                {
                    "type": "paragraph_text",
                    "content": "more by the plants. What will happen to the garbage, and dead"
                },
                {
                    "type": "paragraph_text",
                    "content": "animals and plants in their absence? Will the natural replenishment"
                },
                {
                    "type": "paragraph_text",
                    "content": "of the soil take place, even if decomposers are not there?"
                }
            ]
        },
        {
            "section_title": "AAAAAccccctttttiiiiivvvvviiiiitttttyyyyy 1111133333.....22222",
            "content_blocks": [
                {
                    "type": "paragraph_text",
                    "content": "n While creating an aquarium did you take care not to put an aquatic"
                },
                {
                    "type": "paragraph_text",
                    "content": "animal which would eat others? What would have happened"
                },
                {
                    "type": "paragraph_text",
                    "content": "otherwise?"
                },
                {
                    "type": "paragraph_text",
                    "content": "n Make groups and discuss how each of the above groups of"
                },
                {
                    "type": "paragraph_text",
                    "content": "organisms are dependent on each other."
                },
                {
                    "type": "paragraph_text",
                    "content": "n Write the aquatic organisms in order of who eats whom and form"
                },
                {
                    "type": "paragraph_text",
                    "content": "a chain of at least three steps. \u2192 \u2192"
                },
                {
                    "type": "paragraph_text",
                    "content": "n Would you consider any one group of organisms to be of primary"
                },
                {
                    "type": "paragraph_text",
                    "content": "importance? Why or why not?"
                },
                {
                    "type": "paragraph_text",
                    "content": "Our Environment 209"
                },
                {
                    "type": "paragraph_text",
                    "content": "Reprint 2025-26"
                },
                {
                    "type": "table",
                    "content": [
                        [
                            ""
                        ],
                        [
                            "n"
                        ],
                        [
                            ""
                        ]
                    ]
                }
            ]
        },
        {
            "section_title": "13.1.1 Food Chains and Webs",
            "content_blocks": [
                {
                    "type": "paragraph_text",
                    "content": "In Activity 13.4 we have formed a series of organisms feeding"
                },
                {
                    "type": "paragraph_text",
                    "content": "on one another. This series or organisms taking part at"
                },
                {
                    "type": "paragraph_text",
                    "content": "various biotic levels form a food chain (Fig. 13.1)."
                },
                {
                    "type": "paragraph_text",
                    "content": "Each step or level of the food chain forms a trophic level."
                },
                {
                    "type": "paragraph_text",
                    "content": "The autotrophs or the producers are at the first trophic level."
                },
                {
                    "type": "paragraph_text",
                    "content": "They fix up the solar energy and make it available for"
                },
                {
                    "type": "paragraph_text",
                    "content": "heterotrophs or the consumers. The herbivores or the primary"
                },
                {
                    "type": "paragraph_text",
                    "content": "consumers come at the second, small carnivores or the"
                },
                {
                    "type": "paragraph_text",
                    "content": "secondary consumers at the third and larger carnivores or"
                },
                {
                    "type": "paragraph_text",
                    "content": "the tertiary consumers form the fourth trophic level (Fig. 13.2)."
                },
                {
                    "type": "paragraph_text",
                    "content": "We know that the food we eat acts as a fuel to provide us"
                },
                {
                    "type": "paragraph_text",
                    "content": "energy to do work. Thus the interactions among various"
                },
                {
                    "type": "paragraph_text",
                    "content": "components of the environment involves flow of energy from"
                },
                {
                    "type": "paragraph_text",
                    "content": "one component of the system to another. As we have studied,"
                },
                {
                    "type": "paragraph_text",
                    "content": "the autotrophs capture the energy present in sunlight and"
                },
                {
                    "type": "paragraph_text",
                    "content": "convert it into chemical energy. This energy supports all the"
                },
                {
                    "type": "paragraph_text",
                    "content": "activities of the living world. From autotrophs, the energy goes"
                },
                {
                    "type": "paragraph_text",
                    "content": "FFFFFiiiiiggggguuuuurrrrreeeee 1111133333.....11111"
                },
                {
                    "type": "paragraph_text",
                    "content": "to the heterotrophs and decomposers. However, as we saw in"
                },
                {
                    "type": "paragraph_text",
                    "content": "Food chain in nature"
                },
                {
                    "type": "paragraph_text",
                    "content": "the previous Chapter on \u2018Sources of Energy\u2019, when one form"
                },
                {
                    "type": "paragraph_text",
                    "content": "(a) in forest, (b) in"
                },
                {
                    "type": "paragraph_text",
                    "content": "of energy is changed to another, some energy is lost to the"
                },
                {
                    "type": "paragraph_text",
                    "content": "grassland and (c) in a"
                },
                {
                    "type": "paragraph_text",
                    "content": "pond environment in forms which cannot be used again. The flow"
                },
                {
                    "type": "paragraph_text",
                    "content": "of energy between various components of the environment"
                },
                {
                    "type": "paragraph_text",
                    "content": "has been extensively studied and it has been found that \u2013"
                },
                {
                    "type": "paragraph_text",
                    "content": "n The green plants in a terrestrial ecosystem capture about"
                },
                {
                    "type": "paragraph_text",
                    "content": "1% of the energy of sunlight that falls on their leaves and convert it"
                },
                {
                    "type": "paragraph_text",
                    "content": "into food energy."
                },
                {
                    "type": "paragraph_text",
                    "content": "n When green plants are eaten by primary consumers, a great deal"
                },
                {
                    "type": "paragraph_text",
                    "content": "of energy is lost as heat to the environment, some amount goes"
                },
                {
                    "type": "paragraph_text",
                    "content": "into digestion and in doing work and the rest goes towards growth"
                },
                {
                    "type": "paragraph_text",
                    "content": "and reproduction. An average of 10% of the food eaten is turned"
                },
                {
                    "type": "paragraph_text",
                    "content": "into its own body and made available for the next level of"
                },
                {
                    "type": "paragraph_text",
                    "content": "consumers."
                },
                {
                    "type": "paragraph_text",
                    "content": "n Therefore, 10% can be taken as the average value for the amount"
                },
                {
                    "type": "paragraph_text",
                    "content": "of organic matter that is present at each step and reaches the next"
                },
                {
                    "type": "paragraph_text",
                    "content": "level of consumers."
                },
                {
                    "type": "paragraph_text",
                    "content": "FFFFFiiiiiggggguuuuurrrrreeeee 1111133333.....22222 n Since so little energy is available for the next level of consumers,"
                },
                {
                    "type": "paragraph_text",
                    "content": "Trophic levels food chains generally consist of only three or four steps. The loss"
                },
                {
                    "type": "paragraph_text",
                    "content": "of energy at each step is so great that very little usable energy"
                },
                {
                    "type": "paragraph_text",
                    "content": "remains after four trophic levels."
                },
                {
                    "type": "paragraph_text",
                    "content": "n There are generally a greater number of individuals at the lower"
                },
                {
                    "type": "paragraph_text",
                    "content": "trophic levels of an ecosystem, the greatest number is of the"
                },
                {
                    "type": "paragraph_text",
                    "content": "producers."
                },
                {
                    "type": "paragraph_text",
                    "content": "n The length and complexity of food chains vary greatly. Each organism"
                },
                {
                    "type": "paragraph_text",
                    "content": "is generally eaten by two or more other kinds of organisms which in"
                },
                {
                    "type": "paragraph_text",
                    "content": "turn are eaten by several other organisms. So instead of a straight"
                },
                {
                    "type": "paragraph_text",
                    "content": "line food chain, the relationship can be shown as a series of branching"
                },
                {
                    "type": "paragraph_text",
                    "content": "lines called a food web (Fig. 13.3)."
                },
                {
                    "type": "paragraph_text",
                    "content": "210 Science"
                },
                {
                    "type": "paragraph_text",
                    "content": "Reprint 2025-26"
                },
                {
                    "type": "paragraph_text",
                    "content": "From the energy flow diagram (Fig. 13.4),"
                },
                {
                    "type": "paragraph_text",
                    "content": "two things become clear. Firstly, the flow of"
                },
                {
                    "type": "paragraph_text",
                    "content": "energy is unidirectional. The energy that is"
                },
                {
                    "type": "paragraph_text",
                    "content": "captured by the autotrophs does not revert"
                },
                {
                    "type": "paragraph_text",
                    "content": "back to the solar input and the energy which"
                },
                {
                    "type": "paragraph_text",
                    "content": "passes to the herbivores does not come back"
                },
                {
                    "type": "paragraph_text",
                    "content": "to autotrophs. As it moves progressively"
                },
                {
                    "type": "paragraph_text",
                    "content": "through the various trophic levels it is no"
                },
                {
                    "type": "paragraph_text",
                    "content": "longer available to the previous level."
                },
                {
                    "type": "paragraph_text",
                    "content": "Secondly, the energy available at each trophic"
                },
                {
                    "type": "paragraph_text",
                    "content": "level gets diminished progressively due to loss"
                },
                {
                    "type": "paragraph_text",
                    "content": "of energy at each level."
                },
                {
                    "type": "paragraph_text",
                    "content": "Another interesting aspect of food chain"
                },
                {
                    "type": "paragraph_text",
                    "content": "is how unknowingly some harmful"
                },
                {
                    "type": "paragraph_text",
                    "content": "chemicals enter our bodies through the food"
                },
                {
                    "type": "paragraph_text",
                    "content": "chain. You have read in Class IX how water"
                },
                {
                    "type": "paragraph_text",
                    "content": "gets polluted. One of the reasons is the use of"
                },
                {
                    "type": "paragraph_text",
                    "content": "several pesticides and other chemicals to"
                },
                {
                    "type": "paragraph_text",
                    "content": "protect our crops from diseases and pests."
                },
                {
                    "type": "paragraph_text",
                    "content": "These chemicals are either washed down into"
                },
                {
                    "type": "paragraph_text",
                    "content": "the soil or into the water bodies. From the"
                },
                {
                    "type": "paragraph_text",
                    "content": "soil, these are absorbed by the plants along"
                },
                {
                    "type": "paragraph_text",
                    "content": "with water and minerals, and from the water"
                },
                {
                    "type": "paragraph_text",
                    "content": "bodies these are taken up by aquatic plants"
                },
                {
                    "type": "paragraph_text",
                    "content": "FFFFFiiiiiggggguuuuurrrrreeeee 1111133333.....33333"
                },
                {
                    "type": "paragraph_text",
                    "content": "Food web, consisting of"
                },
                {
                    "type": "paragraph_text",
                    "content": "many food chains"
                },
                {
                    "type": "paragraph_text",
                    "content": "FFFFFiiiiiggggguuuuurrrrreeeee 1111133333.....44444 Diagram showing flow of energy in an ecosystem"
                },
                {
                    "type": "paragraph_text",
                    "content": "Our Environment 211"
                },
                {
                    "type": "paragraph_text",
                    "content": "Reprint 2025-26"
                },
                {
                    "type": "table",
                    "content": [
                        [
                            "Q U E S T I O N S"
                        ],
                        [
                            "?\n1. What are trophic levels? Give an example of a food chain and state the\ndifferent trophic levels in it.\n2. What is the role of decomposers in the ecosystem?"
                        ]
                    ]
                },
                {
                    "type": "paragraph_text",
                    "content": "and animals. This is one of the ways in which they enter the food chain."
                },
                {
                    "type": "paragraph_text",
                    "content": "As these chemicals are not degradable, these get accumulated"
                },
                {
                    "type": "paragraph_text",
                    "content": "progressively at each trophic level. As human beings occupy the top"
                },
                {
                    "type": "paragraph_text",
                    "content": "level in any food chain, the maximum concentration of these chemicals"
                },
                {
                    "type": "paragraph_text",
                    "content": "get accumulated in our bodies. This phenomenon is known as biological"
                },
                {
                    "type": "paragraph_text",
                    "content": "magnification. This is the reason why our food grains such as wheat"
                },
                {
                    "type": "paragraph_text",
                    "content": "and rice, vegetables and fruits, and even meat, contain varying amounts"
                },
                {
                    "type": "paragraph_text",
                    "content": "of pesticide residues. They cannot always be removed by washing or"
                },
                {
                    "type": "paragraph_text",
                    "content": "other means."
                }
            ]
        },
        {
            "section_title": "AAAAAccccctttttiiiiivvvvviiiiitttttyyyyy 1111133333.....33333",
            "content_blocks": [
                {
                    "type": "paragraph_text",
                    "content": "n Newspaper reports about pesticide levels in ready-made food items"
                },
                {
                    "type": "paragraph_text",
                    "content": "are often seen these days and some states have banned these"
                },
                {
                    "type": "paragraph_text",
                    "content": "products. Debate in groups the need for such bans."
                },
                {
                    "type": "paragraph_text",
                    "content": "n What do you think would be the source of pesticides in these food"
                },
                {
                    "type": "paragraph_text",
                    "content": "items? Could pesticides get into our bodies from this source through"
                },
                {
                    "type": "paragraph_text",
                    "content": "other food products too?"
                },
                {
                    "type": "paragraph_text",
                    "content": "n Discuss what methods could be applied to reduce our intake of"
                },
                {
                    "type": "paragraph_text",
                    "content": "pesticides."
                }
            ]
        },
        {
            "section_title": "?",
            "content_blocks": [
                {
                    "type": "paragraph_text",
                    "content": "1. What are trophic levels? Give an example of a food chain and state the"
                },
                {
                    "type": "paragraph_text",
                    "content": "different trophic levels in it."
                },
                {
                    "type": "paragraph_text",
                    "content": "2. What is the role of decomposers in the ecosystem?"
                }
            ]
        },
        {
            "section_title": "EEEEENNNNNVVVVVIIIIIRRRRROOOOONNNNNMMMMMEEEEENNNNNTTTTT?????",
            "content_blocks": [
                {
                    "type": "paragraph_text",
                    "content": "We are an integral part of the environment. Changes in the environment"
                },
                {
                    "type": "paragraph_text",
                    "content": "affect us and our activities change the environment around us. We have"
                },
                {
                    "type": "paragraph_text",
                    "content": "already seen in Class IX how our activities pollute the environment. In"
                },
                {
                    "type": "paragraph_text",
                    "content": "this chapter, we shall be looking at two of the environmental problems"
                },
                {
                    "type": "paragraph_text",
                    "content": "in detail, that is, depletion of the ozone layer and waste disposal."
                }
            ]
        },
        {
            "section_title": "13.2.1 Ozone Layer and How it is Getting Depleted",
            "content_blocks": [
                {
                    "type": "paragraph_text",
                    "content": "Ozone (O ) is a molecule formed by three atoms of oxygen. While O ,"
                },
                {
                    "type": "paragraph_text",
                    "content": "3 2"
                },
                {
                    "type": "paragraph_text",
                    "content": "which we normally refer to as oxygen, is essential for all aerobic forms of"
                },
                {
                    "type": "paragraph_text",
                    "content": "life. Ozone, is a deadly poison. However, at the higher levels of the"
                },
                {
                    "type": "paragraph_text",
                    "content": "atmosphere, ozone performs an essential function. It shields the surface"
                },
                {
                    "type": "paragraph_text",
                    "content": "of the earth from ultraviolet (UV) radiation from the Sun. This radiation"
                },
                {
                    "type": "paragraph_text",
                    "content": "212 Science"
                },
                {
                    "type": "paragraph_text",
                    "content": "Reprint 2025-26"
                },
                {
                    "type": "paragraph_text",
                    "content": "is highly damaging to organisms, for example, it is known to cause skin"
                },
                {
                    "type": "paragraph_text",
                    "content": "cancer in human beings."
                },
                {
                    "type": "paragraph_text",
                    "content": "Ozone at the higher levels of the atmosphere is a product of UV"
                },
                {
                    "type": "paragraph_text",
                    "content": "radiation acting on oxygen (O ) molecule. The higher energy UV"
                },
                {
                    "type": "paragraph_text",
                    "content": "2"
                },
                {
                    "type": "paragraph_text",
                    "content": "radiations split apart some moleculer oxygen (O ) into free oxygen (O)"
                },
                {
                    "type": "paragraph_text",
                    "content": "2"
                },
                {
                    "type": "paragraph_text",
                    "content": "atoms. These atoms then combine with the molecular oxygen to form"
                },
                {
                    "type": "paragraph_text",
                    "content": "ozone as shown\u2014"
                },
                {
                    "type": "paragraph_text",
                    "content": "O \uf8e7\uf8e7UV\uf8e7\u2192O+O"
                },
                {
                    "type": "paragraph_text",
                    "content": "2"
                },
                {
                    "type": "paragraph_text",
                    "content": "O+O \u2192O"
                },
                {
                    "type": "paragraph_text",
                    "content": "2 3"
                },
                {
                    "type": "paragraph_text",
                    "content": "(Ozone)"
                },
                {
                    "type": "paragraph_text",
                    "content": "The amount of ozone in the atmosphere began to drop sharply in"
                },
                {
                    "type": "paragraph_text",
                    "content": "the 1980s. This decrease has been linked to synthetic chemicals like"
                },
                {
                    "type": "paragraph_text",
                    "content": "chlorofluorocarbons (CFCs) which are used as refrigerants and in fire"
                },
                {
                    "type": "paragraph_text",
                    "content": "extinguishers. In 1987, the United Nations Environment Programme"
                },
                {
                    "type": "paragraph_text",
                    "content": "(UNEP) succeeded in forging an agreement to freeze CFC production at"
                },
                {
                    "type": "paragraph_text",
                    "content": "1986 levels. It is now mandatory for all the manufacturing companies"
                },
                {
                    "type": "paragraph_text",
                    "content": "to make CFC-free refrigerators throughout the world."
                }
            ]
        },
        {
            "section_title": "AAAAAccccctttttiiiiivvvvviiiiitttttyyyyy 1111133333.....44444",
            "content_blocks": [
                {
                    "type": "paragraph_text",
                    "content": "n Find out from the library, internet or newspaper reports, which"
                },
                {
                    "type": "paragraph_text",
                    "content": "chemicals are responsible for the depletion of the ozone layer."
                },
                {
                    "type": "paragraph_text",
                    "content": "n Find out if the regulations put in place to control the emission of"
                },
                {
                    "type": "paragraph_text",
                    "content": "these chemicals have succeeded in reducing the damage to the"
                },
                {
                    "type": "paragraph_text",
                    "content": "ozone layer. Has the size of the hole in the ozone layer changed in"
                },
                {
                    "type": "paragraph_text",
                    "content": "recent years?"
                }
            ]
        },
        {
            "section_title": "13.2.2 Managing the Garbage we Produce",
            "content_blocks": [
                {
                    "type": "paragraph_text",
                    "content": "In our daily activities, we generate a lot of material that are thrown"
                },
                {
                    "type": "paragraph_text",
                    "content": "away. What are some of these waste materials? What happens after we"
                },
                {
                    "type": "paragraph_text",
                    "content": "throw them away? Let us perform an activity to find answers to these"
                },
                {
                    "type": "paragraph_text",
                    "content": "questions."
                }
            ]
        },
        {
            "section_title": "AAAAAccccctttttiiiiivvvvviiiiitttttyyyyy 1111133333.....55555",
            "content_blocks": [
                {
                    "type": "paragraph_text",
                    "content": "n Collect waste material from your homes. This could include all"
                },
                {
                    "type": "paragraph_text",
                    "content": "the waste generated during a day, like kitchen waste (spoilt food,"
                },
                {
                    "type": "paragraph_text",
                    "content": "vegetable peels, used tea leaves, milk packets and empty cartons),"
                },
                {
                    "type": "paragraph_text",
                    "content": "waste paper, empty medicine bottles/strips/bubble packs, old and"
                },
                {
                    "type": "paragraph_text",
                    "content": "torn clothes and broken footwear."
                },
                {
                    "type": "paragraph_text",
                    "content": "n Bury this material in a pit in the school garden or if there is no"
                },
                {
                    "type": "paragraph_text",
                    "content": "space available, you can collect the material in an old bucket/"
                },
                {
                    "type": "paragraph_text",
                    "content": "flower pot and cover with at least 15 cm of soil."
                },
                {
                    "type": "paragraph_text",
                    "content": "n Keep this material moist and observe at 15-day intervals."
                },
                {
                    "type": "paragraph_text",
                    "content": "n What are the materials that remain unchanged over long periods"
                },
                {
                    "type": "paragraph_text",
                    "content": "of time?"
                },
                {
                    "type": "paragraph_text",
                    "content": "n What are the materials which change their form and structure"
                },
                {
                    "type": "paragraph_text",
                    "content": "over time?"
                },
                {
                    "type": "paragraph_text",
                    "content": "n Of these materials that are changed, which ones change the fastest?"
                },
                {
                    "type": "paragraph_text",
                    "content": "Our Environment 213"
                },
                {
                    "type": "paragraph_text",
                    "content": "Reprint 2025-26"
                },
                {
                    "type": "table",
                    "content": [
                        [
                            "Q U E S T I O N S"
                        ],
                        [
                            "?\n1. Why are some substances biodegradable and some non-biodegradable?\n2. Give any two ways in which biodegradable substances would affect the\nenvironment.\n3. Give any two ways in which non-biodegradable substances would affect\nthe environment."
                        ]
                    ]
                },
                {
                    "type": "paragraph_text",
                    "content": "We have seen in the chapter on \u2018Life Processes\u2019 that the food we eat is"
                },
                {
                    "type": "paragraph_text",
                    "content": "digested by various enzymes in our body. Have you ever wondered why"
                },
                {
                    "type": "paragraph_text",
                    "content": "the same enzyme does not break-down everything we eat? Enzymes are"
                },
                {
                    "type": "paragraph_text",
                    "content": "specific in their action, specific enzymes are needed for the break-down"
                },
                {
                    "type": "paragraph_text",
                    "content": "of a particular substance. That is why we will not get any energy if we"
                },
                {
                    "type": "paragraph_text",
                    "content": "try to eat coal! Because of this, many human-made materials like plastics"
                },
                {
                    "type": "paragraph_text",
                    "content": "will not be broken down by the action of bacteria or other saprophytes."
                },
                {
                    "type": "paragraph_text",
                    "content": "These materials will be acted upon by physical processes like heat and"
                },
                {
                    "type": "paragraph_text",
                    "content": "pressure, but under the ambient conditions found in our environment,"
                },
                {
                    "type": "paragraph_text",
                    "content": "these persist for a long time."
                },
                {
                    "type": "paragraph_text",
                    "content": "Substances that are broken down by biological processes are said"
                },
                {
                    "type": "paragraph_text",
                    "content": "to be biodegradable. How many of the substances you buried were"
                },
                {
                    "type": "paragraph_text",
                    "content": "biodegradable? Substances that are not broken down in this manner"
                },
                {
                    "type": "paragraph_text",
                    "content": "are said to be non-biodegradable. These substances may be inert and"
                },
                {
                    "type": "paragraph_text",
                    "content": "simply persist in the environment for a long time or may harm the various"
                },
                {
                    "type": "paragraph_text",
                    "content": "members of the eco-system."
                }
            ]
        },
        {
            "section_title": "AAAAAccccctttttiiiiivvvvviiiiitttttyyyyy 1111133333.....66666",
            "content_blocks": [
                {
                    "type": "paragraph_text",
                    "content": "n Use the library or internet to find out more about biodegradable"
                },
                {
                    "type": "paragraph_text",
                    "content": "and non-biodegradable substances."
                },
                {
                    "type": "paragraph_text",
                    "content": "n How long are various non-biodegradable substances expected to"
                },
                {
                    "type": "paragraph_text",
                    "content": "last in our environment?"
                },
                {
                    "type": "paragraph_text",
                    "content": "n These days, new types of plastics which are said to be biodegradable"
                },
                {
                    "type": "paragraph_text",
                    "content": "are available. Find out more about such materials and whether"
                },
                {
                    "type": "paragraph_text",
                    "content": "they do or do not harm the environment."
                }
            ]
        },
        {
            "section_title": "?",
            "content_blocks": [
                {
                    "type": "paragraph_text",
                    "content": "1. Why are some substances biodegradable and some non-biodegradable?"
                },
                {
                    "type": "paragraph_text",
                    "content": "2. Give any two ways in which biodegradable substances would affect the"
                },
                {
                    "type": "paragraph_text",
                    "content": "environment."
                },
                {
                    "type": "paragraph_text",
                    "content": "3. Give any two ways in which non-biodegradable substances would affect"
                },
                {
                    "type": "paragraph_text",
                    "content": "the environment."
                },
                {
                    "type": "paragraph_text",
                    "content": "Visit any town or city, and we are sure to find heaps of garbage all over"
                },
                {
                    "type": "paragraph_text",
                    "content": "the place. Visit any place of tourist interest and we are sure to find the"
                },
                {
                    "type": "paragraph_text",
                    "content": "place littered with empty food wrappers. In the earlier classes we have"
                },
                {
                    "type": "paragraph_text",
                    "content": "talked about this problem of dealing with the garbage that we generate. Let"
                },
                {
                    "type": "paragraph_text",
                    "content": "us now look at the problem a bit more deeply."
                },
                {
                    "type": "paragraph_text",
                    "content": "214 Science"
                },
                {
                    "type": "paragraph_text",
                    "content": "Reprint 2025-26"
                },
                {
                    "type": "table",
                    "content": [
                        [
                            "Think it over"
                        ],
                        [
                            "Disposable cups in trains\nIf you ask your parents, they will probably remember a time when tea in trains was\nserved in plastic glasses which had to be returned to the vendor. The introduction of\ndisposable cups was hailed as a step forward for reasons of hygiene. No one at that time\nperhaps thought about the impact caused by the disposal of millions of these cups on a\ndaily basis. Some time back, kulhads, that is, disposable cups made of clay, were\nsuggested as an alternative. But a little thought showed that making these kulhads on\na large scale would result in the loss of the fertile top-soil. Now disposable paper-cups\nare being used. What do you think are the advantages of disposable paper-cups over\ndisposable plastic cups?"
                        ]
                    ]
                }
            ]
        },
        {
            "section_title": "AAAAAccccctttttiiiiivvvvviiiiitttttyyyyy 1111133333.....77777",
            "content_blocks": [
                {
                    "type": "paragraph_text",
                    "content": "n Find out what happens to the waste generated at home. Is there a"
                },
                {
                    "type": "paragraph_text",
                    "content": "system in place to collect this waste?"
                },
                {
                    "type": "paragraph_text",
                    "content": "n Find out how the local body (panchayat, municipal corporation,"
                },
                {
                    "type": "paragraph_text",
                    "content": "resident welfare association) deals with the waste. Are there"
                },
                {
                    "type": "paragraph_text",
                    "content": "mechanisms in place to treat the biodegradable and non-"
                },
                {
                    "type": "paragraph_text",
                    "content": "biodegradable wastes separately?"
                },
                {
                    "type": "paragraph_text",
                    "content": "n Calculate how much waste is generated at home in a day."
                },
                {
                    "type": "paragraph_text",
                    "content": "n How much of this waste is biodegradable?"
                },
                {
                    "type": "paragraph_text",
                    "content": "n Calculate how much waste is generated in the classroom"
                },
                {
                    "type": "paragraph_text",
                    "content": "in a day."
                },
                {
                    "type": "paragraph_text",
                    "content": "n How much of this waste is biodegradable?"
                },
                {
                    "type": "paragraph_text",
                    "content": "n Suggest ways of dealing with this waste."
                }
            ]
        },
        {
            "section_title": "AAAAAccccctttttiiiiivvvvviiiiitttttyyyyy 1111133333.....88888",
            "content_blocks": [
                {
                    "type": "paragraph_text",
                    "content": "n Find out how the sewage in your locality is treated. Are there"
                },
                {
                    "type": "paragraph_text",
                    "content": "mechanisms in place to ensure that local water bodies are not"
                },
                {
                    "type": "paragraph_text",
                    "content": "polluted by untreated sewage."
                },
                {
                    "type": "paragraph_text",
                    "content": "n Find out how the local industries in your locality treat their wastes."
                },
                {
                    "type": "paragraph_text",
                    "content": "Are there mechanisms in place to ensure that the soil and water"
                },
                {
                    "type": "paragraph_text",
                    "content": "are not polluted by this waste?"
                },
                {
                    "type": "paragraph_text",
                    "content": "Improvements in our life-style have resulted in greater amounts of"
                },
                {
                    "type": "paragraph_text",
                    "content": "waste material generation. Changes in attitude also have a role to play,"
                },
                {
                    "type": "paragraph_text",
                    "content": "with more and more things we use becoming disposable. Changes in"
                },
                {
                    "type": "paragraph_text",
                    "content": "packaging have resulted in much of our waste becoming non-"
                },
                {
                    "type": "paragraph_text",
                    "content": "biodegradable. What do you think will be the impact of these on our"
                },
                {
                    "type": "paragraph_text",
                    "content": "environment?"
                }
            ]
        },
        {
            "section_title": "Think it over",
            "content_blocks": [
                {
                    "type": "paragraph_text",
                    "content": "Disposable cups in trains"
                },
                {
                    "type": "paragraph_text",
                    "content": "If you ask your parents, they will probably remember a time when tea in trains was"
                },
                {
                    "type": "paragraph_text",
                    "content": "served in plastic glasses which had to be returned to the vendor. The introduction of"
                },
                {
                    "type": "paragraph_text",
                    "content": "disposable cups was hailed as a step forward for reasons of hygiene. No one at that time"
                },
                {
                    "type": "paragraph_text",
                    "content": "perhaps thought about the impact caused by the disposal of millions of these cups on a"
                },
                {
                    "type": "paragraph_text",
                    "content": "daily basis. Some time back, kulhads, that is, disposable cups made of clay, were"
                },
                {
                    "type": "paragraph_text",
                    "content": "suggested as an alternative. But a little thought showed that making these kulhads on"
                },
                {
                    "type": "paragraph_text",
                    "content": "a large scale would result in the loss of the fertile top-soil. Now disposable paper-cups"
                },
                {
                    "type": "paragraph_text",
                    "content": "are being used. What do you think are the advantages of disposable paper-cups over"
                },
                {
                    "type": "paragraph_text",
                    "content": "disposable plastic cups?"
                },
                {
                    "type": "paragraph_text",
                    "content": "Our Environment 215"
                },
                {
                    "type": "paragraph_text",
                    "content": "Reprint 2025-26"
                },
                {
                    "type": "table",
                    "content": [
                        [
                            "Q U E S T I O N S"
                        ],
                        [
                            "?\n1. What is ozone and how does it affect any ecosystem?\n2. How can you help in reducing the problem of waste disposal? Give\nany two methods."
                        ]
                    ]
                }
            ]
        },
        {
            "section_title": "AAAAAccccctttttiiiiivvvvviiiiitttttyyyyy 1111133333.....99999",
            "content_blocks": [
                {
                    "type": "paragraph_text",
                    "content": "n Search the internet or library to find out what hazardous materials"
                },
                {
                    "type": "paragraph_text",
                    "content": "have to be dealt with while disposing of electronic items. How would"
                },
                {
                    "type": "paragraph_text",
                    "content": "these materials affect the environment?"
                },
                {
                    "type": "paragraph_text",
                    "content": "n Find out how plastics are recycled. Does the recycling process"
                },
                {
                    "type": "paragraph_text",
                    "content": "have any impact on the environment?"
                }
            ]
        },
        {
            "section_title": "?",
            "content_blocks": [
                {
                    "type": "paragraph_text",
                    "content": "1. What is ozone and how does it affect any ecosystem?"
                },
                {
                    "type": "paragraph_text",
                    "content": "2. How can you help in reducing the problem of waste disposal? Give"
                },
                {
                    "type": "paragraph_text",
                    "content": "any two methods."
                }
            ]
        },
        {
            "section_title": "What you have learnt",
            "content_blocks": [
                {
                    "type": "paragraph_text",
                    "content": "n The various components of an ecosystem are interdependent."
                },
                {
                    "type": "paragraph_text",
                    "content": "n The producers make the energy from sunlight available to the rest of the ecosystem."
                },
                {
                    "type": "paragraph_text",
                    "content": "n There is a loss of energy as we go from one trophic level to the next, this limits the"
                },
                {
                    "type": "paragraph_text",
                    "content": "number of trophic levels in a food-chain."
                },
                {
                    "type": "paragraph_text",
                    "content": "n Human activities have an impact on the environment."
                },
                {
                    "type": "paragraph_text",
                    "content": "n The use of chemicals like CFCs has endangered the ozone layer. Since the ozone"
                },
                {
                    "type": "paragraph_text",
                    "content": "layer protects against the ultraviolet radiation from the Sun, this could damage"
                },
                {
                    "type": "paragraph_text",
                    "content": "the environment."
                },
                {
                    "type": "paragraph_text",
                    "content": "n The waste we generate may be biodegradable or non-biodegradable."
                },
                {
                    "type": "paragraph_text",
                    "content": "n The disposal of the waste we generate is causing serious environmental problems."
                }
            ]
        },
        {
            "section_title": "E X E R C I S E S",
            "content_blocks": [
                {
                    "type": "paragraph_text",
                    "content": "1. Which of the following groups contain only biodegradable items?"
                },
                {
                    "type": "paragraph_text",
                    "content": "(a) Grass, flowers and leather"
                },
                {
                    "type": "paragraph_text",
                    "content": "(b) Grass, wood and plastic"
                },
                {
                    "type": "paragraph_text",
                    "content": "(c) Fruit-peels, cake and lime-juice"
                },
                {
                    "type": "paragraph_text",
                    "content": "(d) Cake, wood and grass"
                },
                {
                    "type": "paragraph_text",
                    "content": "2. Which of the following constitute a food-chain?"
                },
                {
                    "type": "paragraph_text",
                    "content": "(a) Grass, wheat and mango"
                },
                {
                    "type": "paragraph_text",
                    "content": "(b) Grass, goat and human"
                },
                {
                    "type": "paragraph_text",
                    "content": "216 Science"
                },
                {
                    "type": "paragraph_text",
                    "content": "Reprint 2025-26"
                },
                {
                    "type": "paragraph_text",
                    "content": "(c) Goat, cow and elephant"
                },
                {
                    "type": "paragraph_text",
                    "content": "(d) Grass, fish and goat"
                },
                {
                    "type": "paragraph_text",
                    "content": "3. Which of the following are environment-friendly practices?"
                },
                {
                    "type": "paragraph_text",
                    "content": "(a) Carrying cloth-bags to put purchases in while shopping"
                },
                {
                    "type": "paragraph_text",
                    "content": "(b) Switching off unnecessary lights and fans"
                },
                {
                    "type": "paragraph_text",
                    "content": "(c) Walking to school instead of getting your mother to drop you on her scooter"
                },
                {
                    "type": "paragraph_text",
                    "content": "(d) All of the above"
                },
                {
                    "type": "paragraph_text",
                    "content": "4. What will happen if we kill all the organisms in one trophic level?"
                },
                {
                    "type": "paragraph_text",
                    "content": "5. Will the impact of removing all the organisms in a trophic level be different for"
                },
                {
                    "type": "paragraph_text",
                    "content": "different trophic levels? Can the organisms of any trophic level be removed without"
                },
                {
                    "type": "paragraph_text",
                    "content": "causing any damage to the ecosystem?"
                },
                {
                    "type": "paragraph_text",
                    "content": "6. What is biological magnification? Will the levels of this magnification be different at"
                },
                {
                    "type": "paragraph_text",
                    "content": "different levels of the ecosystem?"
                },
                {
                    "type": "paragraph_text",
                    "content": "7. What are the problems caused by the non-biodegradable wastes that we generate?"
                },
                {
                    "type": "paragraph_text",
                    "content": "8. If all the waste we generate is biodegradable, will this have no impact on the"
                },
                {
                    "type": "paragraph_text",
                    "content": "environment?"
                },
                {
                    "type": "paragraph_text",
                    "content": "9. Why is damage to the ozone layer a cause for concern? What steps are being taken"
                },
                {
                    "type": "paragraph_text",
                    "content": "to limit this damage?"
                },
                {
                    "type": "paragraph_text",
                    "content": "Our Environment 217"
                },
                {
                    "type": "paragraph_text",
                    "content": "Reprint 2025-26"
                }
            ]
        }
    ]
}