{
    "book": "Science",
    "chapter": "ch6",
    "sections": [
        {
            "section_title": "Coordination",
            "content_blocks": [
                {
                    "type": "paragraph_text",
                    "content": "In the previous chapter, we looked at life processes involved in the"
                },
                {
                    "type": "paragraph_text",
                    "content": "maintenance functions in living organisms. There, we had started with"
                },
                {
                    "type": "paragraph_text",
                    "content": "a notion we all have, that if we see something moving, it is alive. Some of"
                },
                {
                    "type": "paragraph_text",
                    "content": "these movements are in fact the result of growth, as in plants. A seed"
                },
                {
                    "type": "paragraph_text",
                    "content": "germinates and grows, and we can see that the seedling moves over the"
                },
                {
                    "type": "paragraph_text",
                    "content": "course of a few days, it pushes soil aside and comes out. But if its growth"
                },
                {
                    "type": "paragraph_text",
                    "content": "were to be stopped, these movements would not happen. Some"
                },
                {
                    "type": "paragraph_text",
                    "content": "movements, as in many animals and some plants, are not connected"
                },
                {
                    "type": "paragraph_text",
                    "content": "with growth. A cat running, children playing on swings, buffaloes"
                },
                {
                    "type": "paragraph_text",
                    "content": "chewing cud \u2013 these are not movements caused by growth."
                },
                {
                    "type": "paragraph_text",
                    "content": "Why do we associate such visible movements with life? A possible"
                },
                {
                    "type": "paragraph_text",
                    "content": "answer is that we think of movement as a response to a change in the"
                },
                {
                    "type": "paragraph_text",
                    "content": "environment of the organism. The cat may be running because it has"
                },
                {
                    "type": "paragraph_text",
                    "content": "seen a mouse. Not only that, we also think of movement as an attempt"
                },
                {
                    "type": "paragraph_text",
                    "content": "by living organisms to use changes in their environment to their"
                },
                {
                    "type": "paragraph_text",
                    "content": "advantage. Plants grow out into the sunshine. Children try to get pleasure"
                },
                {
                    "type": "paragraph_text",
                    "content": "and fun out of swinging. Buffaloes chew cud to help break up tough"
                },
                {
                    "type": "paragraph_text",
                    "content": "food so as to be able to digest it better. When bright light is focussed on"
                },
                {
                    "type": "paragraph_text",
                    "content": "our eyes or when we touch a hot object, we detect the change and respond"
                },
                {
                    "type": "paragraph_text",
                    "content": "to it with movement in order to protect ourselves."
                },
                {
                    "type": "paragraph_text",
                    "content": "If we think a bit more about this, it becomes apparent that all this"
                },
                {
                    "type": "paragraph_text",
                    "content": "movement, in response to the environment, is carefully controlled. Each"
                },
                {
                    "type": "paragraph_text",
                    "content": "kind of a change in the environment evokes an appropriate movement"
                },
                {
                    "type": "paragraph_text",
                    "content": "in response. When we want to talk to our friends in class, we whisper,"
                },
                {
                    "type": "paragraph_text",
                    "content": "rather than shouting loudly. Clearly, the movement to be made depends"
                },
                {
                    "type": "paragraph_text",
                    "content": "on the event that is triggering it. Therefore, such controlled movement"
                },
                {
                    "type": "paragraph_text",
                    "content": "must be connected to the recognition of various events in the"
                },
                {
                    "type": "paragraph_text",
                    "content": "environment, followed by only the correct movement in response. In other"
                },
                {
                    "type": "paragraph_text",
                    "content": "words, living organisms must use systems providing control and"
                },
                {
                    "type": "paragraph_text",
                    "content": "coordination. In keeping with the general principles of body organisation"
                },
                {
                    "type": "paragraph_text",
                    "content": "in multicellular organisms, specialised tissues are used to provide these"
                },
                {
                    "type": "paragraph_text",
                    "content": "control and coordination activities."
                }
            ]
        },
        {
            "section_title": "66666.....11111 AAAAANNNNNIIIIIMMMMMAAAAALLLLLSSSSS \u2013\u2013\u2013\u2013\u2013 NNNNNEEEEERRRRRVVVVVOOOOOUUUUUSSSSS SSSSSYYYYYSSSSSTTTTTEEEEEMMMMM",
            "content_blocks": [
                {
                    "type": "paragraph_text",
                    "content": "In animals, such control and coordination are provided by nervous and"
                },
                {
                    "type": "paragraph_text",
                    "content": "muscular tissues, which we have studied in Class IX. Touching a hot"
                },
                {
                    "type": "paragraph_text",
                    "content": "100 Science"
                },
                {
                    "type": "paragraph_text",
                    "content": "Reprint 2025-26"
                },
                {
                    "type": "paragraph_text",
                    "content": "object is an urgent and dangerous"
                },
                {
                    "type": "paragraph_text",
                    "content": "situation for us. We need to detect it,"
                },
                {
                    "type": "paragraph_text",
                    "content": "and respond to it. How do we detect that"
                },
                {
                    "type": "paragraph_text",
                    "content": "we are touching a hot object? All"
                },
                {
                    "type": "paragraph_text",
                    "content": "information from our environment is"
                },
                {
                    "type": "paragraph_text",
                    "content": "detected by the specialised tips of some"
                },
                {
                    "type": "paragraph_text",
                    "content": "nerve cells. These receptors are usually"
                },
                {
                    "type": "paragraph_text",
                    "content": "located in our sense organs, such as the"
                },
                {
                    "type": "paragraph_text",
                    "content": "inner ear, the nose, the tongue, and so"
                },
                {
                    "type": "paragraph_text",
                    "content": "(a)"
                },
                {
                    "type": "paragraph_text",
                    "content": "on. So gustatory receptors will detect taste"
                },
                {
                    "type": "paragraph_text",
                    "content": "while olfactory receptors will detect smell."
                },
                {
                    "type": "paragraph_text",
                    "content": "This information, acquired at the"
                },
                {
                    "type": "paragraph_text",
                    "content": "end of the dendritic tip of a nerve cell"
                },
                {
                    "type": "paragraph_text",
                    "content": "[Fig. 6.1 (a)], sets off a chemical reaction"
                },
                {
                    "type": "paragraph_text",
                    "content": "that creates an electrical impulse. This"
                },
                {
                    "type": "paragraph_text",
                    "content": "impulse travels from the dendrite to the"
                },
                {
                    "type": "paragraph_text",
                    "content": "cell body, and then along the axon to its"
                },
                {
                    "type": "paragraph_text",
                    "content": "end. At the end of the axon, the electrical"
                },
                {
                    "type": "paragraph_text",
                    "content": "impulse sets off the release of some"
                },
                {
                    "type": "paragraph_text",
                    "content": "chemicals. These chemicals cross the"
                },
                {
                    "type": "paragraph_text",
                    "content": "gap, or synapse, and start a similar (b)"
                },
                {
                    "type": "paragraph_text",
                    "content": "electrical impulse in a dendrite of the next"
                },
                {
                    "type": "paragraph_text",
                    "content": "FFFFFiiiiiggggguuuuurrrrreeeee 66666.....11111 (a) Structure of neuron, (b) Neuromuscular"
                },
                {
                    "type": "paragraph_text",
                    "content": "neuron. This is a general scheme of how"
                },
                {
                    "type": "paragraph_text",
                    "content": "junction"
                },
                {
                    "type": "paragraph_text",
                    "content": "nervous impulses travel in the body. A"
                },
                {
                    "type": "paragraph_text",
                    "content": "similar synapse finally allows delivery of such impulses from neurons to"
                },
                {
                    "type": "paragraph_text",
                    "content": "other cells, such as muscles cells or gland [Fig. 6.1 (b)]."
                },
                {
                    "type": "paragraph_text",
                    "content": "It is thus no surprise that nervous tissue is made up of an organised"
                },
                {
                    "type": "paragraph_text",
                    "content": "network of nerve cells or neurons, and is specialised for conducting"
                },
                {
                    "type": "paragraph_text",
                    "content": "information via electrical impulses from one part of the body to another."
                },
                {
                    "type": "paragraph_text",
                    "content": "Look at Fig. 6.1 (a) and identify the parts of a neuron (i) where"
                },
                {
                    "type": "paragraph_text",
                    "content": "information is acquired, (ii) through which information travels as an"
                },
                {
                    "type": "paragraph_text",
                    "content": "electrical impulse, and (iii) where this impulse must be converted into a"
                },
                {
                    "type": "paragraph_text",
                    "content": "chemical signal for onward transmission."
                }
            ]
        },
        {
            "section_title": "AAAAAccccctttttiiiiivvvvviiiiitttttyyyyy 66666.....11111",
            "content_blocks": [
                {
                    "type": "paragraph_text",
                    "content": "n Put some sugar in your mouth. How does it taste?"
                },
                {
                    "type": "paragraph_text",
                    "content": "n Block your nose by pressing it between your thumb and index"
                },
                {
                    "type": "paragraph_text",
                    "content": "finger. Now eat sugar again. Is there any difference in its taste?"
                },
                {
                    "type": "paragraph_text",
                    "content": "n While eating lunch, block your nose in the same way and notice if"
                },
                {
                    "type": "paragraph_text",
                    "content": "you can fully appreciate the taste of the food you are eating."
                },
                {
                    "type": "paragraph_text",
                    "content": "Is there a difference in how sugar and food taste if your nose is"
                },
                {
                    "type": "paragraph_text",
                    "content": "blocked? If so, why might this be happening? Read and talk about"
                },
                {
                    "type": "paragraph_text",
                    "content": "possible explanations for these kinds of differences. Do you come across"
                },
                {
                    "type": "paragraph_text",
                    "content": "a similar situation when you have a cold?"
                },
                {
                    "type": "paragraph_text",
                    "content": "Control and Coordination 101"
                },
                {
                    "type": "paragraph_text",
                    "content": "Reprint 2025-26"
                }
            ]
        },
        {
            "section_title": "6.1.1 What happens in Reflex Actions?",
            "content_blocks": [
                {
                    "type": "paragraph_text",
                    "content": "\u2018Reflex\u2019 is a word we use very commonly when we talk about some sudden"
                },
                {
                    "type": "paragraph_text",
                    "content": "action in response to something in the environment. We say \u2018I jumped"
                },
                {
                    "type": "paragraph_text",
                    "content": "out of the way of the bus reflexly\u2019, or \u2018I pulled my hand back from the"
                },
                {
                    "type": "paragraph_text",
                    "content": "flame reflexly\u2019, or \u2018I was so hungry my mouth started watering reflexly\u2019."
                },
                {
                    "type": "paragraph_text",
                    "content": "What exactly do we mean? A common idea in all such examples is that"
                },
                {
                    "type": "paragraph_text",
                    "content": "we do something without thinking about it, or without feeling in control"
                },
                {
                    "type": "paragraph_text",
                    "content": "of our reactions. Yet these are situations where we are responding with"
                },
                {
                    "type": "paragraph_text",
                    "content": "some action to changes in our environment. How is control and"
                },
                {
                    "type": "paragraph_text",
                    "content": "coordination achieved in such situations?"
                },
                {
                    "type": "paragraph_text",
                    "content": "Let us consider this further. Take one of our examples. Touching a"
                },
                {
                    "type": "paragraph_text",
                    "content": "flame is an urgent and dangerous situation for us, or in fact, for any"
                },
                {
                    "type": "paragraph_text",
                    "content": "animal! How would we respond to this? One seemingly simple way is to"
                },
                {
                    "type": "paragraph_text",
                    "content": "think consciously about the pain and the possibility of getting burnt,"
                },
                {
                    "type": "paragraph_text",
                    "content": "and therefore move our hand. An important question then is, how long"
                },
                {
                    "type": "paragraph_text",
                    "content": "will it take us to think all this? The answer depends on how we think. If"
                },
                {
                    "type": "paragraph_text",
                    "content": "nerve impulses are sent around the way we have talked about earlier,"
                },
                {
                    "type": "paragraph_text",
                    "content": "then thinking is also likely to involve the creation of such impulses."
                },
                {
                    "type": "paragraph_text",
                    "content": "Thinking is a complex activity, so it is bound to involve a complicated"
                },
                {
                    "type": "paragraph_text",
                    "content": "interaction of many nerve impulses from many neurons."
                },
                {
                    "type": "paragraph_text",
                    "content": "If this is the case, it is no surprise that the thinking tissue in our"
                },
                {
                    "type": "paragraph_text",
                    "content": "body consists of dense networks of intricately arranged neurons. It sits"
                },
                {
                    "type": "paragraph_text",
                    "content": "in the forward end of the skull, and receives signals from all over the"
                },
                {
                    "type": "paragraph_text",
                    "content": "body which it thinks about before responding to them. Obviously, in"
                },
                {
                    "type": "paragraph_text",
                    "content": "order to receive these signals, this thinking part of the brain in the skull"
                },
                {
                    "type": "paragraph_text",
                    "content": "must be connected to nerves coming from various parts of the body."
                },
                {
                    "type": "paragraph_text",
                    "content": "Similarly, if this part of the brain is to instruct muscles to move, nerves"
                },
                {
                    "type": "paragraph_text",
                    "content": "must carry this signal back to different parts of the body. If all of this is"
                },
                {
                    "type": "paragraph_text",
                    "content": "to be done when we touch a hot object, it may take enough time for us to"
                },
                {
                    "type": "paragraph_text",
                    "content": "get burnt!"
                },
                {
                    "type": "paragraph_text",
                    "content": "How does the design of the body solve this problem? Rather than"
                },
                {
                    "type": "paragraph_text",
                    "content": "having to think about the sensation of heat, if the nerves that detect heat"
                },
                {
                    "type": "paragraph_text",
                    "content": "were to be connected to the nerves that move muscles in a simpler way,"
                },
                {
                    "type": "paragraph_text",
                    "content": "the process of detecting the signal or the input and responding to it by"
                },
                {
                    "type": "paragraph_text",
                    "content": "an output action might be completed quickly. Such a connection is"
                },
                {
                    "type": "paragraph_text",
                    "content": "commonly called a reflex arc (Fig. 6.2). Where should such reflex arc"
                },
                {
                    "type": "paragraph_text",
                    "content": "connections be made between the input nerve and the output nerve?"
                },
                {
                    "type": "paragraph_text",
                    "content": "The best place, of course, would be at the point where they first meet"
                },
                {
                    "type": "paragraph_text",
                    "content": "each other. Nerves from all over the body meet in a bundle in the spinal"
                },
                {
                    "type": "paragraph_text",
                    "content": "cord on their way to the brain. Reflex arcs are formed in this spinal cord"
                },
                {
                    "type": "paragraph_text",
                    "content": "itself, although the information input also goes on to reach the brain."
                },
                {
                    "type": "paragraph_text",
                    "content": "Of course, reflex arcs have evolved in animals because the thinking"
                },
                {
                    "type": "paragraph_text",
                    "content": "process of the brain is not fast enough. In fact many animals have very"
                },
                {
                    "type": "paragraph_text",
                    "content": "little or none of the complex neuron network needed for thinking. So it is"
                },
                {
                    "type": "paragraph_text",
                    "content": "quite likely that reflex arcs have evolved as efficient ways of functioning"
                },
                {
                    "type": "paragraph_text",
                    "content": "in the absence of true thought processes. However, even after complex"
                },
                {
                    "type": "paragraph_text",
                    "content": "neuron networks have come into existence, reflex arcs continue to be"
                },
                {
                    "type": "paragraph_text",
                    "content": "more efficient for quick responses."
                },
                {
                    "type": "paragraph_text",
                    "content": "102 Science"
                },
                {
                    "type": "paragraph_text",
                    "content": "Reprint 2025-26"
                },
                {
                    "type": "paragraph_text",
                    "content": "FFFFFiiiiiggggguuuuurrrrreeeee 66666.....22222 Reflex arc"
                },
                {
                    "type": "paragraph_text",
                    "content": "Can you now trace the sequence of events which occur when a bright"
                },
                {
                    "type": "paragraph_text",
                    "content": "light is focussed on your eyes?"
                }
            ]
        },
        {
            "section_title": "6.1.2 Human Brain",
            "content_blocks": [
                {
                    "type": "paragraph_text",
                    "content": "Is reflex action the only function of the spinal cord? Obviously not, since"
                },
                {
                    "type": "paragraph_text",
                    "content": "we know that we are thinking beings. Spinal cord is made up of nerves"
                },
                {
                    "type": "paragraph_text",
                    "content": "which supply information to think about. Thinking involves more"
                },
                {
                    "type": "paragraph_text",
                    "content": "complex mechanisms and neural connections. These are concentrated"
                },
                {
                    "type": "paragraph_text",
                    "content": "in the brain, which is the main coordinating centre of the body. The"
                },
                {
                    "type": "paragraph_text",
                    "content": "brain and spinal cord constitute the central nervous system (Fig. 6.3)."
                },
                {
                    "type": "paragraph_text",
                    "content": "They receive information from all parts of the body and integrate it."
                },
                {
                    "type": "paragraph_text",
                    "content": "We also think about our actions. Writing, talking, moving a chair,"
                },
                {
                    "type": "paragraph_text",
                    "content": "clapping at the end of a programme are examples of voluntary actions"
                },
                {
                    "type": "paragraph_text",
                    "content": "which are based on deciding what to do next. So, the brain also has to"
                },
                {
                    "type": "paragraph_text",
                    "content": "send messages to muscles. This is the second way in which the nervous"
                },
                {
                    "type": "paragraph_text",
                    "content": "system communicates with the muscles. The communication between"
                },
                {
                    "type": "paragraph_text",
                    "content": "the central nervous system and the other parts of the body is facilitated"
                },
                {
                    "type": "paragraph_text",
                    "content": "by the peripheral nervous system consisting of cranial nerves arising"
                },
                {
                    "type": "paragraph_text",
                    "content": "from the brain and spinal nerves arising from the spinal cord. The brain"
                },
                {
                    "type": "paragraph_text",
                    "content": "thus allows us to think and take actions based on that thinking. As you"
                },
                {
                    "type": "paragraph_text",
                    "content": "will expect, this is accomplished through a complex design, with different"
                },
                {
                    "type": "paragraph_text",
                    "content": "parts of the brain responsible for integrating different inputs and outputs."
                },
                {
                    "type": "paragraph_text",
                    "content": "The brain has three such major parts or regions, namely the fore-brain,"
                },
                {
                    "type": "paragraph_text",
                    "content": "mid-brain and hind-brain."
                },
                {
                    "type": "paragraph_text",
                    "content": "The fore-brain is the main thinking part of the brain. It has regions"
                },
                {
                    "type": "paragraph_text",
                    "content": "which receive sensory impulses from various receptors. Separate areas"
                },
                {
                    "type": "paragraph_text",
                    "content": "of the fore-brain are specialised for hearing, smell, sight and so on. There"
                },
                {
                    "type": "paragraph_text",
                    "content": "are separate areas of association where this sensory information is"
                },
                {
                    "type": "paragraph_text",
                    "content": "interpreted by putting it together with information from other receptors"
                },
                {
                    "type": "paragraph_text",
                    "content": "as well as with information that is already stored in the brain. Based on"
                },
                {
                    "type": "paragraph_text",
                    "content": "Control and Coordination 103"
                },
                {
                    "type": "paragraph_text",
                    "content": "Reprint 2025-26"
                },
                {
                    "type": "paragraph_text",
                    "content": "all this, a decision is made about how to respond and the information is"
                },
                {
                    "type": "paragraph_text",
                    "content": "passed on to the motor areas which control the movement of voluntary"
                },
                {
                    "type": "paragraph_text",
                    "content": "muscles, for example, our leg muscles. However, certain sensations are"
                },
                {
                    "type": "paragraph_text",
                    "content": "distinct from seeing or hearing, for example, how do we know that we"
                },
                {
                    "type": "paragraph_text",
                    "content": "have eaten enough? The sensation of feeling full is because of a centre"
                },
                {
                    "type": "paragraph_text",
                    "content": "associated with hunger, which is in a separate part of the fore-brain."
                },
                {
                    "type": "paragraph_text",
                    "content": "FFFFFiiiiiggggguuuuurrrrreeeee 66666.....33333 Human brain"
                },
                {
                    "type": "paragraph_text",
                    "content": "Study the labelled diagram of the human brain. We have seen that"
                },
                {
                    "type": "paragraph_text",
                    "content": "the different parts have specific functions. Can we find out the function"
                },
                {
                    "type": "paragraph_text",
                    "content": "of each part?"
                },
                {
                    "type": "paragraph_text",
                    "content": "Let us look at the other use of the word \u2018reflex\u2019 that we have talked"
                },
                {
                    "type": "paragraph_text",
                    "content": "about in the introduction. Our mouth waters when we see food we like"
                },
                {
                    "type": "paragraph_text",
                    "content": "without our meaning to. Our hearts beat without our thinking about it."
                },
                {
                    "type": "paragraph_text",
                    "content": "In fact, we cannot control these actions easily by thinking about them"
                },
                {
                    "type": "paragraph_text",
                    "content": "even if we wanted to. Do we have to think about or remember to breathe"
                },
                {
                    "type": "paragraph_text",
                    "content": "or digest food? So, in between the simple reflex actions like change in"
                },
                {
                    "type": "paragraph_text",
                    "content": "the size of the pupil, and the thought out actions such as moving a"
                },
                {
                    "type": "paragraph_text",
                    "content": "chair, there is another set of muscle movements over which we do not"
                },
                {
                    "type": "paragraph_text",
                    "content": "have any thinking control. Many of these involuntary actions are"
                },
                {
                    "type": "paragraph_text",
                    "content": "controlled by the mid-brain and hind-brain. All these involuntary actions"
                },
                {
                    "type": "paragraph_text",
                    "content": "including blood pressure, salivation and vomiting are controlled by the"
                },
                {
                    "type": "paragraph_text",
                    "content": "medulla in the hind-brain."
                },
                {
                    "type": "paragraph_text",
                    "content": "Think about activities like walking in a straight line, riding a bicycle,"
                },
                {
                    "type": "paragraph_text",
                    "content": "picking up a pencil. These are possible due to a part of the hind-brain"
                },
                {
                    "type": "paragraph_text",
                    "content": "called the cerebellum. It is responsible for precision of voluntary actions"
                },
                {
                    "type": "paragraph_text",
                    "content": "and maintaining the posture and balance of the body. Imagine what"
                },
                {
                    "type": "paragraph_text",
                    "content": "would happen if each of these events failed to take place if we were not"
                },
                {
                    "type": "paragraph_text",
                    "content": "thinking about it."
                },
                {
                    "type": "paragraph_text",
                    "content": "104 Science"
                },
                {
                    "type": "paragraph_text",
                    "content": "Reprint 2025-26"
                },
                {
                    "type": "table",
                    "content": [
                        [
                            "Q U E S T I O N S"
                        ],
                        [
                            "?\n1. What is the difference between a reflex action and walking?\n2. What happens at the synapse between two neurons?\n3. Which part of the brain maintains posture and equilibrium of the body?\n4. How do we detect the smell of an agarbatti (incense stick)?\n5. What is the role of the brain in reflex action?"
                        ]
                    ]
                }
            ]
        },
        {
            "section_title": "6.1.3 How are these Tissues protected?",
            "content_blocks": [
                {
                    "type": "paragraph_text",
                    "content": "A delicate organ like the brain, which is so important for a variety of"
                },
                {
                    "type": "paragraph_text",
                    "content": "activities, needs to be carefully protected. For this, the body is designed"
                },
                {
                    "type": "paragraph_text",
                    "content": "so that the brain sits inside a bony box. Inside the box, the brain is"
                },
                {
                    "type": "paragraph_text",
                    "content": "contained in a fluid-filled balloon which provides further shock"
                },
                {
                    "type": "paragraph_text",
                    "content": "absorption. If you run your hand down the middle of your back, you"
                },
                {
                    "type": "paragraph_text",
                    "content": "will feel a hard, bumpy structure. This is the vertebral column or"
                },
                {
                    "type": "paragraph_text",
                    "content": "backbone which protects the spinal cord."
                }
            ]
        },
        {
            "section_title": "6.1.4 How does the Nervous Tissue cause Action?",
            "content_blocks": [
                {
                    "type": "paragraph_text",
                    "content": "So far, we have been talking about nervous tissue, and how it collects"
                },
                {
                    "type": "paragraph_text",
                    "content": "information, sends it around the body, processes information, makes"
                },
                {
                    "type": "paragraph_text",
                    "content": "decisions based on information, and conveys decisions to muscles for"
                },
                {
                    "type": "paragraph_text",
                    "content": "action. In other words, when the action or movement is to be performed,"
                },
                {
                    "type": "paragraph_text",
                    "content": "muscle tissue will do the final job. How do animal muscles move? When"
                },
                {
                    "type": "paragraph_text",
                    "content": "a nerve impulse reaches the muscle, the muscle fibre must move. How"
                },
                {
                    "type": "paragraph_text",
                    "content": "does a muscle cell move? The simplest notion of movement at the cellular"
                },
                {
                    "type": "paragraph_text",
                    "content": "level is that muscle cells will move by changing their shape so that they"
                },
                {
                    "type": "paragraph_text",
                    "content": "shorten. So the next question is, how do muscle cells change their shape?"
                },
                {
                    "type": "paragraph_text",
                    "content": "The answer must lie in the chemistry of cellular components. Muscle"
                },
                {
                    "type": "paragraph_text",
                    "content": "cells have special proteins that change both their shape and their"
                },
                {
                    "type": "paragraph_text",
                    "content": "arrangement in the cell in response to nervous electrical impulses. When"
                },
                {
                    "type": "paragraph_text",
                    "content": "this happens, new arrangements of these proteins give the muscle cells"
                },
                {
                    "type": "paragraph_text",
                    "content": "a shorter form. Remember when we talked about muscle tissue in"
                },
                {
                    "type": "paragraph_text",
                    "content": "Class IX, there were different kinds of muscles, such as voluntary muscles"
                },
                {
                    "type": "paragraph_text",
                    "content": "and involuntary muscles. Based on what we have discussed so far, what"
                },
                {
                    "type": "paragraph_text",
                    "content": "do you think the differences between these would be?"
                }
            ]
        },
        {
            "section_title": "?",
            "content_blocks": [
                {
                    "type": "paragraph_text",
                    "content": "1. What is the difference between a reflex action and walking?"
                },
                {
                    "type": "paragraph_text",
                    "content": "2. What happens at the synapse between two neurons?"
                },
                {
                    "type": "paragraph_text",
                    "content": "3. Which part of the brain maintains posture and equilibrium of the body?"
                },
                {
                    "type": "paragraph_text",
                    "content": "4. How do we detect the smell of an agarbatti (incense stick)?"
                },
                {
                    "type": "paragraph_text",
                    "content": "5. What is the role of the brain in reflex action?"
                }
            ]
        },
        {
            "section_title": "66666.....22222 CCCCCOOOOOOOOOORRRRRDDDDDIIIIINNNNNAAAAATTTTTIIIIIOOOOONNNNN IIIIINNNNN PPPPPLLLLLAAAAANNNNNTTTTTSSSSS",
            "content_blocks": [
                {
                    "type": "paragraph_text",
                    "content": "Animals have a nervous system for controlling and coordinating the"
                },
                {
                    "type": "paragraph_text",
                    "content": "activities of the body. But plants have neither a nervous system nor"
                },
                {
                    "type": "paragraph_text",
                    "content": "muscles. So, how do they respond to stimuli? When we touch the leaves"
                },
                {
                    "type": "paragraph_text",
                    "content": "of a chhui-mui (the \u2018sensitive\u2019 or \u2018touch-me-not\u2019 plant of the Mimosa"
                },
                {
                    "type": "paragraph_text",
                    "content": "family), they begin to fold up and droop. When a seed germinates, the"
                },
                {
                    "type": "paragraph_text",
                    "content": "root goes down, the stem comes up into the air. What happens? Firstly,"
                },
                {
                    "type": "paragraph_text",
                    "content": "the leaves of the sensitive plant move very quickly in response to touch."
                },
                {
                    "type": "paragraph_text",
                    "content": "Control and Coordination 105"
                },
                {
                    "type": "paragraph_text",
                    "content": "Reprint 2025-26"
                },
                {
                    "type": "paragraph_text",
                    "content": "There is no growth involved in this movement. On the other hand, the"
                },
                {
                    "type": "paragraph_text",
                    "content": "directional movement of a seedling is caused by growth. If it is prevented"
                },
                {
                    "type": "paragraph_text",
                    "content": "from growing, it will not show any movement. So plants show two different"
                },
                {
                    "type": "paragraph_text",
                    "content": "types of movement \u2013 one dependent on growth and the other independent"
                },
                {
                    "type": "paragraph_text",
                    "content": "of growth."
                }
            ]
        },
        {
            "section_title": "6.2.1 Immediate Response to Stimulus",
            "content_blocks": [
                {
                    "type": "paragraph_text",
                    "content": "Let us think about the first kind of movement, such as that of the sensitive"
                },
                {
                    "type": "paragraph_text",
                    "content": "plant. Since no growth is involved, the plant must actually move its leaves"
                },
                {
                    "type": "paragraph_text",
                    "content": "in response to touch. But there is no nervous tissue, nor any muscle"
                },
                {
                    "type": "paragraph_text",
                    "content": "tissue. How does the plant detect the touch, and how do the leaves move"
                },
                {
                    "type": "paragraph_text",
                    "content": "in response?"
                },
                {
                    "type": "paragraph_text",
                    "content": "FFFFFiiiiiggggguuuuurrrrreeeee 66666.....44444 The sensitive plant"
                },
                {
                    "type": "paragraph_text",
                    "content": "If we think about where exactly the plant is touched, and what part"
                },
                {
                    "type": "paragraph_text",
                    "content": "of the plant actually moves, it is apparent that movement happens at a"
                },
                {
                    "type": "paragraph_text",
                    "content": "point different from the point of touch. So, information that a touch has"
                },
                {
                    "type": "paragraph_text",
                    "content": "occurred must be communicated. The plants also use electrical-chemical"
                },
                {
                    "type": "paragraph_text",
                    "content": "means to convey this information from cell to cell, but unlike in animals,"
                },
                {
                    "type": "paragraph_text",
                    "content": "there is no specialised tissue in plants for the conduction of information."
                },
                {
                    "type": "paragraph_text",
                    "content": "Finally, again as in animals, some cells must change shape in order for"
                },
                {
                    "type": "paragraph_text",
                    "content": "movement to happen. Instead of the specialised proteins found in animal"
                },
                {
                    "type": "paragraph_text",
                    "content": "muscle cells, plant cells change shape by changing the amount of water"
                },
                {
                    "type": "paragraph_text",
                    "content": "in them, resulting in swelling or shrinking, and therefore in changing"
                },
                {
                    "type": "paragraph_text",
                    "content": "shapes (Fig. 6.4)."
                }
            ]
        },
        {
            "section_title": "6.2.2 Movement Due to Growth",
            "content_blocks": [
                {
                    "type": "paragraph_text",
                    "content": "Some plants like the pea plant climb up other plants or fences by means"
                },
                {
                    "type": "paragraph_text",
                    "content": "of tendrils. These tendrils are sensitive to touch. When they come in"
                },
                {
                    "type": "paragraph_text",
                    "content": "contact with any support, the part of the tendril in contact with the object"
                },
                {
                    "type": "paragraph_text",
                    "content": "does not grow as rapidly as the part of the tendril away from the object."
                },
                {
                    "type": "paragraph_text",
                    "content": "This causes the tendril to circle around the object and thus cling to it."
                },
                {
                    "type": "paragraph_text",
                    "content": "More commonly, plants respond to stimuli slowly by growing in a"
                },
                {
                    "type": "paragraph_text",
                    "content": "particular direction. Because this growth is directional, it appears as if"
                },
                {
                    "type": "paragraph_text",
                    "content": "the plant is moving. Let us understand this type of movement with the"
                },
                {
                    "type": "paragraph_text",
                    "content": "help of an example."
                },
                {
                    "type": "paragraph_text",
                    "content": "106 Science"
                },
                {
                    "type": "paragraph_text",
                    "content": "Reprint 2025-26"
                },
                {
                    "type": "table",
                    "content": [
                        [
                            "",
                            "",
                            ""
                        ]
                    ]
                }
            ]
        },
        {
            "section_title": "AAAAAccccctttttiiiiivvvvviiiiitttttyyyyy 66666.....22222",
            "content_blocks": [
                {
                    "type": "paragraph_text",
                    "content": "n Fill a conical flask with water."
                },
                {
                    "type": "paragraph_text",
                    "content": "n Cover the neck of the flask with a wire mesh."
                },
                {
                    "type": "paragraph_text",
                    "content": "n Keep two or three freshly germinated bean"
                },
                {
                    "type": "paragraph_text",
                    "content": "seeds on the wire mesh."
                },
                {
                    "type": "paragraph_text",
                    "content": "n Take a cardboard box which is open from one"
                },
                {
                    "type": "paragraph_text",
                    "content": "side."
                },
                {
                    "type": "paragraph_text",
                    "content": "n Keep the flask in the box in such a manner"
                },
                {
                    "type": "paragraph_text",
                    "content": "that the open side of the box faces light coming"
                },
                {
                    "type": "paragraph_text",
                    "content": "from a window (Fig. 6.5)."
                },
                {
                    "type": "paragraph_text",
                    "content": "n After two or three days, you will notice that"
                },
                {
                    "type": "paragraph_text",
                    "content": "the shoots bend towards light and roots away"
                },
                {
                    "type": "paragraph_text",
                    "content": "from light."
                },
                {
                    "type": "paragraph_text",
                    "content": "n Now turn the flask so that the shoots are away"
                },
                {
                    "type": "paragraph_text",
                    "content": "FFFFFiiiiiggggguuuuurrrrreeeee 66666.....55555"
                },
                {
                    "type": "paragraph_text",
                    "content": "from light and the roots towards light. Leave it"
                },
                {
                    "type": "paragraph_text",
                    "content": "Response of the plant to the direction of light"
                },
                {
                    "type": "paragraph_text",
                    "content": "undisturbed in this condition for a few days."
                },
                {
                    "type": "paragraph_text",
                    "content": "n Have the old parts of the shoot and root"
                },
                {
                    "type": "paragraph_text",
                    "content": "changed direction?"
                },
                {
                    "type": "paragraph_text",
                    "content": "n Are there differences in the direction of the new"
                },
                {
                    "type": "paragraph_text",
                    "content": "growth?"
                },
                {
                    "type": "paragraph_text",
                    "content": "n What can we conclude from this activity?"
                },
                {
                    "type": "paragraph_text",
                    "content": "Environmental triggers such as light, or gravity"
                },
                {
                    "type": "paragraph_text",
                    "content": "will change the directions that plant parts grow in."
                },
                {
                    "type": "paragraph_text",
                    "content": "These directional, or tropic, movements can be either"
                },
                {
                    "type": "paragraph_text",
                    "content": "towards the stimulus, or away from it. So, in two"
                },
                {
                    "type": "paragraph_text",
                    "content": "different kinds of phototropic movement, shoots"
                },
                {
                    "type": "paragraph_text",
                    "content": "respond by bending towards light while roots"
                },
                {
                    "type": "paragraph_text",
                    "content": "respond by bending away from it. How does this help FFFFFiiiiiggggguuuuurrrrreeeee 66666.....66666 Plant showing geotropism"
                },
                {
                    "type": "paragraph_text",
                    "content": "the plant?"
                },
                {
                    "type": "paragraph_text",
                    "content": "Plants show tropism in response to other stimuli as well. The roots"
                },
                {
                    "type": "paragraph_text",
                    "content": "of a plant always grow downwards while the shoots usually grow"
                },
                {
                    "type": "paragraph_text",
                    "content": "upwards and away from the earth. This upward and downward growth"
                },
                {
                    "type": "paragraph_text",
                    "content": "of shoots and roots, respectively, in response to the pull of earth or gravity"
                },
                {
                    "type": "paragraph_text",
                    "content": "is, obviously, geotropism (Fig. 6.6). If \u2018hydro\u2019 means water and \u2018chemo\u2019"
                },
                {
                    "type": "paragraph_text",
                    "content": "refers to chemicals, what would \u2018hydrotropism\u2019 and \u2018chemotropism\u2019"
                },
                {
                    "type": "paragraph_text",
                    "content": "mean? Can we think of examples of these kinds of directional growth"
                },
                {
                    "type": "paragraph_text",
                    "content": "movements? One example of chemotropism is the growth of pollen tubes"
                },
                {
                    "type": "paragraph_text",
                    "content": "towards ovules, about which we will learn more when we examine the"
                },
                {
                    "type": "paragraph_text",
                    "content": "reproductive processes of living organisms."
                },
                {
                    "type": "paragraph_text",
                    "content": "Let us now once again think about how information is communicated"
                },
                {
                    "type": "paragraph_text",
                    "content": "in the bodies of multicellular organisms. The movement of the"
                },
                {
                    "type": "paragraph_text",
                    "content": "sensitive plant in response to touch is very quick. The movement of"
                },
                {
                    "type": "paragraph_text",
                    "content": "sunflowers in response to day or night, on the other hand, is quite slow."
                },
                {
                    "type": "paragraph_text",
                    "content": "Growth-related movement of plants will be even slower."
                },
                {
                    "type": "paragraph_text",
                    "content": "Even in animal bodies, there are carefully controlled directions to"
                },
                {
                    "type": "paragraph_text",
                    "content": "growth. Our arms and fingers grow in certain directions, not haphazardly."
                },
                {
                    "type": "paragraph_text",
                    "content": "So controlled movements can be either slow or fast. If fast responses to"
                },
                {
                    "type": "paragraph_text",
                    "content": "stimuli are to be made, information transfer must happen very quickly."
                },
                {
                    "type": "paragraph_text",
                    "content": "For this, the medium of transmission must be able to move rapidly."
                },
                {
                    "type": "paragraph_text",
                    "content": "Control and Coordination 107"
                },
                {
                    "type": "paragraph_text",
                    "content": "Reprint 2025-26"
                },
                {
                    "type": "table",
                    "content": [
                        [
                            "Q U E S T I O N S"
                        ],
                        [
                            "?\n1. What are plant hormones?\n2. How is the movement of leaves of the sensitive plant different from the\nmovement of a shoot towards light?\n3. Give an example of a plant hormone that promotes growth.\n4. How do auxins promote the growth of a tendril around a support?\n5. Design an experiment to demonstrate hydrotropism."
                        ]
                    ]
                },
                {
                    "type": "paragraph_text",
                    "content": "Electrical impulses are an excellent means for this. But there are"
                },
                {
                    "type": "paragraph_text",
                    "content": "limitations to the use of electrical impulses. Firstly, they will reach only"
                },
                {
                    "type": "paragraph_text",
                    "content": "those cells that are connected by nervous tissue, not each and every cell"
                },
                {
                    "type": "paragraph_text",
                    "content": "in the animal body. Secondly, once an electrical impulse is generated in"
                },
                {
                    "type": "paragraph_text",
                    "content": "a cell and transmitted, the cell will take some time to reset its mechanisms"
                },
                {
                    "type": "paragraph_text",
                    "content": "before it can generate and transmit a new impulse. In other words, cells"
                },
                {
                    "type": "paragraph_text",
                    "content": "cannot continually create and transmit electrical impulses. It is thus no"
                },
                {
                    "type": "paragraph_text",
                    "content": "wonder that most multicellular organisms use another means of"
                },
                {
                    "type": "paragraph_text",
                    "content": "communication between cells, namely, chemical communication."
                },
                {
                    "type": "paragraph_text",
                    "content": "If, instead of generating an electrical impulse, stimulated cells release"
                },
                {
                    "type": "paragraph_text",
                    "content": "a chemical compound, this compound would diffuse all around the"
                },
                {
                    "type": "paragraph_text",
                    "content": "original cell. If other cells around have the means to detect this compound"
                },
                {
                    "type": "paragraph_text",
                    "content": "using special molecules on their surfaces, then they would be able to"
                },
                {
                    "type": "paragraph_text",
                    "content": "recognise information, and even transmit it. This will be slower, of course,"
                },
                {
                    "type": "paragraph_text",
                    "content": "but it can potentially reach all cells of the body, regardless of nervous"
                },
                {
                    "type": "paragraph_text",
                    "content": "connections, and it can be done steadily and persistently. These"
                },
                {
                    "type": "paragraph_text",
                    "content": "compounds, or hormones used by multicellular organisms for control"
                },
                {
                    "type": "paragraph_text",
                    "content": "and coordination show a great deal of diversity, as we would expect."
                },
                {
                    "type": "paragraph_text",
                    "content": "Different plant hormones help to coordinate growth, development and"
                },
                {
                    "type": "paragraph_text",
                    "content": "responses to the environment. They are synthesised at places away from"
                },
                {
                    "type": "paragraph_text",
                    "content": "where they act and simply diffuse to the area of action."
                },
                {
                    "type": "paragraph_text",
                    "content": "Let us take an example that we have worked with earlier [Activity 6.2]."
                },
                {
                    "type": "paragraph_text",
                    "content": "When growing plants detect light, a hormone called auxin, synthesised"
                },
                {
                    "type": "paragraph_text",
                    "content": "at the shoot tip, helps the cells to grow longer. When light is coming from"
                },
                {
                    "type": "paragraph_text",
                    "content": "one side of the plant, auxin diffuses towards the shady side of the shoot."
                },
                {
                    "type": "paragraph_text",
                    "content": "This concentration of auxin stimulates the cells to grow longer on the"
                },
                {
                    "type": "paragraph_text",
                    "content": "side of the shoot which is away from light. Thus, the plant appears to"
                },
                {
                    "type": "paragraph_text",
                    "content": "bend towards light."
                },
                {
                    "type": "paragraph_text",
                    "content": "Another example of plant hormones are gibberellins which, like"
                },
                {
                    "type": "paragraph_text",
                    "content": "auxins, help in the growth of the stem. Cytokinins promote cell division,"
                },
                {
                    "type": "paragraph_text",
                    "content": "and it is natural then that they are present in greater concentration in"
                },
                {
                    "type": "paragraph_text",
                    "content": "areas of rapid cell division, such as in fruits and seeds. These are examples"
                },
                {
                    "type": "paragraph_text",
                    "content": "of plant hormones that help in promoting growth. But plants also need"
                },
                {
                    "type": "paragraph_text",
                    "content": "signals to stop growing. Abscisic acid is one example of a hormone which"
                },
                {
                    "type": "paragraph_text",
                    "content": "inhibits growth. Its effects include wilting of leaves."
                }
            ]
        },
        {
            "section_title": "?",
            "content_blocks": [
                {
                    "type": "paragraph_text",
                    "content": "1. What are plant hormones?"
                },
                {
                    "type": "paragraph_text",
                    "content": "2. How is the movement of leaves of the sensitive plant different from the"
                },
                {
                    "type": "paragraph_text",
                    "content": "movement of a shoot towards light?"
                },
                {
                    "type": "paragraph_text",
                    "content": "3. Give an example of a plant hormone that promotes growth."
                },
                {
                    "type": "paragraph_text",
                    "content": "4. How do auxins promote the growth of a tendril around a support?"
                },
                {
                    "type": "paragraph_text",
                    "content": "5. Design an experiment to demonstrate hydrotropism."
                },
                {
                    "type": "paragraph_text",
                    "content": "108 Science"
                },
                {
                    "type": "paragraph_text",
                    "content": "Reprint 2025-26"
                }
            ]
        },
        {
            "section_title": "66666.....33333 HHHHHOOOOORRRRRMMMMMOOOOONNNNNEEEEESSSSS IIIIINNNNN AAAAANNNNNIIIIIMMMMMAAAAALLLLLSSSSS",
            "content_blocks": [
                {
                    "type": "paragraph_text",
                    "content": "How are such chemical, or hormonal, means of information transmission"
                },
                {
                    "type": "paragraph_text",
                    "content": "used in animals? What do some animals, for instance squirrels,"
                },
                {
                    "type": "paragraph_text",
                    "content": "experience when they are in a scary situation? Their bodies have to"
                },
                {
                    "type": "paragraph_text",
                    "content": "prepare for either fighting or running away. Both are very complicated"
                },
                {
                    "type": "paragraph_text",
                    "content": "activities that will use a great deal of energy in controlled ways. Many"
                },
                {
                    "type": "paragraph_text",
                    "content": "different tissue types will be used and their activities integrated together"
                },
                {
                    "type": "paragraph_text",
                    "content": "in these actions. However, the two alternate activities, fighting or running,"
                },
                {
                    "type": "paragraph_text",
                    "content": "are also quite different! So here is a situation in which some common"
                },
                {
                    "type": "paragraph_text",
                    "content": "preparations can be usefully made in the body. These preparations"
                },
                {
                    "type": "paragraph_text",
                    "content": "should ideally make it easier to do either activity in the near future. How"
                },
                {
                    "type": "paragraph_text",
                    "content": "would this be achieved?"
                },
                {
                    "type": "paragraph_text",
                    "content": "If the body design in the squirrel relied only on electrical impulses"
                },
                {
                    "type": "paragraph_text",
                    "content": "via nerve cells, the range of tissues instructed to prepare for the coming"
                },
                {
                    "type": "paragraph_text",
                    "content": "activity would be limited. On the other hand, if a chemical signal were to"
                },
                {
                    "type": "paragraph_text",
                    "content": "be sent as well, it would reach all cells of the body and provide the wide-"
                },
                {
                    "type": "paragraph_text",
                    "content": "ranging changes needed. This is done in many animals, including human"
                },
                {
                    "type": "paragraph_text",
                    "content": "beings, using a hormone called adrenaline that is secreted from the"
                },
                {
                    "type": "paragraph_text",
                    "content": "adrenal glands. Look at Fig. 6.7 to locate these glands."
                },
                {
                    "type": "paragraph_text",
                    "content": "Adrenaline is secreted directly into the blood and carried to different"
                },
                {
                    "type": "paragraph_text",
                    "content": "parts of the body. The target organs or the specific tissues on which it"
                },
                {
                    "type": "paragraph_text",
                    "content": "acts include the heart. As a result, the heart beats faster, resulting in"
                },
                {
                    "type": "paragraph_text",
                    "content": "supply of more oxygen to our muscles. The blood to the digestive system"
                },
                {
                    "type": "paragraph_text",
                    "content": "and skin is reduced due to contraction of muscles around small arteries"
                },
                {
                    "type": "paragraph_text",
                    "content": "in these organs. This diverts the blood to our skeletal muscles. The"
                },
                {
                    "type": "paragraph_text",
                    "content": "breathing rate also increases because of the contractions of the"
                },
                {
                    "type": "paragraph_text",
                    "content": "diaphragm and the rib muscles. All these responses together enable the"
                },
                {
                    "type": "paragraph_text",
                    "content": "animal body to be ready to deal with the situation. Such animal hormones"
                },
                {
                    "type": "paragraph_text",
                    "content": "are part of the endocrine system which constitutes a second way of control"
                },
                {
                    "type": "paragraph_text",
                    "content": "and coordination in our body."
                }
            ]
        },
        {
            "section_title": "AAAAAccccctttttiiiiivvvvviiiiitttttyyyyy 66666.....33333",
            "content_blocks": [
                {
                    "type": "paragraph_text",
                    "content": "n Look at Fig. 6.7."
                },
                {
                    "type": "paragraph_text",
                    "content": "n Identify the endocrine glands mentioned in the figure."
                },
                {
                    "type": "paragraph_text",
                    "content": "n Some of these glands have been listed in Table 6.1 and discussed"
                },
                {
                    "type": "paragraph_text",
                    "content": "in the text. Consult books in the library and discuss with your"
                },
                {
                    "type": "paragraph_text",
                    "content": "teachers to find out about other glands."
                },
                {
                    "type": "paragraph_text",
                    "content": "Remember that plants have hormones that control their directional"
                },
                {
                    "type": "paragraph_text",
                    "content": "growth. What functions do animal hormones perform? On the face of it,"
                },
                {
                    "type": "paragraph_text",
                    "content": "we cannot imagine their role in directional growth. We have never seen"
                },
                {
                    "type": "paragraph_text",
                    "content": "an animal growing more in one direction or the other, depending on"
                },
                {
                    "type": "paragraph_text",
                    "content": "light or gravity! But if we think about it a bit more, it will become evident"
                },
                {
                    "type": "paragraph_text",
                    "content": "that, even in animal bodies, growth happens in carefully controlled places."
                },
                {
                    "type": "paragraph_text",
                    "content": "Plants will grow leaves in many places on the plant body, for example."
                },
                {
                    "type": "paragraph_text",
                    "content": "But we do not grow fingers on our faces. The design of the body is carefully"
                },
                {
                    "type": "paragraph_text",
                    "content": "maintained even during the growth of children."
                },
                {
                    "type": "paragraph_text",
                    "content": "Control and Coordination 109"
                },
                {
                    "type": "paragraph_text",
                    "content": "Reprint 2025-26"
                },
                {
                    "type": "paragraph_text",
                    "content": "(a) (b)"
                },
                {
                    "type": "paragraph_text",
                    "content": "Figure 6.7 Endocrine glands in human beings (a) male, (b) female"
                },
                {
                    "type": "paragraph_text",
                    "content": "Let us examine some examples to understand how hormones help"
                },
                {
                    "type": "paragraph_text",
                    "content": "in coordinated growth. We have all seen salt packets which say \u2018iodised"
                },
                {
                    "type": "paragraph_text",
                    "content": "salt\u2019 or \u2018enriched with iodine\u2019. Why is it important for us to have iodised"
                },
                {
                    "type": "paragraph_text",
                    "content": "salt in our diet? Iodine is necessary for the thyroid gland to make"
                },
                {
                    "type": "paragraph_text",
                    "content": "Do You Know? thyroxin hormone. Thyroxin regulates carbohydrate, protein and fat"
                },
                {
                    "type": "paragraph_text",
                    "content": "metabolism in the body so as to provide the best balance for growth."
                },
                {
                    "type": "paragraph_text",
                    "content": "Hypothalamus plays Iodine is essential for the synthesis of thyroxin. In case iodine is deficient"
                },
                {
                    "type": "paragraph_text",
                    "content": "an important role in in our diet, there is a possibility that we might suffer from goitre. One"
                },
                {
                    "type": "paragraph_text",
                    "content": "the release of many of the symptoms in this disease is a swollen neck. Can you correlate"
                },
                {
                    "type": "paragraph_text",
                    "content": "hormones. For this with the position of the thyroid gland in Fig. 6.7?"
                },
                {
                    "type": "paragraph_text",
                    "content": "example, when the Sometimes we come across people who are either very short (dwarfs)"
                },
                {
                    "type": "paragraph_text",
                    "content": "level of growth or extremely tall (giants). Have you ever wondered how this happens?"
                },
                {
                    "type": "paragraph_text",
                    "content": "hormone is low, the Growth hormone is one of the hormones secreted by the pituitary. As"
                },
                {
                    "type": "paragraph_text",
                    "content": "hypothalamus its name indicates, growth hormone regulates growth and development"
                },
                {
                    "type": "paragraph_text",
                    "content": "releases growth of the body. If there is a deficiency of this hormone in childhood, it"
                },
                {
                    "type": "paragraph_text",
                    "content": "hormone releasing leads to dwarfism."
                },
                {
                    "type": "paragraph_text",
                    "content": "factor which You must have noticed many dramatic changes in your appearance"
                },
                {
                    "type": "paragraph_text",
                    "content": "stimulates the as well as that of your friends as you approached 10\u201312 years of age."
                },
                {
                    "type": "paragraph_text",
                    "content": "pituitary gland to These changes associated with puberty are because of the secretion of"
                },
                {
                    "type": "paragraph_text",
                    "content": "release growth testosterone in males and oestrogen in females."
                },
                {
                    "type": "paragraph_text",
                    "content": "hormone. Do you know anyone in your family or friends who has been advised"
                },
                {
                    "type": "paragraph_text",
                    "content": "by the doctor to take less sugar in their diet because they are suffering"
                },
                {
                    "type": "paragraph_text",
                    "content": "from diabetes? As a treatment, they might be taking injections of insulin."
                },
                {
                    "type": "paragraph_text",
                    "content": "This is a hormone which is produced by the pancreas and helps in"
                },
                {
                    "type": "paragraph_text",
                    "content": "regulating blood sugar levels. If it is not secreted in proper amounts,"
                },
                {
                    "type": "paragraph_text",
                    "content": "the sugar level in the blood rises causing many harmful effects."
                },
                {
                    "type": "paragraph_text",
                    "content": "110 Science"
                },
                {
                    "type": "paragraph_text",
                    "content": "Reprint 2025-26"
                },
                {
                    "type": "table",
                    "content": [
                        [
                            "S.No.",
                            "Hormone",
                            "Endocrine Gland",
                            "Functions"
                        ],
                        [
                            "1.",
                            "Growth hormone",
                            "Pituitary gland",
                            "Stimulates growth in all organs"
                        ],
                        [
                            "",
                            "",
                            "",
                            ""
                        ],
                        [
                            "2.",
                            "",
                            "Thyroid gland",
                            "Regulates metabolism for body growth"
                        ],
                        [
                            "3.",
                            "Insulin",
                            "",
                            "Regulates blood sugar level"
                        ],
                        [
                            "",
                            "",
                            "",
                            ""
                        ],
                        [
                            "4.",
                            "Testosterone",
                            "Testes",
                            ""
                        ],
                        [
                            "5.",
                            "",
                            "Ovaries",
                            "Development of female sex organs,\nregulates menstrual cycle, etc."
                        ],
                        [
                            "6.",
                            "Adrenaline",
                            "Adrenal gland",
                            ""
                        ],
                        [
                            "7.",
                            "Releasing\nhormones",
                            "",
                            "Stimulates pituitary gland to release\nhormones"
                        ]
                    ]
                },
                {
                    "type": "table",
                    "content": [
                        [
                            "Q U E S T I O N S"
                        ],
                        [
                            "?\n1. How does chemical coordination take place in animals?\n2. Why is the use of iodised salt advisable?\n3. How does our body respond when adrenaline is secreted into the blood?\n4. Why are some patients of diabetes treated by giving injections of insulin?"
                        ]
                    ]
                },
                {
                    "type": "paragraph_text",
                    "content": "If it is so important that hormones should be secreted in precise"
                },
                {
                    "type": "paragraph_text",
                    "content": "quantities, we need a mechanism through which this is done. The timing"
                },
                {
                    "type": "paragraph_text",
                    "content": "and amount of hormone released are regulated by feedback mechanisms."
                },
                {
                    "type": "paragraph_text",
                    "content": "For example, if the sugar levels in blood rise, they are detected by the"
                },
                {
                    "type": "paragraph_text",
                    "content": "cells of the pancreas which respond by producing more insulin. As the"
                },
                {
                    "type": "paragraph_text",
                    "content": "blood sugar level falls, insulin secretion is reduced."
                }
            ]
        },
        {
            "section_title": "AAAAAccccctttttiiiiivvvvviiiiitttttyyyyy 66666.....44444",
            "content_blocks": [
                {
                    "type": "paragraph_text",
                    "content": "n Hormones are secreted by endocrine glands and have specific functions. Complete"
                },
                {
                    "type": "paragraph_text",
                    "content": "Table 6.1 based on the hormone, the endocrine gland or the functions provided."
                },
                {
                    "type": "paragraph_text",
                    "content": "Table 6.1 : Some important hormones and their functions"
                },
                {
                    "type": "paragraph_text",
                    "content": "S.No. Hormone Endocrine Gland Functions"
                },
                {
                    "type": "paragraph_text",
                    "content": "1. Growth hormone Pituitary gland Stimulates growth in all organs"
                },
                {
                    "type": "paragraph_text",
                    "content": "2. Thyroid gland Regulates metabolism for body growth"
                },
                {
                    "type": "paragraph_text",
                    "content": "3. Insulin Regulates blood sugar level"
                },
                {
                    "type": "paragraph_text",
                    "content": "4. Testosterone Testes"
                },
                {
                    "type": "paragraph_text",
                    "content": "5. Ovaries Development of female sex organs,"
                },
                {
                    "type": "paragraph_text",
                    "content": "regulates menstrual cycle, etc."
                },
                {
                    "type": "paragraph_text",
                    "content": "6. Adrenaline Adrenal gland"
                },
                {
                    "type": "paragraph_text",
                    "content": "7. Releasing Stimulates pituitary gland to release"
                },
                {
                    "type": "paragraph_text",
                    "content": "hormones hormones"
                }
            ]
        },
        {
            "section_title": "?",
            "content_blocks": [
                {
                    "type": "paragraph_text",
                    "content": "1. How does chemical coordination take place in animals?"
                },
                {
                    "type": "paragraph_text",
                    "content": "2. Why is the use of iodised salt advisable?"
                },
                {
                    "type": "paragraph_text",
                    "content": "3. How does our body respond when adrenaline is secreted into the blood?"
                },
                {
                    "type": "paragraph_text",
                    "content": "4. Why are some patients of diabetes treated by giving injections of insulin?"
                }
            ]
        },
        {
            "section_title": "What you have learnt",
            "content_blocks": [
                {
                    "type": "paragraph_text",
                    "content": "n Control and coordination are the functions of the nervous system and hormones"
                },
                {
                    "type": "paragraph_text",
                    "content": "in our bodies."
                },
                {
                    "type": "paragraph_text",
                    "content": "n The responses of the nervous system can be classified as reflex action, voluntary"
                },
                {
                    "type": "paragraph_text",
                    "content": "action or involuntary action."
                },
                {
                    "type": "paragraph_text",
                    "content": "n The nervous system uses electrical impulses to transmit messages."
                },
                {
                    "type": "paragraph_text",
                    "content": "n The nervous system gets information from our sense organs and acts through our"
                },
                {
                    "type": "paragraph_text",
                    "content": "muscles."
                },
                {
                    "type": "paragraph_text",
                    "content": "n Chemical coordination is seen in both plants and animals."
                },
                {
                    "type": "paragraph_text",
                    "content": "n Hormones produced in one part of an organism move to another part to achieve"
                },
                {
                    "type": "paragraph_text",
                    "content": "the desired effect."
                },
                {
                    "type": "paragraph_text",
                    "content": "n A feedback mechanism regulates the action of the hormones."
                },
                {
                    "type": "paragraph_text",
                    "content": "Control and Coordination 111"
                },
                {
                    "type": "paragraph_text",
                    "content": "Reprint 2025-26"
                }
            ]
        },
        {
            "section_title": "E X E R C I S E S",
            "content_blocks": [
                {
                    "type": "paragraph_text",
                    "content": "1. Which of the following is a plant hormone?"
                },
                {
                    "type": "paragraph_text",
                    "content": "(a) Insulin"
                },
                {
                    "type": "paragraph_text",
                    "content": "(b) Thyroxin"
                },
                {
                    "type": "paragraph_text",
                    "content": "(c) Oestrogen"
                },
                {
                    "type": "paragraph_text",
                    "content": "(d) Cytokinin."
                },
                {
                    "type": "paragraph_text",
                    "content": "2. The gap between two neurons is called a"
                },
                {
                    "type": "paragraph_text",
                    "content": "(a) dendrite."
                },
                {
                    "type": "paragraph_text",
                    "content": "(b) synapse."
                },
                {
                    "type": "paragraph_text",
                    "content": "(c) axon."
                },
                {
                    "type": "paragraph_text",
                    "content": "(d) impulse."
                },
                {
                    "type": "paragraph_text",
                    "content": "3. The brain is responsible for"
                },
                {
                    "type": "paragraph_text",
                    "content": "(a) thinking."
                },
                {
                    "type": "paragraph_text",
                    "content": "(b) regulating the heart beat."
                },
                {
                    "type": "paragraph_text",
                    "content": "(c) balancing the body."
                },
                {
                    "type": "paragraph_text",
                    "content": "(d) all of the above."
                },
                {
                    "type": "paragraph_text",
                    "content": "4. What is the function of receptors in our body? Think of situations where receptors"
                },
                {
                    "type": "paragraph_text",
                    "content": "do not work properly. What problems are likely to arise?"
                },
                {
                    "type": "paragraph_text",
                    "content": "5. Draw the structure of a neuron and explain its function."
                },
                {
                    "type": "paragraph_text",
                    "content": "6. How does phototropism occur in plants?"
                },
                {
                    "type": "paragraph_text",
                    "content": "7. Which signals will get disrupted in case of a spinal cord injury?"
                },
                {
                    "type": "paragraph_text",
                    "content": "8. How does chemical coordination occur in plants?"
                },
                {
                    "type": "paragraph_text",
                    "content": "9. What is the need for a system of control and coordination in an organism?"
                },
                {
                    "type": "paragraph_text",
                    "content": "10. How are involuntary actions and reflex actions different from each other?"
                },
                {
                    "type": "paragraph_text",
                    "content": "11. Compare and contrast nervous and hormonal mechanisms for control and"
                },
                {
                    "type": "paragraph_text",
                    "content": "coordination in animals."
                },
                {
                    "type": "paragraph_text",
                    "content": "12. What is the difference between the manner in which movement takes place in a"
                },
                {
                    "type": "paragraph_text",
                    "content": "sensitive plant and the movement in our legs?"
                },
                {
                    "type": "paragraph_text",
                    "content": "112 Science"
                },
                {
                    "type": "paragraph_text",
                    "content": "Reprint 2025-26"
                }
            ]
        }
    ]
}