{
    "book": "Science",
    "chapter": "ch8",
    "sections": [
        {
            "section_title": "Heredity",
            "content_blocks": [
                {
                    "type": "paragraph_text",
                    "content": "We have seen that reproductive processes give rise to new individuals"
                },
                {
                    "type": "paragraph_text",
                    "content": "that are similar, but subtly different. We have discussed how some"
                },
                {
                    "type": "paragraph_text",
                    "content": "amount of variation is produced even during asexual reproduction. And"
                },
                {
                    "type": "paragraph_text",
                    "content": "the number of successful variations are maximised by the process of"
                },
                {
                    "type": "paragraph_text",
                    "content": "sexual reproduction. If we observe a field of sugarcane we find very little"
                },
                {
                    "type": "paragraph_text",
                    "content": "variations among the individual plants. But in a number of animals"
                },
                {
                    "type": "paragraph_text",
                    "content": "including human beings, which reproduce sexually, quite distinct"
                },
                {
                    "type": "paragraph_text",
                    "content": "variations are visible among different individuals. In this chapter, we"
                },
                {
                    "type": "paragraph_text",
                    "content": "shall be studying the mechanism by which variations are created and"
                },
                {
                    "type": "paragraph_text",
                    "content": "inherited."
                }
            ]
        },
        {
            "section_title": "DDDDDUUUUURRRRRIIIIINNNNNGGGGG RRRRREEEEEPPPPPRRRRROOOOODDDDDUUUUUCCCCCTTTTTIIIIIOOOOONNNNN",
            "content_blocks": [
                {
                    "type": "paragraph_text",
                    "content": "Inheritance from the previous generation provides"
                },
                {
                    "type": "paragraph_text",
                    "content": "both a common basic body design, and subtle"
                },
                {
                    "type": "paragraph_text",
                    "content": "changes in it, for the next generation. Now think"
                },
                {
                    "type": "paragraph_text",
                    "content": "about what would happen when this new generation,"
                },
                {
                    "type": "paragraph_text",
                    "content": "in its turn, reproduces. The second generation will"
                },
                {
                    "type": "paragraph_text",
                    "content": "have differences that they inherit from the first"
                },
                {
                    "type": "paragraph_text",
                    "content": "generation, as well as newly created differences"
                },
                {
                    "type": "paragraph_text",
                    "content": "(Fig. 8.1)."
                },
                {
                    "type": "paragraph_text",
                    "content": "Figure 8.1 would represent the situation if a"
                },
                {
                    "type": "paragraph_text",
                    "content": "single individual reproduces, as happens in asexual"
                },
                {
                    "type": "paragraph_text",
                    "content": "reproduction. If one bacterium divides, and then the"
                },
                {
                    "type": "paragraph_text",
                    "content": "resultant two bacteria divide again, the four"
                },
                {
                    "type": "paragraph_text",
                    "content": "FFFFFiiiiiggggguuuuurrrrreeeee 88888.....11111"
                },
                {
                    "type": "paragraph_text",
                    "content": "individual bacteria generated would be very similar."
                },
                {
                    "type": "paragraph_text",
                    "content": "Creation of diversity over succeeding"
                },
                {
                    "type": "paragraph_text",
                    "content": "generations. The original organism at the top There would be only very minor differences between"
                },
                {
                    "type": "paragraph_text",
                    "content": "will give rise to, say, two individuals, similar them, generated due to small inaccuracies in DNA"
                },
                {
                    "type": "paragraph_text",
                    "content": "in body design, but with subtle differences. copying. However, if sexual reproduction is involved,"
                },
                {
                    "type": "paragraph_text",
                    "content": "Each of them, in turn, will give rise to two even greater diversity will be generated, as we will"
                },
                {
                    "type": "paragraph_text",
                    "content": "individuals in the next generation. Each of"
                },
                {
                    "type": "paragraph_text",
                    "content": "see when we discuss the rules of inheritance."
                },
                {
                    "type": "paragraph_text",
                    "content": "the four individuals in the bottom row will"
                },
                {
                    "type": "paragraph_text",
                    "content": "Do all these variations in a species have equal"
                },
                {
                    "type": "paragraph_text",
                    "content": "be different from each other. While some of"
                },
                {
                    "type": "paragraph_text",
                    "content": "chances of surviving in the environment in which they"
                },
                {
                    "type": "paragraph_text",
                    "content": "these differences will be unique, others will"
                },
                {
                    "type": "paragraph_text",
                    "content": "be inherited from their respective parents, find themselves? Obviously not. Depending on the"
                },
                {
                    "type": "paragraph_text",
                    "content": "who were different from each other. nature of variations, different individuals would have"
                },
                {
                    "type": "paragraph_text",
                    "content": "128 Science"
                },
                {
                    "type": "paragraph_text",
                    "content": "Reprint 2025-26"
                },
                {
                    "type": "table",
                    "content": [
                        [
                            "Q U E S T I O N S"
                        ],
                        [
                            "?\n1. If a trait A exists in 10% of a population of an asexually reproducing\nspecies and a trait B exists in 60% of the same population, which trait\nis likely to have arisen earlier?\n2. How does the creation of variations in a species promote survival?"
                        ]
                    ]
                },
                {
                    "type": "paragraph_text",
                    "content": "different kinds of advantages. Bacteria that can withstand heat will survive"
                },
                {
                    "type": "paragraph_text",
                    "content": "better in a heat wave, as we have discussed earlier. Selection of variants"
                },
                {
                    "type": "paragraph_text",
                    "content": "by environmental factors forms the basis for evolutionary processes, as"
                },
                {
                    "type": "paragraph_text",
                    "content": "we will discuss in later sections."
                }
            ]
        },
        {
            "section_title": "?",
            "content_blocks": [
                {
                    "type": "paragraph_text",
                    "content": "1. If a trait A exists in 10% of a population of an asexually reproducing"
                },
                {
                    "type": "paragraph_text",
                    "content": "species and a trait B exists in 60% of the same population, which trait"
                },
                {
                    "type": "paragraph_text",
                    "content": "is likely to have arisen earlier?"
                },
                {
                    "type": "paragraph_text",
                    "content": "2. How does the creation of variations in a species promote survival?"
                }
            ]
        },
        {
            "section_title": "88888.....22222 HHHHHEEEEERRRRREEEEEDDDDDIIIIITTTTTYYYYY",
            "content_blocks": [
                {
                    "type": "paragraph_text",
                    "content": "The most obvious outcome of the reproductive process still remains the"
                },
                {
                    "type": "paragraph_text",
                    "content": "generation of individuals of similar design. The rules of heredity determine"
                },
                {
                    "type": "paragraph_text",
                    "content": "the process by which traits and characteristics are reliably inherited. Let"
                },
                {
                    "type": "paragraph_text",
                    "content": "us take a closer look at these rules."
                }
            ]
        },
        {
            "section_title": "8.2.1 Inherited Traits",
            "content_blocks": [
                {
                    "type": "paragraph_text",
                    "content": "What exactly do we mean by similarities and differences? We know that"
                },
                {
                    "type": "paragraph_text",
                    "content": "a child bears all the basic features of a human being. However, it does"
                },
                {
                    "type": "paragraph_text",
                    "content": "not look exactly like its parents, and human populations show a great"
                },
                {
                    "type": "paragraph_text",
                    "content": "deal of variation."
                }
            ]
        },
        {
            "section_title": "AAAAAccccctttttiiiiivvvvviiiiitttttyyyyy 88888.....11111",
            "content_blocks": [
                {
                    "type": "paragraph_text",
                    "content": "n Observe the ears of all the students in the class. Prepare a list of"
                },
                {
                    "type": "paragraph_text",
                    "content": "students having free or attached earlobes and calculate the"
                },
                {
                    "type": "paragraph_text",
                    "content": "(a)"
                },
                {
                    "type": "paragraph_text",
                    "content": "percentage of students having each (Fig. 8.2). Find out about the"
                },
                {
                    "type": "paragraph_text",
                    "content": "earlobes of the parents of each student in the class. Correlate the"
                },
                {
                    "type": "paragraph_text",
                    "content": "earlobe type of each student with that of their parents. Based on"
                },
                {
                    "type": "paragraph_text",
                    "content": "this evidence, suggest a possible rule for the inheritance of earlobe"
                },
                {
                    "type": "paragraph_text",
                    "content": "types."
                }
            ]
        },
        {
            "section_title": "8.2.2 Rules for the Inheritance of Traits \u2013\u2013\u2013\u2013\u2013",
            "content_blocks": [
                {
                    "type": "paragraph_text",
                    "content": "(b)"
                }
            ]
        },
        {
            "section_title": "Mendel\u2019s Contributions",
            "content_blocks": [
                {
                    "type": "paragraph_text",
                    "content": "FFFFFiiiiiggggguuuuurrrrreeeee 88888.....22222"
                },
                {
                    "type": "paragraph_text",
                    "content": "(a) Free and (b) attached"
                },
                {
                    "type": "paragraph_text",
                    "content": "The rules for inheritance of such traits in human beings are related to"
                },
                {
                    "type": "paragraph_text",
                    "content": "earlobes. The lowest part"
                },
                {
                    "type": "paragraph_text",
                    "content": "the fact that both the father and the mother contribute practically equal"
                },
                {
                    "type": "paragraph_text",
                    "content": "of the ear, called the"
                },
                {
                    "type": "paragraph_text",
                    "content": "amounts of genetic material to the child. This means that each trait can earlobe, is closely attached"
                },
                {
                    "type": "paragraph_text",
                    "content": "be influenced by both paternal and maternal DNA. Thus, for each trait to the side of the head in"
                },
                {
                    "type": "paragraph_text",
                    "content": "some of us, and not"
                },
                {
                    "type": "paragraph_text",
                    "content": "there will be two versions in each child. What will, then, the trait seen in"
                },
                {
                    "type": "paragraph_text",
                    "content": "in others. Free and"
                },
                {
                    "type": "paragraph_text",
                    "content": "the child be? Mendel (see box) worked out the main rules of such"
                },
                {
                    "type": "paragraph_text",
                    "content": "attached earlobes are two"
                },
                {
                    "type": "paragraph_text",
                    "content": "inheritance, and it is interesting to look at some of his experiments from variants found in human"
                },
                {
                    "type": "paragraph_text",
                    "content": "more than a century ago. populations."
                },
                {
                    "type": "paragraph_text",
                    "content": "Heredity 129"
                },
                {
                    "type": "paragraph_text",
                    "content": "Reprint 2025-26"
                },
                {
                    "type": "table",
                    "content": [
                        [
                            "Gregor Johann Mendel (1822\u20131884)"
                        ],
                        [
                            "Mendel was educated in a monastery and went on to study science and\nmathematics at the University of Vienna. Failure in the examinations for a\nteaching certificate did not suppress his zeal for scientific quest. He went\nback to his monastery and started growing peas. Many others had studied\nthe inheritance of traits in peas and other organisms earlier, but Mendel\nblended his knowledge of science and mathematics and was the first one\nto keep count of individuals exhibiting a particular trait in each generation.\nThis helped him to arrive at the laws of inheritance."
                        ]
                    ]
                },
                {
                    "type": "paragraph_text",
                    "content": "Gregor Johann Mendel (1822\u20131884)"
                },
                {
                    "type": "paragraph_text",
                    "content": "Mendel was educated in a monastery and went on to study science and"
                },
                {
                    "type": "paragraph_text",
                    "content": "mathematics at the University of Vienna. Failure in the examinations for a"
                },
                {
                    "type": "paragraph_text",
                    "content": "teaching certificate did not suppress his zeal for scientific quest. He went"
                },
                {
                    "type": "paragraph_text",
                    "content": "back to his monastery and started growing peas. Many others had studied"
                },
                {
                    "type": "paragraph_text",
                    "content": "the inheritance of traits in peas and other organisms earlier, but Mendel"
                },
                {
                    "type": "paragraph_text",
                    "content": "blended his knowledge of science and mathematics and was the first one"
                },
                {
                    "type": "paragraph_text",
                    "content": "to keep count of individuals exhibiting a particular trait in each generation."
                },
                {
                    "type": "paragraph_text",
                    "content": "This helped him to arrive at the laws of inheritance."
                },
                {
                    "type": "paragraph_text",
                    "content": "Mendel used a number of contrasting visible characters of garden"
                },
                {
                    "type": "paragraph_text",
                    "content": "peas \u2013 round/wrinkled seeds, tall/short plants, white/violet flowers and"
                },
                {
                    "type": "paragraph_text",
                    "content": "so on. He took pea plants with different characteristics \u2013 a tall plant and"
                },
                {
                    "type": "paragraph_text",
                    "content": "a short plant, produced progeny by crossing them, and calculated the"
                },
                {
                    "type": "paragraph_text",
                    "content": "percentages of tall or short progeny."
                },
                {
                    "type": "paragraph_text",
                    "content": "In the first place, there were no halfway characteristics in this first-"
                },
                {
                    "type": "paragraph_text",
                    "content": "generation, or F1 progeny \u2013 no \u2018medium-height\u2019 plants. All plants were"
                },
                {
                    "type": "paragraph_text",
                    "content": "tall. This meant that only one of the parental traits"
                },
                {
                    "type": "paragraph_text",
                    "content": "was seen, not some mixture of the two. So the next"
                },
                {
                    "type": "paragraph_text",
                    "content": "question was, were the tall plants in the F1"
                },
                {
                    "type": "paragraph_text",
                    "content": "generation exactly the same as the tall plants of the"
                },
                {
                    "type": "paragraph_text",
                    "content": "parent generation? Mendelian experiments test this"
                },
                {
                    "type": "paragraph_text",
                    "content": "by getting both the parental plants and these F1 tall"
                },
                {
                    "type": "paragraph_text",
                    "content": "plants to reproduce by self-pollination. The progeny"
                },
                {
                    "type": "paragraph_text",
                    "content": "of the parental plants are, of course, all tall. However,"
                },
                {
                    "type": "paragraph_text",
                    "content": "the second-generation, or F2, progeny of the F1 tall"
                },
                {
                    "type": "paragraph_text",
                    "content": "plants are not all tall. Instead, one quarter of them"
                },
                {
                    "type": "paragraph_text",
                    "content": "are short. This indicates that both the tallness and"
                },
                {
                    "type": "paragraph_text",
                    "content": "shortness traits were inherited in the F1 plants, but"
                },
                {
                    "type": "paragraph_text",
                    "content": "only the tallness trait was expressed. This led Mendel"
                },
                {
                    "type": "paragraph_text",
                    "content": "to propose that two copies of factor (now called genes)"
                },
                {
                    "type": "paragraph_text",
                    "content": "controlling traits are present in sexually reproducing"
                },
                {
                    "type": "paragraph_text",
                    "content": "organism. These two may be identical, or may be"
                },
                {
                    "type": "paragraph_text",
                    "content": "different, depending on the parentage. A pattern of"
                },
                {
                    "type": "paragraph_text",
                    "content": "inheritance can be worked out with this assumption,"
                },
                {
                    "type": "paragraph_text",
                    "content": "as shown in Fig. 8.3."
                },
                {
                    "type": "paragraph_text",
                    "content": "FFFFFiiiiiggggguuuuurrrrreeeee 88888.....33333"
                },
                {
                    "type": "paragraph_text",
                    "content": "Inheritance of traits"
                }
            ]
        },
        {
            "section_title": "AAAAAccccctttttiiiiivvvvviiiiitttttyyyyy 88888.....22222",
            "content_blocks": [
                {
                    "type": "paragraph_text",
                    "content": "over two generations"
                },
                {
                    "type": "paragraph_text",
                    "content": "n In Fig. 8.3, what experiment would we do to confirm that the F2"
                },
                {
                    "type": "paragraph_text",
                    "content": "generation did in fact have a 1:2:1 ratio of TT, Tt and tt trait"
                },
                {
                    "type": "paragraph_text",
                    "content": "combinations?"
                },
                {
                    "type": "paragraph_text",
                    "content": "In this explanation, both TT and Tt are tall plants, while only tt is a"
                },
                {
                    "type": "paragraph_text",
                    "content": "short plant. In other words, a single copy of \u2018T\u2019 is enough to make the"
                },
                {
                    "type": "paragraph_text",
                    "content": "plant tall, while both copies have to be \u2018t\u2019 for the plant to be short. Traits"
                },
                {
                    "type": "paragraph_text",
                    "content": "like \u2018T\u2019 are called dominant traits, while those that behave like \u2018t\u2019 are"
                },
                {
                    "type": "paragraph_text",
                    "content": "called recessive traits. Work out which trait would be considered"
                },
                {
                    "type": "paragraph_text",
                    "content": "dominant and which one recessive in Fig. 8.4."
                },
                {
                    "type": "paragraph_text",
                    "content": "130 Science"
                },
                {
                    "type": "paragraph_text",
                    "content": "Reprint 2025-26"
                },
                {
                    "type": "table",
                    "content": [
                        [
                            "RRYY",
                            "RRYy",
                            "RrYY"
                        ],
                        [
                            "RRYy",
                            "RRyy",
                            "RrYy"
                        ],
                        [
                            "RrYY",
                            "RrYy",
                            "rrYY"
                        ]
                    ]
                },
                {
                    "type": "paragraph_text",
                    "content": "What happens when pea plants showing two different"
                },
                {
                    "type": "paragraph_text",
                    "content": "characteristics, rather than just one, are bred with each other?"
                },
                {
                    "type": "paragraph_text",
                    "content": "What do the progeny of a tall plant with round seeds and a short"
                },
                {
                    "type": "paragraph_text",
                    "content": "plant with wrinkled-seeds look like? They are all tall and have"
                },
                {
                    "type": "paragraph_text",
                    "content": "round seeds. Tallness and round seeds are thus dominant traits."
                },
                {
                    "type": "paragraph_text",
                    "content": "But what happens when these F1 progeny are used to generate"
                },
                {
                    "type": "paragraph_text",
                    "content": "F2 progeny by self-pollination? A Mendelian experiment will find"
                },
                {
                    "type": "paragraph_text",
                    "content": "that some F2 progeny are tall plants with round seeds, and some"
                },
                {
                    "type": "paragraph_text",
                    "content": "were short plants with wrinkled seeds. However, there would also"
                },
                {
                    "type": "paragraph_text",
                    "content": "be some F2 progeny that showed new combinations. Some of them"
                },
                {
                    "type": "paragraph_text",
                    "content": "would be tall, but have wrinkled seeds, while others would be short,"
                },
                {
                    "type": "paragraph_text",
                    "content": "but have round seeds. You can see as to how new combinations of FFFFFiiiiiggggguuuuurrrrreeeee 88888.....44444"
                },
                {
                    "type": "paragraph_text",
                    "content": "traits are formed in F2 offspring when factors controlling for seed"
                },
                {
                    "type": "paragraph_text",
                    "content": "shape and seed colour recombine to form zygote leading to form x"
                },
                {
                    "type": "paragraph_text",
                    "content": "F2 offspring (Fig. 8.5). Thus, the tall/short trait and the round"
                },
                {
                    "type": "paragraph_text",
                    "content": "RR yy rr YY"
                },
                {
                    "type": "paragraph_text",
                    "content": "seed/wrinkled seed trait are independently inherited. (round, green) (wrinkled, yellow)"
                },
                {
                    "type": "paragraph_text",
                    "content": "Ry rY"
                }
            ]
        },
        {
            "section_title": "8.2.3 How do these Traits get Expressed?",
            "content_blocks": [
                {
                    "type": "paragraph_text",
                    "content": "How does the mechanism of heredity work? Cellular DNA is"
                },
                {
                    "type": "paragraph_text",
                    "content": "F1"
                },
                {
                    "type": "paragraph_text",
                    "content": "the information source for making proteins in the cell. A section Rr Yy"
                },
                {
                    "type": "paragraph_text",
                    "content": "(round, yellow)"
                },
                {
                    "type": "paragraph_text",
                    "content": "of DNA that provides information for one protein is called the"
                },
                {
                    "type": "paragraph_text",
                    "content": "gene for that protein. How do proteins control the x"
                },
                {
                    "type": "paragraph_text",
                    "content": "characteristics that we are discussing here? Let us take the Rr Yy Rr Yy"
                },
                {
                    "type": "paragraph_text",
                    "content": "F1 F1"
                },
                {
                    "type": "paragraph_text",
                    "content": "example of tallness as a characteristic. We know that plants"
                },
                {
                    "type": "paragraph_text",
                    "content": "have hormones that can trigger growth. Plant height can thus"
                },
                {
                    "type": "paragraph_text",
                    "content": "RY Ry rY ry"
                },
                {
                    "type": "paragraph_text",
                    "content": "depend on the amount of a particular plant hormone. The"
                },
                {
                    "type": "paragraph_text",
                    "content": "F2"
                },
                {
                    "type": "paragraph_text",
                    "content": "amount of the plant hormone made will depend on the"
                },
                {
                    "type": "paragraph_text",
                    "content": "RY"
                },
                {
                    "type": "paragraph_text",
                    "content": "efficiency of the process for making it. Consider now an enzyme"
                },
                {
                    "type": "paragraph_text",
                    "content": "RRYY RRYy RrYY RrYy"
                },
                {
                    "type": "paragraph_text",
                    "content": "that is important for this process. If this enzyme works"
                },
                {
                    "type": "paragraph_text",
                    "content": "Ry"
                },
                {
                    "type": "paragraph_text",
                    "content": "efficiently, a lot of hormone will be made, and the plant will be"
                },
                {
                    "type": "paragraph_text",
                    "content": "RRYy RRyy RrYy Rryy"
                },
                {
                    "type": "paragraph_text",
                    "content": "tall. If the gene for that enzyme has an alteration that makes"
                },
                {
                    "type": "paragraph_text",
                    "content": "the enzyme less efficient, the amount of hormone will be less, rY"
                },
                {
                    "type": "paragraph_text",
                    "content": "and the plant will be short. Thus, genes control characteristics, RrYY RrYy rrYY rrYy"
                },
                {
                    "type": "paragraph_text",
                    "content": "or traits. ry"
                },
                {
                    "type": "paragraph_text",
                    "content": "If the interpretations of Mendelian experiments we have been RrYy Rryy rrYy rryy"
                },
                {
                    "type": "paragraph_text",
                    "content": "discussing are correct, then both parents must be contributing"
                },
                {
                    "type": "paragraph_text",
                    "content": "equally to the DNA of the progeny during sexual reproduction. 315 round, yellow 9"
                },
                {
                    "type": "paragraph_text",
                    "content": "We have disscussed this issue in the previous Chapter. If both 108 round, green 3"
                },
                {
                    "type": "paragraph_text",
                    "content": "parents can help determine the trait in the progeny, both parents"
                },
                {
                    "type": "paragraph_text",
                    "content": "101 wrinkled, yellow 3"
                },
                {
                    "type": "paragraph_text",
                    "content": "must be contributing a copy of the same gene. This means that"
                },
                {
                    "type": "paragraph_text",
                    "content": "32 wrinkled, green 1"
                },
                {
                    "type": "paragraph_text",
                    "content": "each pea plant must have two sets of all genes, one inherited from"
                },
                {
                    "type": "paragraph_text",
                    "content": "556 seeds 16"
                },
                {
                    "type": "paragraph_text",
                    "content": "each parent. For this mechanism to work, each germ cell must"
                },
                {
                    "type": "paragraph_text",
                    "content": "have only one gene set. Figure 9.5 Independent inheritance of two"
                },
                {
                    "type": "paragraph_text",
                    "content": "separFFFFFateiiiii gggggtrauuuuuitrrrrrs,eeeee s h a88888pe..... 55555and colour of seeds"
                },
                {
                    "type": "paragraph_text",
                    "content": "How do germ-cells make a single set of genes from the normal two Independent inheritance"
                },
                {
                    "type": "paragraph_text",
                    "content": "copies that all other cells in the body have? If progeny plants inherited a of two separate traits,"
                },
                {
                    "type": "paragraph_text",
                    "content": "shape and colour of seeds"
                },
                {
                    "type": "paragraph_text",
                    "content": "single whole gene set from each parent, then the experiment explained"
                },
                {
                    "type": "paragraph_text",
                    "content": "in Fig. 8.5 cannot work. This is because the two characteristics \u2018R\u2019 and"
                },
                {
                    "type": "paragraph_text",
                    "content": "\u2018y\u2019 would then be linked to each other and cannot be independently"
                },
                {
                    "type": "paragraph_text",
                    "content": "Heredity 131"
                },
                {
                    "type": "paragraph_text",
                    "content": "Reprint 2025-26"
                },
                {
                    "type": "paragraph_text",
                    "content": "inherited. This is explained by the fact that each gene set is present, not"
                },
                {
                    "type": "paragraph_text",
                    "content": "as a single long thread of DNA, but as separate independent pieces,"
                },
                {
                    "type": "paragraph_text",
                    "content": "each called a chromosome. Thus, each cell will have two copies of each"
                },
                {
                    "type": "paragraph_text",
                    "content": "chromosome, one each from the male and female parents. Every germ-"
                },
                {
                    "type": "paragraph_text",
                    "content": "cell will take one chromosome from each pair and these may be of either"
                },
                {
                    "type": "paragraph_text",
                    "content": "maternal or paternal origin. When two germ cells combine, they will"
                },
                {
                    "type": "paragraph_text",
                    "content": "restore the normal number of chromosomes in the progeny, ensuring"
                },
                {
                    "type": "paragraph_text",
                    "content": "the stability of the DNA of the species. Such a mechanism of inheritance"
                },
                {
                    "type": "paragraph_text",
                    "content": "explains the results of the Mendel experiments, and is used by all"
                },
                {
                    "type": "paragraph_text",
                    "content": "sexually reproducing organisms. But asexually reproducing organisms"
                },
                {
                    "type": "paragraph_text",
                    "content": "also follow similar rules of inheritance. Can we work out how their"
                },
                {
                    "type": "paragraph_text",
                    "content": "inheritance might work?"
                }
            ]
        },
        {
            "section_title": "8.2.4 Sex Determination",
            "content_blocks": [
                {
                    "type": "paragraph_text",
                    "content": "We have discussed the idea that the two sexes participating in sexual"
                },
                {
                    "type": "paragraph_text",
                    "content": "reproduction must be somewhat different from each other for a number"
                },
                {
                    "type": "paragraph_text",
                    "content": "of reasons. How is the sex of a newborn individual"
                },
                {
                    "type": "paragraph_text",
                    "content": "determined? Different species use very different strategies"
                },
                {
                    "type": "paragraph_text",
                    "content": "for this. Some rely entirely on environmental cues. Thus,"
                },
                {
                    "type": "paragraph_text",
                    "content": "in some animals like a few reptiles, the temperature at"
                },
                {
                    "type": "paragraph_text",
                    "content": "which fertilised eggs are kept determines whether the"
                },
                {
                    "type": "paragraph_text",
                    "content": "animals developing in the eggs will be male or female. In"
                },
                {
                    "type": "paragraph_text",
                    "content": "other animals, such as snails, individuals can change sex,"
                },
                {
                    "type": "paragraph_text",
                    "content": "indicating that sex is not genetically determined. However,"
                },
                {
                    "type": "paragraph_text",
                    "content": "in human beings, the sex of the individual is largely"
                },
                {
                    "type": "paragraph_text",
                    "content": "genetically determined. In other words, the genes inherited"
                },
                {
                    "type": "paragraph_text",
                    "content": "from our parents decide whether we will be boys or girls."
                },
                {
                    "type": "paragraph_text",
                    "content": "But so far, we have assumed that similar gene sets are"
                },
                {
                    "type": "paragraph_text",
                    "content": "inherited from both parents. If that is the case, how can"
                },
                {
                    "type": "paragraph_text",
                    "content": "genetic inheritance determine sex?"
                },
                {
                    "type": "paragraph_text",
                    "content": "The explanation lies in the fact that all human"
                },
                {
                    "type": "paragraph_text",
                    "content": "chromosomes are not paired. Most human chromosomes"
                },
                {
                    "type": "paragraph_text",
                    "content": "have a maternal and a paternal copy, and we have 22"
                },
                {
                    "type": "paragraph_text",
                    "content": "such pairs. But one pair, called the sex chromosomes, is"
                },
                {
                    "type": "paragraph_text",
                    "content": "odd in not always being a perfect pair. Women have a"
                },
                {
                    "type": "paragraph_text",
                    "content": "perfect pair of sex chromosomes, both called X. But men"
                },
                {
                    "type": "paragraph_text",
                    "content": "have a mismatched pair in which one is a normal-sized X"
                },
                {
                    "type": "paragraph_text",
                    "content": "while the other is a short one called Y. So women are XX,"
                },
                {
                    "type": "paragraph_text",
                    "content": "while men are XY. Now, can we work out what the"
                },
                {
                    "type": "paragraph_text",
                    "content": "inheritance pattern of X and Y will be?"
                },
                {
                    "type": "paragraph_text",
                    "content": "As Fig. 8.6 shows, half the children will be boys and"
                },
                {
                    "type": "paragraph_text",
                    "content": "half will be girls. All children will inherit an X chromosome"
                },
                {
                    "type": "paragraph_text",
                    "content": "from their mother regardless of whether they are boys or"
                },
                {
                    "type": "paragraph_text",
                    "content": "girls. Thus, the sex of the children will be determined by"
                },
                {
                    "type": "paragraph_text",
                    "content": "what they inherit from their father. A child who inherits"
                },
                {
                    "type": "paragraph_text",
                    "content": "FFFFFiiiiiggggguuuuurrrrreeeee 88888.....66666"
                },
                {
                    "type": "paragraph_text",
                    "content": "an X chromosome from her father will be a girl, and one"
                },
                {
                    "type": "paragraph_text",
                    "content": "Sex determination in"
                },
                {
                    "type": "paragraph_text",
                    "content": "human beings who inherits a Y chromosome from him will be a boy."
                },
                {
                    "type": "paragraph_text",
                    "content": "132 Science"
                },
                {
                    "type": "paragraph_text",
                    "content": "Reprint 2025-26"
                },
                {
                    "type": "table",
                    "content": [
                        [
                            "Q U E S T I O N S"
                        ],
                        [
                            "1. How do Mendel\u2019s experiments show that traits may be dominant or\n?\nrecessive?\n2. How do Mendel\u2019s experiments show that traits are inherited\nindependently?\n3. A man with blood group A marries a woman with blood group O and\ntheir daughter has blood group O. Is this information enough to tell you\nwhich of the traits \u2013 blood group A or O \u2013 is dominant? Why or why not?\n4. How is the sex of the child determined in human beings?"
                        ]
                    ]
                }
            ]
        },
        {
            "section_title": "Q U E S T I O N S",
            "content_blocks": [
                {
                    "type": "paragraph_text",
                    "content": "1. How do Mendel\u2019s experiments show that traits may be dominant or"
                }
            ]
        },
        {
            "section_title": "?",
            "content_blocks": [
                {
                    "type": "paragraph_text",
                    "content": "recessive?"
                },
                {
                    "type": "paragraph_text",
                    "content": "2. How do Mendel\u2019s experiments show that traits are inherited"
                },
                {
                    "type": "paragraph_text",
                    "content": "independently?"
                },
                {
                    "type": "paragraph_text",
                    "content": "3. A man with blood group A marries a woman with blood group O and"
                },
                {
                    "type": "paragraph_text",
                    "content": "their daughter has blood group O. Is this information enough to tell you"
                },
                {
                    "type": "paragraph_text",
                    "content": "which of the traits \u2013 blood group A or O \u2013 is dominant? Why or why not?"
                },
                {
                    "type": "paragraph_text",
                    "content": "4. How is the sex of the child determined in human beings?"
                }
            ]
        },
        {
            "section_title": "What you have learnt",
            "content_blocks": [
                {
                    "type": "paragraph_text",
                    "content": "n Variations arising during the process of reproduction can be inherited."
                },
                {
                    "type": "paragraph_text",
                    "content": "n These variations may lead to increased survival of the individuals."
                },
                {
                    "type": "paragraph_text",
                    "content": "n Sexually reproducing individuals have two copies of genes for the same trait. If the"
                },
                {
                    "type": "paragraph_text",
                    "content": "copies are not identical, the trait that gets expressed is called the dominant trait"
                },
                {
                    "type": "paragraph_text",
                    "content": "and the other is called the recessive trait."
                },
                {
                    "type": "paragraph_text",
                    "content": "n Traits in one individual may be inherited separately, giving rise to new combinations"
                },
                {
                    "type": "paragraph_text",
                    "content": "of traits in the offspring of sexual reproduction."
                },
                {
                    "type": "paragraph_text",
                    "content": "n Sex is determined by different factors in various species. In human beings, the"
                },
                {
                    "type": "paragraph_text",
                    "content": "sex of the child depends on whether the paternal chromosome is X (for girls) or Y"
                },
                {
                    "type": "paragraph_text",
                    "content": "(for boys)."
                }
            ]
        },
        {
            "section_title": "E X E R C I S E S",
            "content_blocks": [
                {
                    "type": "paragraph_text",
                    "content": "1. A Mendelian experiment consisted of breeding tall pea plants bearing violet flowers"
                },
                {
                    "type": "paragraph_text",
                    "content": "with short pea plants bearing white flowers. The progeny all bore violet flowers,"
                },
                {
                    "type": "paragraph_text",
                    "content": "but almost half of them were short. This suggests that the genetic make-up of the"
                },
                {
                    "type": "paragraph_text",
                    "content": "tall parent can be depicted as"
                },
                {
                    "type": "paragraph_text",
                    "content": "(a) TTWW"
                },
                {
                    "type": "paragraph_text",
                    "content": "(b) TTww"
                },
                {
                    "type": "paragraph_text",
                    "content": "(c) TtWW"
                },
                {
                    "type": "paragraph_text",
                    "content": "(d) TtWw"
                },
                {
                    "type": "paragraph_text",
                    "content": "2. A study found that children with light-coloured eyes are likely to have parents"
                },
                {
                    "type": "paragraph_text",
                    "content": "with light-coloured eyes. On this basis, can we say anything about whether the"
                },
                {
                    "type": "paragraph_text",
                    "content": "light eye colour trait is dominant or recessive? Why or why not?"
                },
                {
                    "type": "paragraph_text",
                    "content": "3. Outline a project which aims to find the dominant coat colour in dogs."
                },
                {
                    "type": "paragraph_text",
                    "content": "4. How is the equal genetic contribution of male and female parents ensured in"
                },
                {
                    "type": "paragraph_text",
                    "content": "the progeny?"
                },
                {
                    "type": "paragraph_text",
                    "content": "Heredity 133"
                },
                {
                    "type": "paragraph_text",
                    "content": "Reprint 2025-26"
                }
            ]
        }
    ]
}