{
    "book": "Mathematics",
    "chapter": "answers&solutions",
    "sections": [
        {
            "section_title": "Introduction",
            "content_blocks": [
                {
                    "type": "table",
                    "content": [
                        [
                            "",
                            ""
                        ]
                    ]
                },
                {
                    "type": "paragraph_text",
                    "content": "250 MATHEMATICS"
                }
            ]
        },
        {
            "section_title": "A 1",
            "content_blocks": [
                {
                    "type": "paragraph_text",
                    "content": "PPENDIX"
                }
            ]
        },
        {
            "section_title": "ANSWERS/HINTS",
            "content_blocks": [
                {
                    "type": "paragraph_text",
                    "content": "EXERCISE 1.1"
                },
                {
                    "type": "paragraph_text",
                    "content": "1. (i) 22 \u00d7 5 \u00d7 7 (ii) 22 \u00d7 3 \u00d7 13 (iii) 32 \u00d7 52 \u00d7 17"
                },
                {
                    "type": "paragraph_text",
                    "content": "(iv) 5 \u00d7 7 \u00d7 11 \u00d7 13 (v) 17 \u00d7 19 \u00d7 23"
                },
                {
                    "type": "paragraph_text",
                    "content": "2. (i) LCM = 182; HCF = 13 (ii) LCM = 23460; HCF = 2 (iii) LCM = 3024; HCF = 6"
                },
                {
                    "type": "paragraph_text",
                    "content": "3. (i) LCM = 420; HCF = 3 (ii) LCM = 11339; HCF = 1 (iii) LCM = 1800; HCF = 1"
                },
                {
                    "type": "paragraph_text",
                    "content": "4. 22338 7. 36 minutes"
                },
                {
                    "type": "paragraph_text",
                    "content": "EXERCISE 2.1"
                },
                {
                    "type": "paragraph_text",
                    "content": "1. (i) No zeroes (ii) 1 (iii) 3 (iv) 2 (v) 4 (vi) 3"
                },
                {
                    "type": "paragraph_text",
                    "content": "EXERCISE 2.2"
                },
                {
                    "type": "paragraph_text",
                    "content": "1 1 1 3"
                },
                {
                    "type": "paragraph_text",
                    "content": "1. (i) \u20132, 4 (ii) , (iii) \u2212 ,"
                },
                {
                    "type": "paragraph_text",
                    "content": "2 2 3 2"
                },
                {
                    "type": "paragraph_text",
                    "content": "4"
                },
                {
                    "type": "paragraph_text",
                    "content": "(iv) \u20132, 0 (v) \u2212 15, 15 (vi) \u20131,"
                },
                {
                    "type": "paragraph_text",
                    "content": "3"
                },
                {
                    "type": "paragraph_text",
                    "content": "2. (i) 4x2 \u2013 x \u2013 4 (ii) 3x2\u22123 2x +1 (iii) x2 + 5"
                },
                {
                    "type": "paragraph_text",
                    "content": "(iv) x2 \u2013 x + 1 (v) 4x2 + x + 1 (vi) x2 \u2013 4x + 1"
                },
                {
                    "type": "paragraph_text",
                    "content": "EXERCISE 3.1"
                },
                {
                    "type": "paragraph_text",
                    "content": "1. (i) Required pair of linear equations is"
                },
                {
                    "type": "paragraph_text",
                    "content": "x + y = 10; x \u2013 y = 4, where x is the number of girls and y is the number of boys."
                },
                {
                    "type": "paragraph_text",
                    "content": "To solve graphically draw the graphs of these equations on the same axes on graph"
                },
                {
                    "type": "paragraph_text",
                    "content": "paper."
                },
                {
                    "type": "paragraph_text",
                    "content": "Girls = 7, Boys = 3."
                },
                {
                    "type": "paragraph_text",
                    "content": "Reprint 2025-26"
                },
                {
                    "type": "paragraph_text",
                    "content": "ANSWERS/HINTS 251"
                },
                {
                    "type": "paragraph_text",
                    "content": "(ii) Required pair of linear equations is"
                },
                {
                    "type": "paragraph_text",
                    "content": "5x + 7y = 50; 7x + 5y = 46, where x and y represent the cost (in `) of a pencil and of"
                },
                {
                    "type": "paragraph_text",
                    "content": "a pen respectively."
                },
                {
                    "type": "paragraph_text",
                    "content": "To solve graphically, draw the graphs of these equations on the same axes on graph"
                },
                {
                    "type": "paragraph_text",
                    "content": "paper."
                },
                {
                    "type": "paragraph_text",
                    "content": "Cost of one pencil = ` 3, Cost of one pen = ` 5"
                },
                {
                    "type": "paragraph_text",
                    "content": "2. (i) Intersect at a point (ii) Coincident (iii) Parallel"
                },
                {
                    "type": "paragraph_text",
                    "content": "3. (i) Consistent (ii) Inconsistent (iii) Consistent"
                },
                {
                    "type": "paragraph_text",
                    "content": "(iv) Consistent (v) Consistent"
                },
                {
                    "type": "paragraph_text",
                    "content": "4. (i) Consistent (ii) Inconsistent (iii) Consistent (iv) Inconsistent"
                },
                {
                    "type": "paragraph_text",
                    "content": "The solution of (i) above, is given by y = 5 \u2013 x, where x can take any value, i.e., there are"
                },
                {
                    "type": "paragraph_text",
                    "content": "infinitely many solutions."
                },
                {
                    "type": "paragraph_text",
                    "content": "The solution of (iii) above is x = 2, y = 2, i.e., unique solution."
                },
                {
                    "type": "paragraph_text",
                    "content": "5. Length = 20 m and breadth = 16 m."
                },
                {
                    "type": "paragraph_text",
                    "content": "6. One possible answer for the three parts:"
                },
                {
                    "type": "paragraph_text",
                    "content": "(i) 3x + 2y \u2013 7 = 0 (ii) 2x + 3y \u2013 12 = 0 (iii) 4x + 6y \u2013 16 = 0"
                },
                {
                    "type": "paragraph_text",
                    "content": "7. Vertices of the triangle are (\u20131, 0), (4, 0) and (2, 3)."
                },
                {
                    "type": "paragraph_text",
                    "content": "EXERCISE 3.2"
                },
                {
                    "type": "paragraph_text",
                    "content": "1. (i) x = 9, y = 5 (ii) s = 9, t = 6 (iii) y = 3x \u2013 3,"
                },
                {
                    "type": "paragraph_text",
                    "content": "where x can take any real value, i.e., infinitely many solutions."
                },
                {
                    "type": "paragraph_text",
                    "content": "(iv) x = 2, y = 3 (v) x = 0, y = 0 (vi) x = 2, y = 3"
                },
                {
                    "type": "paragraph_text",
                    "content": "2. x = \u20132, y = 5; m = \u20131"
                },
                {
                    "type": "paragraph_text",
                    "content": "3. (i) x \u2013 y = 26, x = 3y, where x and y are two numbers (x > y); x = 39, y = 13."
                },
                {
                    "type": "paragraph_text",
                    "content": "(ii) x \u2013 y = 18, x + y = 180, where x and y are the measures of the two angles in degrees;"
                },
                {
                    "type": "paragraph_text",
                    "content": "x = 99, y = 81."
                },
                {
                    "type": "paragraph_text",
                    "content": "(iii) 7x + 6y = 3800, 3x + 5y = 1750, where x and y are the costs (in `) of one bat and one"
                },
                {
                    "type": "paragraph_text",
                    "content": "ball respectively; x = 500, y = 50."
                },
                {
                    "type": "paragraph_text",
                    "content": "(iv) x + 10y = 105, x + 15y = 155, where x is the fixed charge (in `) and y is the charge (in"
                },
                {
                    "type": "paragraph_text",
                    "content": "` per km); x =5, y = 10; ` 255."
                },
                {
                    "type": "paragraph_text",
                    "content": "(v) 11x \u2013 9y + 4 = 0, 6x \u2013 5y + 3 = 0, where x and y are numerator and denominator of the"
                },
                {
                    "type": "paragraph_text",
                    "content": "7"
                },
                {
                    "type": "paragraph_text",
                    "content": "fraction; (x \uf03d 7, y \uf03d9)."
                },
                {
                    "type": "paragraph_text",
                    "content": "9"
                },
                {
                    "type": "paragraph_text",
                    "content": "(vi) x \u2013 3y \u2013 10 = 0, x \u2013 7y + 30 = 0, where x and y are the ages in years of Jacob and his"
                },
                {
                    "type": "paragraph_text",
                    "content": "son; x = 40, y = 10."
                },
                {
                    "type": "paragraph_text",
                    "content": "Reprint 2025-26"
                },
                {
                    "type": "paragraph_text",
                    "content": "252 MATHEMATICS"
                },
                {
                    "type": "paragraph_text",
                    "content": "EXERCISE 3.3"
                },
                {
                    "type": "paragraph_text",
                    "content": "19 6 9 5"
                },
                {
                    "type": "paragraph_text",
                    "content": "1. (i) x = , y = (ii) x = 2, y = 1 (iii) x = , y = \u2212"
                },
                {
                    "type": "paragraph_text",
                    "content": "5 5 13 13"
                },
                {
                    "type": "paragraph_text",
                    "content": "(iv) x = 2, y = \u20133"
                },
                {
                    "type": "paragraph_text",
                    "content": "2. (i) x \u2013 y + 2 = 0, 2x \u2013 y \u2013 1 = 0, where x and y are the numerator and denominator of the"
                },
                {
                    "type": "paragraph_text",
                    "content": "3"
                },
                {
                    "type": "paragraph_text",
                    "content": "fraction; \u22c5"
                },
                {
                    "type": "paragraph_text",
                    "content": "5"
                },
                {
                    "type": "paragraph_text",
                    "content": "(ii) x \u2013 3y + 10 = 0, x \u2013 2y \u2013 10 = 0, where x and y are the ages (in years) of Nuri and Sonu"
                },
                {
                    "type": "paragraph_text",
                    "content": "respectively. Age of Nuri (x) = 50, Age of Sonu (y) = 20."
                },
                {
                    "type": "paragraph_text",
                    "content": "(iii) x + y = 9, 8x \u2013 y = 0, where x and y are respectively the tens and units digits of the"
                },
                {
                    "type": "paragraph_text",
                    "content": "number; 18."
                },
                {
                    "type": "paragraph_text",
                    "content": "(iv) x + 2y = 40, x + y = 25, where x and y are respectively the number of ` 50 and ` 100"
                },
                {
                    "type": "paragraph_text",
                    "content": "notes; x = 10, y = 15."
                },
                {
                    "type": "paragraph_text",
                    "content": "(v) x + 4y = 27, x + 2y = 21, where x is the fixed charge (in `) and y is the additional"
                },
                {
                    "type": "paragraph_text",
                    "content": "charge (in `) per day; x = 15, y = 3."
                }
            ]
        },
        {
            "section_title": "EXERCISE 4.1",
            "content_blocks": [
                {
                    "type": "paragraph_text",
                    "content": "1. (i) Yes (ii) Yes (iii) No (iv) Yes"
                },
                {
                    "type": "paragraph_text",
                    "content": "(v) Yes (vi) No (vii) No (viii) Yes"
                },
                {
                    "type": "paragraph_text",
                    "content": "2. (i) 2x2 + x \u2013 528 = 0, where x is breadth (in metres) of the plot."
                },
                {
                    "type": "paragraph_text",
                    "content": "(ii) x2 + x \u2013 306 = 0, where x is the smaller integer."
                },
                {
                    "type": "paragraph_text",
                    "content": "(iii) x2 + 32x \u2013 273 = 0, where x (in years) is the present age of Rohan."
                },
                {
                    "type": "paragraph_text",
                    "content": "(iv) u2 \u2013 8u \u2013 1280 = 0, where u (in km/h) is the speed of the train."
                },
                {
                    "type": "paragraph_text",
                    "content": "EXERCISE 4.2"
                },
                {
                    "type": "paragraph_text",
                    "content": "3 5"
                },
                {
                    "type": "paragraph_text",
                    "content": "1. (i) \u2013 2, 5 (ii) \u20132, (iii) \u2212 ,\u2212 2"
                },
                {
                    "type": "paragraph_text",
                    "content": "2 2"
                },
                {
                    "type": "paragraph_text",
                    "content": "1 1 1 1"
                },
                {
                    "type": "paragraph_text",
                    "content": "(iv) , (v) ,"
                },
                {
                    "type": "paragraph_text",
                    "content": "4 4 10 10"
                },
                {
                    "type": "paragraph_text",
                    "content": "2. (i) 9, 36 (ii) 25, 30"
                },
                {
                    "type": "paragraph_text",
                    "content": "3. Numbers are 13 and 14. 4. Positive integers are 13 and 14."
                },
                {
                    "type": "paragraph_text",
                    "content": "5. 5 cm and 12 cm 6. Number of articles = 6, Cost of each article = ` 15"
                },
                {
                    "type": "paragraph_text",
                    "content": "Reprint 2025-26"
                },
                {
                    "type": "paragraph_text",
                    "content": "ANSWERS/HINTS 253"
                },
                {
                    "type": "paragraph_text",
                    "content": "EXERCISE 4.3"
                },
                {
                    "type": "paragraph_text",
                    "content": "2 2 3\u00b1 3"
                },
                {
                    "type": "paragraph_text",
                    "content": "1. (i) Real roots do not exist (ii) Equal roots; , (iii) Distinct roots;"
                },
                {
                    "type": "paragraph_text",
                    "content": "3 3 2"
                },
                {
                    "type": "paragraph_text",
                    "content": "2. (i) k = \u00b1 2 6 (ii) k = 6"
                },
                {
                    "type": "paragraph_text",
                    "content": "3. Yes. 40 m, 20 m 4. No 5. Yes. 20 m, 20 m"
                },
                {
                    "type": "paragraph_text",
                    "content": "EXERCISE 5.1"
                },
                {
                    "type": "paragraph_text",
                    "content": "1. (i) Yes. 15, 23, 31, . . . forms an AP as each succeeding term is obtained by adding 8 in"
                },
                {
                    "type": "paragraph_text",
                    "content": "its preceding term."
                },
                {
                    "type": "paragraph_text",
                    "content": "3V"
                },
                {
                    "type": "paragraph_text",
                    "content": "\uf0e63\uf0f62"
                },
                {
                    "type": "paragraph_text",
                    "content": "(ii) No. Volumes are V, , \uf0e7 \uf0f7 V,(cid:1) (iii) Yes. 150, 200, 250, . . . form an AP."
                },
                {
                    "type": "paragraph_text",
                    "content": "4 \uf0e84\uf0f8"
                },
                {
                    "type": "paragraph_text",
                    "content": "\uf0e6 8 \uf0f6 \uf0e6 8 \uf0f62 \uf0e6 8 \uf0f63"
                },
                {
                    "type": "paragraph_text",
                    "content": "(iv) No. Amounts are 10000 \uf0e71+ \uf0f7 ,10000\uf0e71+ \uf0f7 ,10000\uf0e71+ \uf0f7 ,(cid:1)"
                },
                {
                    "type": "paragraph_text",
                    "content": "\uf0e8 100\uf0f8 \uf0e8 100\uf0f8 \uf0e8 100\uf0f8"
                },
                {
                    "type": "paragraph_text",
                    "content": "2. (i) 10, 20, 30, 40 (ii) \u2013 2, \u2013 2, \u2013 2, \u2013 2 (iii) 4, 1, \u2013 2, \u2013 5"
                },
                {
                    "type": "paragraph_text",
                    "content": "1 1"
                },
                {
                    "type": "paragraph_text",
                    "content": "(iv) \u20131, \u2212 , 0, (v) \u2013 1.25, \u2013 1. 50, \u2013 1.75, \u2013 2.0"
                },
                {
                    "type": "paragraph_text",
                    "content": "2 2"
                },
                {
                    "type": "paragraph_text",
                    "content": "3. (i) a = 3, d = \u2013 2 (ii) a = \u2013 5, d = 4"
                },
                {
                    "type": "paragraph_text",
                    "content": "1 4"
                },
                {
                    "type": "paragraph_text",
                    "content": "(iii) a = , d = (iv) a = 0.6, d = 1.1"
                },
                {
                    "type": "paragraph_text",
                    "content": "3 3"
                },
                {
                    "type": "paragraph_text",
                    "content": "1 9"
                },
                {
                    "type": "paragraph_text",
                    "content": "4. (i) No (ii) Yes. d = ; 4, ,5"
                },
                {
                    "type": "paragraph_text",
                    "content": "2 2"
                },
                {
                    "type": "paragraph_text",
                    "content": "(iii) Yes. d = \u2013 2; \u2013 9.2, \u201311.2, \u2013 13.2 (iv) Yes. d = 4; 6, 10, 14"
                },
                {
                    "type": "paragraph_text",
                    "content": "(v) Yes. d = 2; 3+ 4 2,3+ 5 2,3+ 6 2 (vi) No"
                },
                {
                    "type": "paragraph_text",
                    "content": "1 1 1"
                },
                {
                    "type": "paragraph_text",
                    "content": "(vii) Yes. d = \u2013 4; \u2013 16, \u2013 20, \u2013 24 (viii) Yes. d = 0;\u2212 , \u2212 , \u2212"
                },
                {
                    "type": "paragraph_text",
                    "content": "2 2 2"
                },
                {
                    "type": "paragraph_text",
                    "content": "(ix) No (x) Yes. d = a; 5a, 6a, 7a"
                },
                {
                    "type": "paragraph_text",
                    "content": "(xi) No (xii) Yes. d = 2; 50, 72, 98"
                },
                {
                    "type": "paragraph_text",
                    "content": "(xiii) No (xiv) No (xv) Yes. d = 24; 97, 121, 145"
                },
                {
                    "type": "paragraph_text",
                    "content": "EXERCISE 5.2"
                },
                {
                    "type": "paragraph_text",
                    "content": "1. (i) a = 28 (ii) d = 2 (iii) a = 46 (iv) n = 10 (v) a = 3.5"
                },
                {
                    "type": "paragraph_text",
                    "content": "n n"
                },
                {
                    "type": "paragraph_text",
                    "content": "Reprint 2025-26"
                },
                {
                    "type": "paragraph_text",
                    "content": "254 MATHEMATICS"
                },
                {
                    "type": "paragraph_text",
                    "content": "2. (i) C (ii) B"
                },
                {
                    "type": "paragraph_text",
                    "content": "3. (i) 14 (ii) 18 , 8 (iii) 6 1 , 8"
                },
                {
                    "type": "paragraph_text",
                    "content": "2"
                },
                {
                    "type": "paragraph_text",
                    "content": "(iv) \u2013 2 , 0 , 2 , 4 (v) 53 , 23 , 8 , \u20137"
                },
                {
                    "type": "paragraph_text",
                    "content": "4. 16th term 5. (i) 34 (ii) 27"
                },
                {
                    "type": "paragraph_text",
                    "content": "6. No 7. 178 8. 64"
                },
                {
                    "type": "paragraph_text",
                    "content": "9. 5th term 10. 1 11. 65th term"
                },
                {
                    "type": "paragraph_text",
                    "content": "12. 100 13. 128 14. 60"
                },
                {
                    "type": "paragraph_text",
                    "content": "15. 13 16. 4, 10, 16, 22, . . ."
                },
                {
                    "type": "paragraph_text",
                    "content": "17. 20th term from the last term is 158."
                },
                {
                    "type": "paragraph_text",
                    "content": "18. \u201313, \u20138, \u20133 19. 11th year 20. 10"
                },
                {
                    "type": "paragraph_text",
                    "content": "EXERCISE 5.3"
                },
                {
                    "type": "paragraph_text",
                    "content": "33"
                },
                {
                    "type": "paragraph_text",
                    "content": "1. (i) 245 (ii) \u2013180 (iii) 5505 (iv)"
                },
                {
                    "type": "paragraph_text",
                    "content": "20"
                },
                {
                    "type": "paragraph_text",
                    "content": "1"
                },
                {
                    "type": "paragraph_text",
                    "content": "2. (i) 1046 (ii) 286 (iii) \u2013 8930"
                },
                {
                    "type": "paragraph_text",
                    "content": "2"
                },
                {
                    "type": "paragraph_text",
                    "content": "7"
                },
                {
                    "type": "paragraph_text",
                    "content": "3. (i) n = 16, S = 440 (ii) d = , S = 273 (iii) a = 4, S = 246"
                },
                {
                    "type": "paragraph_text",
                    "content": "n 3 13 12"
                },
                {
                    "type": "paragraph_text",
                    "content": "35 85"
                },
                {
                    "type": "paragraph_text",
                    "content": "(iv) d = \u20131, a = 8 (v) a = \u2212 , a = (vi) n = 5, a = 34"
                },
                {
                    "type": "paragraph_text",
                    "content": "10 3 9 3 n"
                },
                {
                    "type": "paragraph_text",
                    "content": "54"
                },
                {
                    "type": "paragraph_text",
                    "content": "(vii) n = 6, d = (viii) n = 7, a = \u2013 8 (ix) d = 6"
                },
                {
                    "type": "paragraph_text",
                    "content": "5"
                },
                {
                    "type": "paragraph_text",
                    "content": "(x) a = 4"
                },
                {
                    "type": "paragraph_text",
                    "content": "n"
                },
                {
                    "type": "paragraph_text",
                    "content": "4. 12. By putting a = 9, d = 8, S = 636 in the formula S = [2a + (n \u22121)d], we get a quadratic"
                },
                {
                    "type": "paragraph_text",
                    "content": "2"
                },
                {
                    "type": "paragraph_text",
                    "content": "53"
                },
                {
                    "type": "paragraph_text",
                    "content": "equation 4n2 + 5n \u2013 636 = 0. On solving, we get n = \u2212 ,12. Out of these two roots only"
                },
                {
                    "type": "paragraph_text",
                    "content": "4"
                },
                {
                    "type": "paragraph_text",
                    "content": "one root 12 is admissible."
                },
                {
                    "type": "paragraph_text",
                    "content": "8"
                },
                {
                    "type": "paragraph_text",
                    "content": "5. n = 16, d = 6. n = 38, S = 6973 7. Sum = 1661"
                },
                {
                    "type": "paragraph_text",
                    "content": "3"
                },
                {
                    "type": "paragraph_text",
                    "content": "8. S = 5610 9. n2 10. (i) S = 525 (ii) S = \u2013 465"
                },
                {
                    "type": "paragraph_text",
                    "content": "51 15 15"
                },
                {
                    "type": "paragraph_text",
                    "content": "Reprint 2025-26"
                },
                {
                    "type": "paragraph_text",
                    "content": "ANSWERS/HINTS 255"
                },
                {
                    "type": "paragraph_text",
                    "content": "11. S = 3, S = 4; a = S \u2013 S = 1; S = 3, a = S \u2013 S = \u20131,"
                },
                {
                    "type": "paragraph_text",
                    "content": "1 2 2 2 1 3 3 3 2"
                },
                {
                    "type": "paragraph_text",
                    "content": "a = S \u2013 S = \u2013 15; a = S \u2013 S = 5 \u2013 2n."
                },
                {
                    "type": "paragraph_text",
                    "content": "10 10 9 n n n \u2013 1"
                },
                {
                    "type": "paragraph_text",
                    "content": "12. 4920 13. 960 14. 625 15. ` 27750"
                },
                {
                    "type": "paragraph_text",
                    "content": "16. Values of the prizes (in `) are 160, 140, 120, 100, 80, 60, 40."
                },
                {
                    "type": "paragraph_text",
                    "content": "17. 234 18. 143 cm"
                },
                {
                    "type": "paragraph_text",
                    "content": "19. 16 rows, 5 logs are placed in the top row. By putting S = 200, a = 20, d = \u20131 in the formula"
                },
                {
                    "type": "paragraph_text",
                    "content": "n"
                },
                {
                    "type": "paragraph_text",
                    "content": "S = [2a + (n \u22121)d], we get, 41n \u2013 n2 = 400. On solving, n = 16, 25. Therefore, the"
                },
                {
                    "type": "paragraph_text",
                    "content": "2"
                },
                {
                    "type": "paragraph_text",
                    "content": "number of rows is either 16 or 25. a = a + 24 d = \u2013 4"
                },
                {
                    "type": "paragraph_text",
                    "content": "25"
                },
                {
                    "type": "paragraph_text",
                    "content": "i.e., number of logs in 25th row is \u2013 4 which is not possible. Therefore n = 25 is not"
                },
                {
                    "type": "paragraph_text",
                    "content": "possible. For n = 16, a = 5. Therefore, there are 16 rows and 5 logs placed in the top"
                },
                {
                    "type": "paragraph_text",
                    "content": "16"
                },
                {
                    "type": "paragraph_text",
                    "content": "row."
                },
                {
                    "type": "paragraph_text",
                    "content": "20. 370 m"
                },
                {
                    "type": "paragraph_text",
                    "content": "EXERCISE 5.4 (Optional)*"
                },
                {
                    "type": "paragraph_text",
                    "content": "1. 32nd term 2. S = 20, 76 3. 385 cm"
                },
                {
                    "type": "paragraph_text",
                    "content": "16"
                },
                {
                    "type": "paragraph_text",
                    "content": "4. 35 5. 750 m3"
                },
                {
                    "type": "paragraph_text",
                    "content": "EXERCISE 6.1"
                },
                {
                    "type": "paragraph_text",
                    "content": "1. (i) Similar (ii) Similar (iii) Equilateral"
                },
                {
                    "type": "paragraph_text",
                    "content": "(iv) Equal, Proportional 3. No"
                },
                {
                    "type": "paragraph_text",
                    "content": "EXERCISE 6.2"
                },
                {
                    "type": "paragraph_text",
                    "content": "1. (i) 2 cm (ii) 2.4 cm"
                },
                {
                    "type": "paragraph_text",
                    "content": "2. (i) No (ii) Yes (iiii) Yes"
                },
                {
                    "type": "paragraph_text",
                    "content": "9. Through O, draw a line parallel to DC, intersecting AD and BC at E and F respectively."
                },
                {
                    "type": "paragraph_text",
                    "content": "EXERCISE 6.3"
                },
                {
                    "type": "paragraph_text",
                    "content": "1. (i) Yes. AAA, \u2206 ABC ~ \u2206 PQR (ii) Yes. SSS, \u2206 ABC ~ \u2206 QRP"
                },
                {
                    "type": "paragraph_text",
                    "content": "(iii) No (iv) Yes. SAS, \u2206 MNL ~ \u2206 QPR"
                },
                {
                    "type": "paragraph_text",
                    "content": "(v) No (vi) Yes. AA, \u2206 DEF ~ \u2206 PQR"
                },
                {
                    "type": "paragraph_text",
                    "content": "2. 55\u00b0, 55\u00b0, 55\u00b0"
                },
                {
                    "type": "paragraph_text",
                    "content": "14. Produce AD to a point E such that AD = DE and produce PM to a point N such that"
                },
                {
                    "type": "paragraph_text",
                    "content": "PM = MN. Join EC and NR."
                },
                {
                    "type": "paragraph_text",
                    "content": "15. 42 m"
                },
                {
                    "type": "paragraph_text",
                    "content": "Reprint 2025-26"
                },
                {
                    "type": "paragraph_text",
                    "content": "256 MATHEMATICS"
                },
                {
                    "type": "paragraph_text",
                    "content": "EXERCISE 7.1"
                },
                {
                    "type": "paragraph_text",
                    "content": "1. (i) 2 2 (ii) 4 2 (iii) 2 a2+b2"
                },
                {
                    "type": "paragraph_text",
                    "content": "2. 39; 39 km 3. No 4. Yes 5. Champa is correct."
                },
                {
                    "type": "paragraph_text",
                    "content": "6. (i) Square (ii) No quadrilateral (iii) Parallelogram"
                },
                {
                    "type": "paragraph_text",
                    "content": "7. (\u2013 7, 0) 8. \u2013 9, 3 9. \u00b1 4,QR = 41, PR = 82,9 2"
                },
                {
                    "type": "paragraph_text",
                    "content": "10. 3x + y \u2013 5 = 0"
                },
                {
                    "type": "paragraph_text",
                    "content": "EXERCISE 7.2"
                },
                {
                    "type": "paragraph_text",
                    "content": "\uf0e6 5\uf0f6 \uf0e6 7\uf0f6"
                },
                {
                    "type": "paragraph_text",
                    "content": "1. (1, 3) 2. \uf0e72, \u2212 \uf0f7;\uf0e70, \u2212 \uf0f7"
                },
                {
                    "type": "paragraph_text",
                    "content": "\uf0e8 3\uf0f8 \uf0e8 3\uf0f8"
                },
                {
                    "type": "paragraph_text",
                    "content": "3. 61m; 5th line at a distance of 22.5 m 4. 2 : 7"
                },
                {
                    "type": "paragraph_text",
                    "content": "\uf0e6 3 \uf0f6"
                },
                {
                    "type": "paragraph_text",
                    "content": "5. 1:1;\uf0e7\u2212 , 0\uf0f7 6. x = 6, y = 3 7. (3, \u2013 10)"
                },
                {
                    "type": "paragraph_text",
                    "content": "\uf0e8 2 \uf0f8"
                },
                {
                    "type": "paragraph_text",
                    "content": "\uf0e6 2 20\uf0f6 \uf0e6 7\uf0f6 \uf0e6 13\uf0f6"
                },
                {
                    "type": "paragraph_text",
                    "content": "8. \uf0e7\u2212 , \u2212 \uf0f7 9. \uf0e7\u22121, \uf0f7 ,(0,5),\uf0e71, \uf0f7 10. 24 sq. units"
                },
                {
                    "type": "paragraph_text",
                    "content": "\uf0e8 7 7 \uf0f8 \uf0e8 2\uf0f8 \uf0e8 2 \uf0f8"
                },
                {
                    "type": "paragraph_text",
                    "content": "EXERCISE 8.1"
                },
                {
                    "type": "paragraph_text",
                    "content": "7 24 24 7"
                },
                {
                    "type": "paragraph_text",
                    "content": "1. (i) sinA = ,cosA = (ii) sinC = , cosC ="
                },
                {
                    "type": "paragraph_text",
                    "content": "25 25 25 25"
                },
                {
                    "type": "paragraph_text",
                    "content": "7 3 15 17"
                },
                {
                    "type": "paragraph_text",
                    "content": "2. 0 3. cosA = , tanA = 4. sinA = , secA ="
                },
                {
                    "type": "paragraph_text",
                    "content": "4 7 17 8"
                },
                {
                    "type": "paragraph_text",
                    "content": "5 12 5 12 13"
                },
                {
                    "type": "paragraph_text",
                    "content": "5. sin\u03b8= , cos\u03b8 = , tan\u03b8 = , cot\u03b8= ,cosec\u03b8 ="
                },
                {
                    "type": "paragraph_text",
                    "content": "13 13 12 5 5"
                },
                {
                    "type": "paragraph_text",
                    "content": "49 49"
                },
                {
                    "type": "paragraph_text",
                    "content": "7. (i) (ii) 8. Yes"
                },
                {
                    "type": "paragraph_text",
                    "content": "64 64"
                },
                {
                    "type": "paragraph_text",
                    "content": "12 5 12"
                },
                {
                    "type": "paragraph_text",
                    "content": "9. (i) 1 (ii) 0 10. sinP = , cosP = , tanP ="
                },
                {
                    "type": "paragraph_text",
                    "content": "13 13 5"
                },
                {
                    "type": "paragraph_text",
                    "content": "11. (i) False (ii) True (iii) False (iv) False (v) False"
                },
                {
                    "type": "paragraph_text",
                    "content": "Reprint 2025-26"
                },
                {
                    "type": "paragraph_text",
                    "content": "ANSWERS/HINTS 257"
                },
                {
                    "type": "paragraph_text",
                    "content": "EXERCISE 8.2"
                },
                {
                    "type": "paragraph_text",
                    "content": "3 2 \u2212 6 43\u2212 24 3 67"
                },
                {
                    "type": "paragraph_text",
                    "content": "1. (i) 1 (ii) 2 (iii) (iv) (v)"
                },
                {
                    "type": "paragraph_text",
                    "content": "8 11 12"
                },
                {
                    "type": "paragraph_text",
                    "content": "2. (i) A (ii) D (iii) A (iv) C 3. \u2220 A = 45\u00b0, \u2220 B = 15\u00b0"
                },
                {
                    "type": "paragraph_text",
                    "content": "4. (i) False (ii) True (iii) False (iv) False (v) True"
                },
                {
                    "type": "paragraph_text",
                    "content": "EXERCISE 8.3"
                },
                {
                    "type": "paragraph_text",
                    "content": "1 1 1+ cot2A"
                },
                {
                    "type": "paragraph_text",
                    "content": "1. sinA = , tanA = ,secA ="
                },
                {
                    "type": "paragraph_text",
                    "content": "1+ cot2A cotA cotA"
                },
                {
                    "type": "paragraph_text",
                    "content": "sec2A \u20131 1"
                },
                {
                    "type": "paragraph_text",
                    "content": "2. sinA = ,cosA = , tanA = sec2A \u20131"
                },
                {
                    "type": "paragraph_text",
                    "content": "secA secA"
                },
                {
                    "type": "paragraph_text",
                    "content": "1 secA"
                },
                {
                    "type": "paragraph_text",
                    "content": "cotA = , cosecA ="
                },
                {
                    "type": "paragraph_text",
                    "content": "sec2A \u20131 sec2A \u20131"
                },
                {
                    "type": "paragraph_text",
                    "content": "3. (i) B (ii) C (iii) D (iv) D"
                },
                {
                    "type": "paragraph_text",
                    "content": "EXERCISE 9.1"
                },
                {
                    "type": "paragraph_text",
                    "content": "1. 10 m 2. 8 3m 3. 3m,2 3m 4. 10 3m"
                }
            ]
        },
        {
            "section_title": "( ) ( )",
            "content_blocks": [
                {
                    "type": "paragraph_text",
                    "content": "5. 40 3m 6. 19 3m 7. 20 3 \u22121 m 8. 0.8 3 +1 m"
                }
            ]
        },
        {
            "section_title": "2 ( )",
            "content_blocks": [
                {
                    "type": "paragraph_text",
                    "content": "9. 16 m 10. 20 3m,20m,60m 11. 10 3m,10m 12. 7 3 +1 m"
                },
                {
                    "type": "paragraph_text",
                    "content": "3"
                },
                {
                    "type": "paragraph_text",
                    "content": "13. 75( 3\u22121)m 14. 58 3m 15. 3 seconds"
                },
                {
                    "type": "paragraph_text",
                    "content": "EXERCISE 10.1"
                },
                {
                    "type": "paragraph_text",
                    "content": "1. Infinitely many"
                },
                {
                    "type": "paragraph_text",
                    "content": "2. (i) One (ii) Secant (iii) Two (iv) Point of contact 3. D"
                },
                {
                    "type": "paragraph_text",
                    "content": "EXERCISE 10.2"
                },
                {
                    "type": "paragraph_text",
                    "content": "1. A 2. B 3. A 6. 3 cm"
                },
                {
                    "type": "paragraph_text",
                    "content": "7. 8 cm 12. AB = 15 cm, AC = 13 cm"
                },
                {
                    "type": "paragraph_text",
                    "content": "Reprint 2025-26"
                },
                {
                    "type": "paragraph_text",
                    "content": "258 MATHEMATICS"
                },
                {
                    "type": "paragraph_text",
                    "content": "EXERCISE 11.1"
                },
                {
                    "type": "paragraph_text",
                    "content": "1. 132 cm2 2. 77 cm2 3. 154 cm2"
                },
                {
                    "type": "paragraph_text",
                    "content": "7 8 3"
                },
                {
                    "type": "paragraph_text",
                    "content": "4. (i) 28.5 cm2 (ii) 235.5 cm2"
                },
                {
                    "type": "paragraph_text",
                    "content": "\uf0e6 441 3\uf0f6"
                },
                {
                    "type": "paragraph_text",
                    "content": "5. (i) 22 cm (ii) 231 cm2 (iii) \uf0e7231\u2212 \uf0f7cm2"
                },
                {
                    "type": "paragraph_text",
                    "content": "\uf0e7 \uf0f7"
                },
                {
                    "type": "paragraph_text",
                    "content": "\uf0e8 4 \uf0f8"
                },
                {
                    "type": "paragraph_text",
                    "content": "6. 20.4375 cm2 ; 686.0625 cm2 7. 88.44 cm2"
                },
                {
                    "type": "paragraph_text",
                    "content": "385"
                },
                {
                    "type": "paragraph_text",
                    "content": "8. (i) 19.625 m2 (ii) 58.875 cm2 9. (i) 285 mm (ii) mm2"
                },
                {
                    "type": "paragraph_text",
                    "content": "4"
                },
                {
                    "type": "paragraph_text",
                    "content": "10. 22275 cm2 11. 158125 cm2 12. 189.97 km2"
                },
                {
                    "type": "paragraph_text",
                    "content": "28 126"
                },
                {
                    "type": "paragraph_text",
                    "content": "13. ` 162.68 14. D"
                },
                {
                    "type": "paragraph_text",
                    "content": "EXERCISE 12.1"
                },
                {
                    "type": "paragraph_text",
                    "content": "1. 160 cm2 2. 572 cm2 3. 214.5 cm2"
                },
                {
                    "type": "paragraph_text",
                    "content": "4. Greatest diameter = 7 cm,surface area = 332.5 cm2"
                },
                {
                    "type": "paragraph_text",
                    "content": "1"
                },
                {
                    "type": "paragraph_text",
                    "content": "5. l2 (\u03c0+ 24) 6. 220 mm2 7. 44 m2, ` 22000"
                },
                {
                    "type": "paragraph_text",
                    "content": "4"
                },
                {
                    "type": "paragraph_text",
                    "content": "8. 18 cm2 9. 374 cm2"
                },
                {
                    "type": "paragraph_text",
                    "content": "EXERCISE 12.2"
                },
                {
                    "type": "paragraph_text",
                    "content": "1. \u03c0 cm3"
                },
                {
                    "type": "paragraph_text",
                    "content": "2. 66 cm3. Volume of the air inside the model = Volume of air inside (cone + cylinder + cone)"
                },
                {
                    "type": "paragraph_text",
                    "content": "\uf0e61 1 \uf0f6"
                },
                {
                    "type": "paragraph_text",
                    "content": "= \uf0e7 \u03c0r2h + \u03c0r2h + \u03c0r2h \uf0f7, where r is the radius of the cone and the cylinder, h is"
                },
                {
                    "type": "paragraph_text",
                    "content": "\uf0e83 1 2 3 1\uf0f8 1"
                },
                {
                    "type": "paragraph_text",
                    "content": "the height (length) of the cone and h is the height (length) of the cylinder."
                },
                {
                    "type": "paragraph_text",
                    "content": "2"
                },
                {
                    "type": "paragraph_text",
                    "content": "1"
                },
                {
                    "type": "paragraph_text",
                    "content": "Required Volume = \u03c0r2(h +3h + h ) ."
                },
                {
                    "type": "paragraph_text",
                    "content": "3 1 2 1"
                },
                {
                    "type": "paragraph_text",
                    "content": "3. 338 cm3 4. 523.53 cm3 5. 100 6. 892.26 kg"
                },
                {
                    "type": "paragraph_text",
                    "content": "7. 1.131 m3 (approx.) 8. Not correct. Correct answer is 346.51 cm3."
                },
                {
                    "type": "paragraph_text",
                    "content": "Reprint 2025-26"
                },
                {
                    "type": "paragraph_text",
                    "content": "ANSWERS/HINTS 259"
                },
                {
                    "type": "paragraph_text",
                    "content": "EXERCISE 13.1"
                },
                {
                    "type": "paragraph_text",
                    "content": "1. 8.1 plants. We have used direct method because numerical values of x and f are small."
                },
                {
                    "type": "paragraph_text",
                    "content": "i i"
                },
                {
                    "type": "paragraph_text",
                    "content": "2. ` 545.20 3. f = 20 4. 75.9"
                },
                {
                    "type": "paragraph_text",
                    "content": "5. 57.19 6. ` 211 7. 0.099 ppm"
                },
                {
                    "type": "paragraph_text",
                    "content": "8. 12.48 days 9. 69.43 %"
                },
                {
                    "type": "paragraph_text",
                    "content": "EXERCISE 13.2"
                },
                {
                    "type": "paragraph_text",
                    "content": "1. Mode = 36.8 years, Mean = 35.37 years. Maximum number of patients admitted in the"
                },
                {
                    "type": "paragraph_text",
                    "content": "hospital are of the age 36.8 years (approx.), while on an average the age of a patient"
                },
                {
                    "type": "paragraph_text",
                    "content": "admitted to the hospital is 35.37 years."
                },
                {
                    "type": "paragraph_text",
                    "content": "2. 65.625 hours"
                },
                {
                    "type": "paragraph_text",
                    "content": "3. Modal monthly expenditure = ` 1847.83, Mean monthly expenditure = ` 2662.5."
                },
                {
                    "type": "paragraph_text",
                    "content": "4. Mode : 30.6, Mean = 29.2. Most states/U.T. have a student teacher ratio of 30.6 and on"
                },
                {
                    "type": "paragraph_text",
                    "content": "an average, this ratio is 29.2."
                },
                {
                    "type": "paragraph_text",
                    "content": "5. Mode = 4608.7 runs 6. Mode = 44.7 cars"
                },
                {
                    "type": "paragraph_text",
                    "content": "EXERCISE 13.3"
                },
                {
                    "type": "paragraph_text",
                    "content": "1. Median = 137 units, Mean = 137.05 units, Mode = 135.76 units."
                },
                {
                    "type": "paragraph_text",
                    "content": "The three measures are approximately the same in this case."
                },
                {
                    "type": "paragraph_text",
                    "content": "2. x = 8, y = 7 3. Median age = 35.76 years"
                },
                {
                    "type": "paragraph_text",
                    "content": "4. Median length = 146.75 mm 5. Median life = 3406.98 hours"
                },
                {
                    "type": "paragraph_text",
                    "content": "6. Median = 8.05, Mean = 8.32, Modal size = 7.88"
                },
                {
                    "type": "paragraph_text",
                    "content": "7. Median weight = 56.67 kg"
                },
                {
                    "type": "paragraph_text",
                    "content": "EXERCISE 14.1"
                },
                {
                    "type": "paragraph_text",
                    "content": "1. (i) 1 (ii) 0, impossible event (iii) 1, sure or certain event"
                },
                {
                    "type": "paragraph_text",
                    "content": "(iv) 1 (v) 0, 1"
                },
                {
                    "type": "paragraph_text",
                    "content": "2. The experiments (iii) and (iv) have equally likely outcomes."
                },
                {
                    "type": "paragraph_text",
                    "content": "3. When we toss a coin, the outcomes head and tail are equally likely. So, the result of an"
                },
                {
                    "type": "paragraph_text",
                    "content": "individual coin toss is completely unpredictable."
                },
                {
                    "type": "paragraph_text",
                    "content": "4. B 5. 0.95 6. (i) 0 (ii) 1"
                },
                {
                    "type": "paragraph_text",
                    "content": "3 5"
                },
                {
                    "type": "paragraph_text",
                    "content": "7. 0.008 8. (i) (ii)"
                },
                {
                    "type": "paragraph_text",
                    "content": "8 8"
                },
                {
                    "type": "paragraph_text",
                    "content": "5 8 13 5 17"
                },
                {
                    "type": "paragraph_text",
                    "content": "9. (i) (ii) (iii) 10. (i) (ii)"
                },
                {
                    "type": "paragraph_text",
                    "content": "17 17 17 9 18"
                },
                {
                    "type": "paragraph_text",
                    "content": "Reprint 2025-26"
                },
                {
                    "type": "table",
                    "content": [
                        [
                            "Sum on\n2 dice",
                            "2",
                            "3",
                            "4",
                            "5",
                            "6",
                            "7",
                            "8",
                            "9",
                            "10",
                            "11",
                            "12"
                        ],
                        [
                            "Probability",
                            "1\n36",
                            "2\n36",
                            "3\n36",
                            "4\n36",
                            "5\n36",
                            "6\n36",
                            "5\n36",
                            "4\n36",
                            "3\n36",
                            "2\n36",
                            "1\n36"
                        ]
                    ]
                },
                {
                    "type": "paragraph_text",
                    "content": "260 MATHEMATICS"
                },
                {
                    "type": "paragraph_text",
                    "content": "5 1 1 3"
                },
                {
                    "type": "paragraph_text",
                    "content": "11. 12. (i) (ii) (iii) (iv) 1"
                },
                {
                    "type": "paragraph_text",
                    "content": "13 8 2 4"
                },
                {
                    "type": "paragraph_text",
                    "content": "1 1 1"
                },
                {
                    "type": "paragraph_text",
                    "content": "13. (i) (ii) (iii)"
                },
                {
                    "type": "paragraph_text",
                    "content": "2 2 2"
                },
                {
                    "type": "paragraph_text",
                    "content": "1 3 3 1 1 1"
                },
                {
                    "type": "paragraph_text",
                    "content": "14. (i) (ii) (iii) (iv) (v) (vi)"
                },
                {
                    "type": "paragraph_text",
                    "content": "26 13 26 52 4 52"
                },
                {
                    "type": "paragraph_text",
                    "content": "1 1 11"
                },
                {
                    "type": "paragraph_text",
                    "content": "15. (i) (ii) (a) (b) 0 16."
                },
                {
                    "type": "paragraph_text",
                    "content": "5 4 12"
                },
                {
                    "type": "paragraph_text",
                    "content": "1 15 9 1 1"
                },
                {
                    "type": "paragraph_text",
                    "content": "17. (i) (ii) 18. (i) (ii) (iii)"
                },
                {
                    "type": "paragraph_text",
                    "content": "5 19 10 10 5"
                },
                {
                    "type": "paragraph_text",
                    "content": "1 1 \u03c0 31 5"
                },
                {
                    "type": "paragraph_text",
                    "content": "19. (i) (ii) 20. 21. (i) (ii)"
                },
                {
                    "type": "paragraph_text",
                    "content": "3 6 24 36 36"
                },
                {
                    "type": "paragraph_text",
                    "content": "22. (i)"
                },
                {
                    "type": "paragraph_text",
                    "content": "Sum on 2 3 4 5 6 7 8 9 10 11 12"
                },
                {
                    "type": "paragraph_text",
                    "content": "2 dice"
                },
                {
                    "type": "paragraph_text",
                    "content": "1 2 3 4 5 6 5 4 3 2 1"
                },
                {
                    "type": "paragraph_text",
                    "content": "Probability"
                },
                {
                    "type": "paragraph_text",
                    "content": "36 36 36 36 36 36 36 36 36 36 36"
                },
                {
                    "type": "paragraph_text",
                    "content": "(ii) No. The eleven sums are not equally likely."
                },
                {
                    "type": "paragraph_text",
                    "content": "3"
                },
                {
                    "type": "paragraph_text",
                    "content": "23. ; Possible outcomes are : HHH, TTT, HHT, HTH, HTT, THH, THT, TTH. Here, THH"
                },
                {
                    "type": "paragraph_text",
                    "content": "4"
                },
                {
                    "type": "paragraph_text",
                    "content": "means tail in the first toss, head on the second toss and head on the third toss and so on."
                },
                {
                    "type": "paragraph_text",
                    "content": "25 11"
                },
                {
                    "type": "paragraph_text",
                    "content": "24. (i) (ii)"
                },
                {
                    "type": "paragraph_text",
                    "content": "36 36"
                },
                {
                    "type": "paragraph_text",
                    "content": "25. (i) Incorrect. We can classify the outcomes like this but they are not then \u2018equally"
                },
                {
                    "type": "paragraph_text",
                    "content": "likely\u2019. Reason is that \u2018one of each\u2019 can result in two ways \u2014 from a head on first"
                },
                {
                    "type": "paragraph_text",
                    "content": "coin and tail on the second coin or from a tail on the first coin and head on the"
                },
                {
                    "type": "paragraph_text",
                    "content": "second coin. This makes it twicely as likely as two heads (or two tails)."
                },
                {
                    "type": "paragraph_text",
                    "content": "(ii) Correct. The two outcomes considered in the question are equally likely."
                },
                {
                    "type": "paragraph_text",
                    "content": "Reprint 2025-26"
                },
                {
                    "type": "paragraph_text",
                    "content": "ANSWERS/HINTS 261"
                },
                {
                    "type": "paragraph_text",
                    "content": "EXERCISE A1.1"
                },
                {
                    "type": "paragraph_text",
                    "content": "1. (i) Ambiguous (ii) True (iii) True (iv) Ambiguous"
                },
                {
                    "type": "paragraph_text",
                    "content": "(v) Ambiguous"
                },
                {
                    "type": "paragraph_text",
                    "content": "2. (i) True (ii) True (iii) False (iv) True (v) True"
                },
                {
                    "type": "paragraph_text",
                    "content": "3. Only (ii) is true."
                },
                {
                    "type": "paragraph_text",
                    "content": "4. (i) If a > 0 and a2 > b2, then a > b."
                },
                {
                    "type": "paragraph_text",
                    "content": "(ii) If xy > 0 and x2 = y2, then x = y."
                },
                {
                    "type": "paragraph_text",
                    "content": "(iii) If (x + y)2 = x2 + y2 and y \u2260 0, then x = 0."
                },
                {
                    "type": "paragraph_text",
                    "content": "(iv) The diagonals of a parallelogram bisect each other."
                },
                {
                    "type": "paragraph_text",
                    "content": "EXERCISE A1.2"
                },
                {
                    "type": "paragraph_text",
                    "content": "1. A is mortal 2. ab is rational"
                },
                {
                    "type": "paragraph_text",
                    "content": "3. Decimal expansion of 17 is non-terminating non-recurring."
                },
                {
                    "type": "paragraph_text",
                    "content": "4. y = 7 5. \u2220 A = 100\u00b0, \u2220 C = 100\u00b0, \u2220 D = 180\u00b0"
                },
                {
                    "type": "paragraph_text",
                    "content": "6. PQRS is a rectangle."
                },
                {
                    "type": "paragraph_text",
                    "content": "7. Yes, because of the premise. No, because 3721 = 61 which is not irrational. Since the"
                },
                {
                    "type": "paragraph_text",
                    "content": "premise was wrong, the conclusion is false."
                },
                {
                    "type": "paragraph_text",
                    "content": "EXERCISE A1.3"
                },
                {
                    "type": "paragraph_text",
                    "content": "1. Take two consecutive odd numbers as 2n + 1 and 2n + 3 for some integer n."
                },
                {
                    "type": "paragraph_text",
                    "content": "EXERCISE A1.4"
                },
                {
                    "type": "paragraph_text",
                    "content": "1. (i) Man is not mortal."
                },
                {
                    "type": "paragraph_text",
                    "content": "(ii) Line l is not parallel to line m."
                },
                {
                    "type": "paragraph_text",
                    "content": "(iii) The chapter does not have many exercises."
                },
                {
                    "type": "paragraph_text",
                    "content": "(iv) Not all integers are rational numbers."
                },
                {
                    "type": "paragraph_text",
                    "content": "(v) All prime numbers are not odd."
                },
                {
                    "type": "paragraph_text",
                    "content": "(vi) Some students are lazy."
                },
                {
                    "type": "paragraph_text",
                    "content": "(vii) All cats are black."
                },
                {
                    "type": "paragraph_text",
                    "content": "(viii) There is at least one real number x, such that x = \u2013 1."
                },
                {
                    "type": "paragraph_text",
                    "content": "Reprint 2025-26"
                },
                {
                    "type": "paragraph_text",
                    "content": "262 MATHEMATICS"
                },
                {
                    "type": "paragraph_text",
                    "content": "(ix) 2 does not divide the positive integer a."
                },
                {
                    "type": "paragraph_text",
                    "content": "(x) Integers a and b are not coprime."
                },
                {
                    "type": "paragraph_text",
                    "content": "2. (i) Yes (ii) No (iii) No (iv) No (v) Yes"
                },
                {
                    "type": "paragraph_text",
                    "content": "EXERCISE A1.5"
                },
                {
                    "type": "paragraph_text",
                    "content": "1. (i) If Sharan sweats a lot, then it is hot in Tokyo."
                },
                {
                    "type": "paragraph_text",
                    "content": "(ii) If Shalini\u2019s stomach grumbles, then she is hungry."
                },
                {
                    "type": "paragraph_text",
                    "content": "(iii) If Jaswant can get a degree, then she has a scholarship."
                },
                {
                    "type": "paragraph_text",
                    "content": "(iv) If a plant is alive, then it has flowers."
                },
                {
                    "type": "paragraph_text",
                    "content": "(v) If an animal has a tail, then it is a cat."
                },
                {
                    "type": "paragraph_text",
                    "content": "2. (i) If the base angles of triangle ABC are equal, then it is isosceles. True."
                },
                {
                    "type": "paragraph_text",
                    "content": "(ii) If the square of an integer is odd, then the integer is odd. True."
                },
                {
                    "type": "paragraph_text",
                    "content": "(iii) If x = 1, then x2 = 1. True."
                },
                {
                    "type": "paragraph_text",
                    "content": "(iv) If AC and BD bisect each other, then ABCD is a parallelogram. True."
                },
                {
                    "type": "paragraph_text",
                    "content": "(v) If a + (b + c) = (a + b) + c, then a, b and c are whole numbers. False."
                },
                {
                    "type": "paragraph_text",
                    "content": "(vi) If x + y is an even number, then x and y are odd. False."
                },
                {
                    "type": "paragraph_text",
                    "content": "(vii) If a parallelogram is a rectangle, its vertices lie on a circle. True."
                },
                {
                    "type": "paragraph_text",
                    "content": "EXERCISE A1.6"
                },
                {
                    "type": "paragraph_text",
                    "content": "1. Suppose to the contrary b \u2264 d."
                },
                {
                    "type": "paragraph_text",
                    "content": "3. See Example 10 of Chapter 1."
                },
                {
                    "type": "paragraph_text",
                    "content": "6. See Theorem 5.1 of Class IX Mathematics Textbook."
                },
                {
                    "type": "paragraph_text",
                    "content": "EXERCISE A2.2"
                },
                {
                    "type": "paragraph_text",
                    "content": "1"
                },
                {
                    "type": "paragraph_text",
                    "content": "1. (i) (ii) 160"
                },
                {
                    "type": "paragraph_text",
                    "content": "5"
                },
                {
                    "type": "paragraph_text",
                    "content": "2. Take 1 cm2 area and count the number of dots in it. Total number of trees will be the"
                },
                {
                    "type": "paragraph_text",
                    "content": "product of this number and the area (in cm2)."
                },
                {
                    "type": "paragraph_text",
                    "content": "3. Rate of interest in instalment scheme is 17.74 %, which is less than 18 %."
                },
                {
                    "type": "paragraph_text",
                    "content": "EXERCISE A2.3"
                },
                {
                    "type": "paragraph_text",
                    "content": "1. Students find their own answers."
                },
                {
                    "type": "paragraph_text",
                    "content": "Reprint 2025-26"
                }
            ]
        }
    ]
}