{
    "book": "Mathematics",
    "chapter": "ch1",
    "sections": [
        {
            "section_title": "Introduction",
            "content_blocks": [
                {
                    "type": "paragraph_text",
                    "content": "REAL NUMBERS 1"
                }
            ]
        },
        {
            "section_title": "EAL UMBERS",
            "content_blocks": [
                {
                    "type": "paragraph_text",
                    "content": "1.1 Introduction"
                },
                {
                    "type": "paragraph_text",
                    "content": "In Class IX, you began your exploration of the world of real numbers and encountered"
                },
                {
                    "type": "paragraph_text",
                    "content": "irrational numbers. We continue our discussion on real numbers in this chapter. We"
                },
                {
                    "type": "paragraph_text",
                    "content": "begin with very important properties of positive integers in Sections 1.2, namely the"
                },
                {
                    "type": "paragraph_text",
                    "content": "Euclid\u2019s division algorithm and the Fundamental Theorem of Arithmetic."
                },
                {
                    "type": "paragraph_text",
                    "content": "Euclid\u2019s division algorithm, as the name suggests, has to do with divisibility of"
                },
                {
                    "type": "paragraph_text",
                    "content": "integers. Stated simply, it says any positive integer a can be divided by another positive"
                },
                {
                    "type": "paragraph_text",
                    "content": "integer b in such a way that it leaves a remainder r that is smaller than b. Many of you"
                },
                {
                    "type": "paragraph_text",
                    "content": "probably recognise this as the usual long division process. Although this result is quite"
                },
                {
                    "type": "paragraph_text",
                    "content": "easy to state and understand, it has many applications related to the divisibility properties"
                },
                {
                    "type": "paragraph_text",
                    "content": "of integers. We touch upon a few of them, and use it mainly to compute the HCF of"
                },
                {
                    "type": "paragraph_text",
                    "content": "two positive integers."
                },
                {
                    "type": "paragraph_text",
                    "content": "The Fundamental Theorem of Arithmetic, on the other hand, has to do something"
                },
                {
                    "type": "paragraph_text",
                    "content": "with multiplication of positive integers. You already know that every composite number"
                },
                {
                    "type": "paragraph_text",
                    "content": "can be expressed as a product of primes in a unique way\u2014this important fact is the"
                },
                {
                    "type": "paragraph_text",
                    "content": "Fundamental Theorem of Arithmetic. Again, while it is a result that is easy to state and"
                },
                {
                    "type": "paragraph_text",
                    "content": "understand, it has some very deep and significant applications in the field of mathematics."
                },
                {
                    "type": "paragraph_text",
                    "content": "We use the Fundamental Theorem of Arithmetic for two main applications. First, we"
                },
                {
                    "type": "paragraph_text",
                    "content": "use it to prove the irrationality of many of the numbers you studied in Class IX, such as"
                },
                {
                    "type": "paragraph_text",
                    "content": "2, 3 and 5. Second, we apply this theorem to explore when exactly the decimal"
                },
                {
                    "type": "paragraph_text",
                    "content": "p"
                },
                {
                    "type": "paragraph_text",
                    "content": "expansion of a rational number, say (q \uf0b9 0), is terminating and when it is non-"
                },
                {
                    "type": "paragraph_text",
                    "content": "q"
                },
                {
                    "type": "paragraph_text",
                    "content": "terminating repeating. We do so by looking at the prime factorisation of the denominator"
                },
                {
                    "type": "paragraph_text",
                    "content": "p"
                },
                {
                    "type": "paragraph_text",
                    "content": "q of . You will see that the prime factorisation of q will completely reveal the nature"
                },
                {
                    "type": "paragraph_text",
                    "content": "q"
                },
                {
                    "type": "paragraph_text",
                    "content": "p"
                },
                {
                    "type": "paragraph_text",
                    "content": "of the decimal expansion of ."
                },
                {
                    "type": "paragraph_text",
                    "content": "q"
                },
                {
                    "type": "paragraph_text",
                    "content": "So let us begin our exploration."
                },
                {
                    "type": "paragraph_text",
                    "content": "Reprint 2025-26"
                },
                {
                    "type": "paragraph_text",
                    "content": "2 MATHEMATICS"
                },
                {
                    "type": "paragraph_text",
                    "content": "1.2 The Fundamental Theorem of Arithmetic"
                },
                {
                    "type": "paragraph_text",
                    "content": "In your earlier classes, you have seen that any natural number can be written as a"
                },
                {
                    "type": "paragraph_text",
                    "content": "product of its prime factors. For instance, 2 = 2, 4 = 2 \u00d7 2, 253 = 11 \u00d7 23, and so on."
                },
                {
                    "type": "paragraph_text",
                    "content": "Now, let us try and look at natural numbers from the other direction. That is, can any"
                },
                {
                    "type": "paragraph_text",
                    "content": "natural number be obtained by multiplying prime numbers? Let us see."
                },
                {
                    "type": "paragraph_text",
                    "content": "Take any collection of prime numbers, say 2, 3, 7, 11 and 23. If we multiply"
                },
                {
                    "type": "paragraph_text",
                    "content": "some or all of these numbers, allowing them to repeat as many times as we wish,"
                },
                {
                    "type": "paragraph_text",
                    "content": "we can produce a large collection of positive integers (In fact, infinitely many)."
                },
                {
                    "type": "paragraph_text",
                    "content": "Let us list a few :"
                },
                {
                    "type": "paragraph_text",
                    "content": "7 \u00d7 11 \u00d7 23 = 1771 3 \u00d7 7 \u00d7 11 \u00d7 23 = 5313"
                },
                {
                    "type": "paragraph_text",
                    "content": "2 \u00d7 3 \u00d7 7 \u00d7 11 \u00d7 23 = 10626 23 \u00d7 3 \u00d7 73 = 8232"
                },
                {
                    "type": "paragraph_text",
                    "content": "22 \u00d7 3 \u00d7 7 \u00d7 11 \u00d7 23 = 21252"
                },
                {
                    "type": "paragraph_text",
                    "content": "and so on."
                },
                {
                    "type": "paragraph_text",
                    "content": "Now, let us suppose your collection of primes includes all the possible primes."
                },
                {
                    "type": "paragraph_text",
                    "content": "What is your guess about the size of this collection? Does it contain only a finite"
                },
                {
                    "type": "paragraph_text",
                    "content": "number of integers, or infinitely many? Infact, there are infinitely many primes. So,"
                },
                {
                    "type": "paragraph_text",
                    "content": "if we combine all these primes in all possible ways, we will get an infinite"
                },
                {
                    "type": "paragraph_text",
                    "content": "collection of numbers, all"
                },
                {
                    "type": "paragraph_text",
                    "content": "the primes and all possible"
                },
                {
                    "type": "paragraph_text",
                    "content": "products of primes. The"
                },
                {
                    "type": "paragraph_text",
                    "content": "question is \u2013 can we"
                },
                {
                    "type": "paragraph_text",
                    "content": "produce all the composite"
                },
                {
                    "type": "paragraph_text",
                    "content": "numbers this way? What"
                },
                {
                    "type": "paragraph_text",
                    "content": "do you think? Do you"
                },
                {
                    "type": "paragraph_text",
                    "content": "think that there may be a"
                },
                {
                    "type": "paragraph_text",
                    "content": "composite number which"
                },
                {
                    "type": "paragraph_text",
                    "content": "is not the product of"
                },
                {
                    "type": "paragraph_text",
                    "content": "powers of primes?"
                },
                {
                    "type": "paragraph_text",
                    "content": "Before we answer this,"
                },
                {
                    "type": "paragraph_text",
                    "content": "let us factorise positive"
                },
                {
                    "type": "paragraph_text",
                    "content": "integers, that is, do the"
                },
                {
                    "type": "paragraph_text",
                    "content": "opposite of what we have"
                },
                {
                    "type": "paragraph_text",
                    "content": "done so far."
                },
                {
                    "type": "paragraph_text",
                    "content": "We are going to use"
                },
                {
                    "type": "paragraph_text",
                    "content": "the factor tree with which"
                },
                {
                    "type": "paragraph_text",
                    "content": "you are all familiar. Let us"
                },
                {
                    "type": "paragraph_text",
                    "content": "take some large number,"
                },
                {
                    "type": "paragraph_text",
                    "content": "say, 32760, and factorise"
                },
                {
                    "type": "paragraph_text",
                    "content": "it as shown."
                },
                {
                    "type": "paragraph_text",
                    "content": "Reprint 2025-26"
                },
                {
                    "type": "paragraph_text",
                    "content": "REAL NUMBERS 3"
                },
                {
                    "type": "paragraph_text",
                    "content": "So we have factorised 32760 as 2 \u00d7 2 \u00d7 2 \u00d7 3 \u00d7 3 \u00d7 5 \u00d7 7 \u00d7 13 as a product of"
                },
                {
                    "type": "paragraph_text",
                    "content": "primes, i.e., 32760 = 23 \u00d7 32 \u00d7 5 \u00d7 7 \u00d7 13 as a product of powers of primes. Let us try"
                },
                {
                    "type": "paragraph_text",
                    "content": "another number, say, 123456789. This can be written as 32 \u00d7 3803 \u00d7 3607. Of course,"
                },
                {
                    "type": "paragraph_text",
                    "content": "you have to check that 3803 and 3607 are primes! (Try it out for several other natural"
                },
                {
                    "type": "paragraph_text",
                    "content": "numbers yourself.) This leads us to a conjecture that every composite number can be"
                },
                {
                    "type": "paragraph_text",
                    "content": "written as the product of powers of primes. In fact, this statement is true, and is called"
                },
                {
                    "type": "paragraph_text",
                    "content": "the Fundamental Theorem of Arithmetic because of its basic crucial importance"
                },
                {
                    "type": "paragraph_text",
                    "content": "to the study of integers. Let us now formally state this theorem."
                },
                {
                    "type": "paragraph_text",
                    "content": "Theorem 1.1 (Fundamental Theorem of Arithmetic) : Every composite"
                },
                {
                    "type": "paragraph_text",
                    "content": "number can be expressed (factorised) as a product of primes, and this factorisation"
                },
                {
                    "type": "paragraph_text",
                    "content": "is unique, apart from the order in which the prime factors occur."
                },
                {
                    "type": "paragraph_text",
                    "content": "An equivalent version of Theorem 1.2 was probably"
                },
                {
                    "type": "paragraph_text",
                    "content": "first recorded as Proposition 14 of Book IX in Euclid\u2019s"
                },
                {
                    "type": "paragraph_text",
                    "content": "Elements, before it came to be known as the"
                },
                {
                    "type": "paragraph_text",
                    "content": "Fundamental Theorem of Arithmetic. However, the"
                },
                {
                    "type": "paragraph_text",
                    "content": "first correct proof was given by Carl Friedrich Gauss"
                },
                {
                    "type": "paragraph_text",
                    "content": "in his Disquisitiones Arithmeticae."
                },
                {
                    "type": "paragraph_text",
                    "content": "Carl Friedrich Gauss is often referred to as the \u2018Prince"
                },
                {
                    "type": "paragraph_text",
                    "content": "of Mathematicians\u2019 and is considered one of the three"
                },
                {
                    "type": "paragraph_text",
                    "content": "greatest mathematicians of all time, along with"
                },
                {
                    "type": "paragraph_text",
                    "content": "Archimedes and Newton. He has made fundamental Carl Friedrich Gauss"
                },
                {
                    "type": "paragraph_text",
                    "content": "contributions to both mathematics and science. (1777 \u2013 1855)"
                },
                {
                    "type": "paragraph_text",
                    "content": "The Fundamental Theorem of Arithmetic says that every composite number can"
                },
                {
                    "type": "paragraph_text",
                    "content": "be factorised as a product of primes. Actually it says more. It says that given any"
                },
                {
                    "type": "paragraph_text",
                    "content": "composite number it can be factorised as a product of prime numbers in a \u2018unique\u2019"
                },
                {
                    "type": "paragraph_text",
                    "content": "way, except for the order in which the primes occur. That is, given any composite"
                },
                {
                    "type": "paragraph_text",
                    "content": "number there is one and only one way to write it as a product of primes, as long as we"
                },
                {
                    "type": "paragraph_text",
                    "content": "are not particular about the order in which the primes occur. So, for example, we"
                },
                {
                    "type": "paragraph_text",
                    "content": "regard 2 \u00d7 3 \u00d7 5 \u00d7 7 as the same as 3 \u00d7 5 \u00d7 7 \u00d7 2, or any other possible order in which"
                },
                {
                    "type": "paragraph_text",
                    "content": "these primes are written. This fact is also stated in the following form:"
                },
                {
                    "type": "paragraph_text",
                    "content": "The prime factorisation of a natural number is unique, except for the order"
                },
                {
                    "type": "paragraph_text",
                    "content": "of its factors."
                },
                {
                    "type": "paragraph_text",
                    "content": "Reprint 2025-26"
                },
                {
                    "type": "paragraph_text",
                    "content": "4 MATHEMATICS"
                },
                {
                    "type": "paragraph_text",
                    "content": "In general, given a composite number x, we factorise it as x = p p ... p , where"
                },
                {
                    "type": "paragraph_text",
                    "content": "1 2 n"
                },
                {
                    "type": "paragraph_text",
                    "content": "p , p ,..., p are primes and written in ascending order, i.e., p \uf0a3 p"
                },
                {
                    "type": "paragraph_text",
                    "content": "1 2 n 1 2"
                },
                {
                    "type": "paragraph_text",
                    "content": "\uf0a3 . . . \uf0a3 p . If we combine the same primes, we will get powers of primes. For example,"
                },
                {
                    "type": "paragraph_text",
                    "content": "n"
                },
                {
                    "type": "paragraph_text",
                    "content": "32760 = 2 \u00d7 2 \u00d7 2 \u00d7 3 \u00d7 3 \u00d7 5 \u00d7 7 \u00d7 13 = 23 \u00d7 32 \u00d7 5 \u00d7 7 \u00d7 13"
                },
                {
                    "type": "paragraph_text",
                    "content": "Once we have decided that the order will be ascending, then the way the number"
                },
                {
                    "type": "paragraph_text",
                    "content": "is factorised, is unique."
                },
                {
                    "type": "paragraph_text",
                    "content": "The Fundamental Theorem of Arithmetic has many applications, both within"
                },
                {
                    "type": "paragraph_text",
                    "content": "mathematics and in other fields. Let us look at some examples."
                },
                {
                    "type": "paragraph_text",
                    "content": "Example 1 : Consider the numbers 4n, where n is a natural number. Check whether"
                },
                {
                    "type": "paragraph_text",
                    "content": "there is any value of n for which 4n ends with the digit zero."
                },
                {
                    "type": "paragraph_text",
                    "content": "Solution : If the number 4n, for any n, were to end with the digit zero, then it would be"
                },
                {
                    "type": "paragraph_text",
                    "content": "divisible by 5. That is, the prime factorisation of 4n would contain the prime 5. This is"
                },
                {
                    "type": "paragraph_text",
                    "content": "not possible because 4n = (2)2n; so the only prime in the factorisation of 4n is 2. So, the"
                },
                {
                    "type": "paragraph_text",
                    "content": "uniqueness of the Fundamental Theorem of Arithmetic guarantees that there are no"
                },
                {
                    "type": "paragraph_text",
                    "content": "other primes in the factorisation of 4n. So, there is no natural number n for which 4n"
                },
                {
                    "type": "paragraph_text",
                    "content": "ends with the digit zero."
                },
                {
                    "type": "paragraph_text",
                    "content": "You have already learnt how to find the HCF and LCM of two positive integers"
                },
                {
                    "type": "paragraph_text",
                    "content": "using the Fundamental Theorem of Arithmetic in earlier classes, without realising it!"
                },
                {
                    "type": "paragraph_text",
                    "content": "This method is also called the prime factorisation method. Let us recall this method"
                },
                {
                    "type": "paragraph_text",
                    "content": "through an example."
                },
                {
                    "type": "paragraph_text",
                    "content": "Example 2 : Find the LCM and HCF of 6 and 20 by the prime factorisation method."
                },
                {
                    "type": "paragraph_text",
                    "content": "Solution : We have : 6 = 21 \u00d7 31 and 20 = 2 \u00d7 2 \u00d7 5 = 22 \u00d7 51."
                },
                {
                    "type": "paragraph_text",
                    "content": "You can find HCF(6, 20) = 2 and LCM(6, 20) = 2 \u00d7 2 \u00d7 3 \u00d7 5 = 60, as done in your"
                },
                {
                    "type": "paragraph_text",
                    "content": "earlier classes."
                },
                {
                    "type": "paragraph_text",
                    "content": "Note that HCF(6, 20) = 21 = Product of the smallest power of each common"
                },
                {
                    "type": "paragraph_text",
                    "content": "prime factor in the numbers."
                },
                {
                    "type": "paragraph_text",
                    "content": "LCM (6, 20) = 22 \u00d7 31 \u00d7 51 =Product of the greatest power of each prime factor,"
                },
                {
                    "type": "paragraph_text",
                    "content": "involved in the numbers."
                },
                {
                    "type": "paragraph_text",
                    "content": "From the example above, you might have noticed that HCF(6, 20) \u00d7 LCM(6, 20)"
                },
                {
                    "type": "paragraph_text",
                    "content": "= 6 \u00d7 20. In fact, we can verify that for any two positive integers a and b,"
                },
                {
                    "type": "paragraph_text",
                    "content": "HCF (a, b) \u00d7 LCM (a, b) = a \u00d7 b. We can use this result to find the LCM of two"
                },
                {
                    "type": "paragraph_text",
                    "content": "positive integers, if we have already found the HCF of the two positive integers."
                },
                {
                    "type": "paragraph_text",
                    "content": "Example 3: Find the HCF of 96 and 404 by the prime factorisation method. Hence,"
                },
                {
                    "type": "paragraph_text",
                    "content": "find their LCM."
                },
                {
                    "type": "paragraph_text",
                    "content": "Reprint 2025-26"
                },
                {
                    "type": "paragraph_text",
                    "content": "REAL NUMBERS 5"
                },
                {
                    "type": "paragraph_text",
                    "content": "Solution : The prime factorisation of 96 and 404 gives :"
                },
                {
                    "type": "paragraph_text",
                    "content": "96 = 25 \u00d7 3, 404 = 22 \u00d7 101"
                },
                {
                    "type": "paragraph_text",
                    "content": "Therefore, the HCF of these two integers is 22 = 4."
                },
                {
                    "type": "paragraph_text",
                    "content": "96\uf0b4404 96\uf0b4404"
                },
                {
                    "type": "paragraph_text",
                    "content": "Also, LCM (96, 404) = \uf03d \uf03d9696"
                },
                {
                    "type": "paragraph_text",
                    "content": "HCF(96, 404) 4"
                },
                {
                    "type": "paragraph_text",
                    "content": "Example 4 : Find the HCF and LCM of 6, 72 and 120, using the prime factorisation"
                },
                {
                    "type": "paragraph_text",
                    "content": "method."
                },
                {
                    "type": "paragraph_text",
                    "content": "Solution : We have :"
                },
                {
                    "type": "paragraph_text",
                    "content": "6 = 2 \u00d7 3, 72 = 23 \u00d7 32, 120 = 23 \u00d7 3 \u00d7 5"
                },
                {
                    "type": "paragraph_text",
                    "content": "Here, 21 and 31 are the smallest powers of the common factors 2 and 3, respectively."
                },
                {
                    "type": "paragraph_text",
                    "content": "So, HCF (6, 72, 120) = 21 \u00d7 31 = 2 \u00d7 3 = 6"
                },
                {
                    "type": "paragraph_text",
                    "content": "23, 32 and 51 are the greatest powers of the prime factors 2, 3 and 5 respectively"
                },
                {
                    "type": "paragraph_text",
                    "content": "involved in the three numbers."
                },
                {
                    "type": "paragraph_text",
                    "content": "So, LCM (6, 72, 120) = 23 \u00d7 32 \u00d7 51 = 360"
                },
                {
                    "type": "paragraph_text",
                    "content": "Remark : Notice, 6 \u00d7 72 \u00d7 120 \uf0b9 HCF (6, 72, 120) \u00d7 LCM (6, 72, 120). So, the"
                },
                {
                    "type": "paragraph_text",
                    "content": "product of three numbers is not equal to the product of their HCF and LCM."
                },
                {
                    "type": "paragraph_text",
                    "content": "EXERCISE 1.1"
                },
                {
                    "type": "paragraph_text",
                    "content": "1. Express each number as a product of its prime factors:"
                },
                {
                    "type": "paragraph_text",
                    "content": "(i) 140 (ii) 156 (iii) 3825 (iv) 5005 (v) 7429"
                },
                {
                    "type": "paragraph_text",
                    "content": "2. Find the LCM and HCF of the following pairs of integers and verify that LCM \u00d7 HCF ="
                },
                {
                    "type": "paragraph_text",
                    "content": "product of the two numbers."
                },
                {
                    "type": "paragraph_text",
                    "content": "(i) 26 and 91 (ii) 510 and 92 (iii) 336 and 54"
                },
                {
                    "type": "paragraph_text",
                    "content": "3. Find the LCM and HCF of the following integers by applying the prime factorisation"
                },
                {
                    "type": "paragraph_text",
                    "content": "method."
                },
                {
                    "type": "paragraph_text",
                    "content": "(i) 12, 15 and 21 (ii) 17, 23 and 29 (iii) 8, 9 and 25"
                },
                {
                    "type": "paragraph_text",
                    "content": "4. Given that HCF (306, 657) = 9, find LCM (306, 657)."
                },
                {
                    "type": "paragraph_text",
                    "content": "5. Check whether 6n can end with the digit 0 for any natural number n."
                },
                {
                    "type": "paragraph_text",
                    "content": "6. Explain why 7 \u00d7 11 \u00d7 13 + 13 and 7 \u00d7 6 \u00d7 5 \u00d7 4 \u00d7 3 \u00d7 2 \u00d7 1 + 5 are composite numbers."
                },
                {
                    "type": "paragraph_text",
                    "content": "7. There is a circular path around a sports field. Sonia takes 18 minutes to drive one round"
                },
                {
                    "type": "paragraph_text",
                    "content": "of the field, while Ravi takes 12 minutes for the same. Suppose they both start at the"
                },
                {
                    "type": "paragraph_text",
                    "content": "Reprint 2025-26"
                },
                {
                    "type": "paragraph_text",
                    "content": "6 MATHEMATICS"
                },
                {
                    "type": "paragraph_text",
                    "content": "same point and at the same time, and go in the same direction. After how many minutes"
                },
                {
                    "type": "paragraph_text",
                    "content": "will they meet again at the starting point?"
                },
                {
                    "type": "paragraph_text",
                    "content": "1.3 Revisiting Irrational Numbers"
                },
                {
                    "type": "paragraph_text",
                    "content": "In Class IX, you were introduced to irrational numbers and many of their properties."
                },
                {
                    "type": "paragraph_text",
                    "content": "You studied about their existence and how the rationals and the irrationals together"
                },
                {
                    "type": "paragraph_text",
                    "content": "made up the real numbers. You even studied how to locate irrationals on the number"
                },
                {
                    "type": "paragraph_text",
                    "content": "line. However, we did not prove that they were irrationals. In this section, we will"
                },
                {
                    "type": "paragraph_text",
                    "content": "prove that 2, 3, 5 and, in general, p is irrational, where p is a prime. One of"
                },
                {
                    "type": "paragraph_text",
                    "content": "the theorems, we use in our proof, is the Fundamental Theorem of Arithmetic."
                },
                {
                    "type": "paragraph_text",
                    "content": "p"
                },
                {
                    "type": "paragraph_text",
                    "content": "Recall, a number \u2018s\u2019 is called irrational if it cannot be written in the form ,"
                },
                {
                    "type": "paragraph_text",
                    "content": "q"
                },
                {
                    "type": "paragraph_text",
                    "content": "where p and q are integers and q \u201e 0. Some examples of irrational numbers, with"
                },
                {
                    "type": "paragraph_text",
                    "content": "which you are already familiar, are :"
                },
                {
                    "type": "paragraph_text",
                    "content": "2"
                },
                {
                    "type": "paragraph_text",
                    "content": "2, 3, 15, \uf070,\uf02d ,0.10110111011110..., etc."
                },
                {
                    "type": "paragraph_text",
                    "content": "3"
                },
                {
                    "type": "paragraph_text",
                    "content": "Before we prove that 2 is irrational, we need the following theorem, whose"
                },
                {
                    "type": "paragraph_text",
                    "content": "proof is based on the Fundamental Theorem of Arithmetic."
                },
                {
                    "type": "paragraph_text",
                    "content": "Theorem 1.2 : Let p be a prime number. If p divides a2, then p divides a, where"
                },
                {
                    "type": "paragraph_text",
                    "content": "a is a positive integer."
                },
                {
                    "type": "paragraph_text",
                    "content": "*Proof : Let the prime factorisation of a be as follows :"
                },
                {
                    "type": "paragraph_text",
                    "content": "a = p p . . . p , where p ,p , . . ., p are primes, not necessarily distinct."
                },
                {
                    "type": "paragraph_text",
                    "content": "1 2 n 1 2 n"
                },
                {
                    "type": "paragraph_text",
                    "content": "Therefore, a2 = (p p . . . p )(p p . . . p ) = p2p2 . . . p2."
                },
                {
                    "type": "paragraph_text",
                    "content": "1 2 n 1 2 n 1 2 n"
                },
                {
                    "type": "paragraph_text",
                    "content": "Now, we are given that p divides a2. Therefore, from the Fundamental Theorem of"
                },
                {
                    "type": "paragraph_text",
                    "content": "Arithmetic, it follows that p is one of the prime factors of a2. However, using the"
                },
                {
                    "type": "paragraph_text",
                    "content": "uniqueness part of the Fundamental Theorem of Arithmetic, we realise that the only"
                },
                {
                    "type": "paragraph_text",
                    "content": "prime factors of a2 are p , p , . . ., p . So p is one of p , p , . . ., p ."
                },
                {
                    "type": "paragraph_text",
                    "content": "1 2 n 1 2 n"
                },
                {
                    "type": "paragraph_text",
                    "content": "Now, since a = p p . . . p , p divides a."
                },
                {
                    "type": "paragraph_text",
                    "content": "1 2 n"
                },
                {
                    "type": "paragraph_text",
                    "content": "We are now ready to give a proof that 2 is irrational."
                },
                {
                    "type": "paragraph_text",
                    "content": "The proof is based on a technique called \u2018proof by contradiction\u2019. (This technique is"
                },
                {
                    "type": "paragraph_text",
                    "content": "discussed in some detail in Appendix 1)."
                },
                {
                    "type": "paragraph_text",
                    "content": "Theorem 1.3 : 2 is irrational."
                },
                {
                    "type": "paragraph_text",
                    "content": "Proof : Let us assume, to the contrary, that 2 is rational."
                },
                {
                    "type": "paragraph_text",
                    "content": "* Not from the examination point of view."
                },
                {
                    "type": "paragraph_text",
                    "content": "Reprint 2025-26"
                },
                {
                    "type": "paragraph_text",
                    "content": "REAL NUMBERS 7"
                },
                {
                    "type": "paragraph_text",
                    "content": "r"
                },
                {
                    "type": "paragraph_text",
                    "content": "So, we can find integers r and s (\u201e 0) such that 2 = ."
                },
                {
                    "type": "paragraph_text",
                    "content": "s"
                },
                {
                    "type": "paragraph_text",
                    "content": "Suppose r and s have a common factor other than 1. Then, we divide by the common"
                },
                {
                    "type": "paragraph_text",
                    "content": "a"
                },
                {
                    "type": "paragraph_text",
                    "content": "factor to get 2 \uf03d , where a and b are coprime."
                },
                {
                    "type": "paragraph_text",
                    "content": "b"
                },
                {
                    "type": "paragraph_text",
                    "content": "So, b 2 = a."
                },
                {
                    "type": "paragraph_text",
                    "content": "Squaring on both sides and rearranging, we get 2b2 = a2. Therefore, 2 divides a2."
                },
                {
                    "type": "paragraph_text",
                    "content": "Now, by Theorem 1.2, it follows that 2 divides a."
                },
                {
                    "type": "paragraph_text",
                    "content": "So, we can write a = 2c for some integer c."
                },
                {
                    "type": "paragraph_text",
                    "content": "Substituting for a, we get 2b2 = 4c2, that is, b2 = 2c2."
                },
                {
                    "type": "paragraph_text",
                    "content": "This means that 2 divides b2, and so 2 divides b (again using Theorem 1.2 with p = 2)."
                },
                {
                    "type": "paragraph_text",
                    "content": "Therefore, a and b have at least 2 as a common factor."
                },
                {
                    "type": "paragraph_text",
                    "content": "But this contradicts the fact that a and b have no common factors other than 1."
                },
                {
                    "type": "paragraph_text",
                    "content": "This contradiction has arisen because of our incorrect assumption that 2 is rational."
                },
                {
                    "type": "paragraph_text",
                    "content": "So, we conclude that 2 is irrational."
                },
                {
                    "type": "paragraph_text",
                    "content": "Example 5 : Prove that 3 is irrational."
                },
                {
                    "type": "paragraph_text",
                    "content": "Solution : Let us assume, to the contrary, that 3 is rational."
                },
                {
                    "type": "paragraph_text",
                    "content": "a"
                },
                {
                    "type": "paragraph_text",
                    "content": "That is, we can find integers a and b (\u201e 0) such that 3 = \uf0d7"
                },
                {
                    "type": "paragraph_text",
                    "content": "b"
                },
                {
                    "type": "paragraph_text",
                    "content": "Suppose a and b have a common factor other than 1, then we can divide by the"
                },
                {
                    "type": "paragraph_text",
                    "content": "common factor, and assume that a and b are coprime."
                },
                {
                    "type": "paragraph_text",
                    "content": "So, b 3 \uf03d a\uf0d7"
                },
                {
                    "type": "paragraph_text",
                    "content": "Squaring on both sides, and rearranging, we get 3b2 = a2."
                },
                {
                    "type": "paragraph_text",
                    "content": "Therefore, a2 is divisible by 3, and by Theorem 1.2, it follows that a is also divisible"
                },
                {
                    "type": "paragraph_text",
                    "content": "by 3."
                },
                {
                    "type": "paragraph_text",
                    "content": "So, we can write a = 3c for some integer c."
                },
                {
                    "type": "paragraph_text",
                    "content": "Substituting for a, we get 3b2 = 9c2, that is, b2 = 3c2."
                },
                {
                    "type": "paragraph_text",
                    "content": "This means that b2 is divisible by 3, and so b is also divisible by 3 (using Theorem 1.2"
                },
                {
                    "type": "paragraph_text",
                    "content": "with p = 3)."
                },
                {
                    "type": "paragraph_text",
                    "content": "Reprint 2025-26"
                },
                {
                    "type": "paragraph_text",
                    "content": "8 MATHEMATICS"
                },
                {
                    "type": "paragraph_text",
                    "content": "Therefore, a and b have at least 3 as a common factor."
                },
                {
                    "type": "paragraph_text",
                    "content": "But this contradicts the fact that a and b are coprime."
                },
                {
                    "type": "paragraph_text",
                    "content": "This contradiction has arisen because of our incorrect assumption that 3 is rational."
                },
                {
                    "type": "paragraph_text",
                    "content": "So, we conclude that 3 is irrational."
                },
                {
                    "type": "paragraph_text",
                    "content": "In Class IX, we mentioned that :"
                },
                {
                    "type": "paragraph_text",
                    "content": "\uf06c the sum or difference of a rational and an irrational number is irrational and"
                },
                {
                    "type": "paragraph_text",
                    "content": "\uf06c the product and quotient of a non-zero rational and irrational number is"
                },
                {
                    "type": "paragraph_text",
                    "content": "irrational."
                },
                {
                    "type": "paragraph_text",
                    "content": "We prove some particular cases here."
                },
                {
                    "type": "paragraph_text",
                    "content": "Example 6 : Show that 5 \u2013 3 is irrational."
                },
                {
                    "type": "paragraph_text",
                    "content": "Solution : Let us assume, to the contrary, that 5 \u2013 3 is rational."
                },
                {
                    "type": "paragraph_text",
                    "content": "a"
                },
                {
                    "type": "paragraph_text",
                    "content": "That is, we can find coprime a and b (b \uf0b9 0) such that 5\uf02d 3 \uf03d \uf0d7"
                },
                {
                    "type": "paragraph_text",
                    "content": "b"
                },
                {
                    "type": "paragraph_text",
                    "content": "a"
                },
                {
                    "type": "paragraph_text",
                    "content": "Therefore, 5\uf02d \uf03d 3\uf0d7"
                },
                {
                    "type": "paragraph_text",
                    "content": "b"
                },
                {
                    "type": "paragraph_text",
                    "content": "a 5b \uf02d a"
                },
                {
                    "type": "paragraph_text",
                    "content": "Rearranging this equation, we get 3 \uf03d5 \u2013 \uf03d \uf0d7"
                },
                {
                    "type": "paragraph_text",
                    "content": "b b"
                },
                {
                    "type": "paragraph_text",
                    "content": "a"
                },
                {
                    "type": "paragraph_text",
                    "content": "Since a and b are integers, we get 5 \u2013 is rational, and so 3 is rational."
                },
                {
                    "type": "paragraph_text",
                    "content": "b"
                },
                {
                    "type": "paragraph_text",
                    "content": "But this contradicts the fact that 3 is irrational."
                },
                {
                    "type": "paragraph_text",
                    "content": "This contradiction has arisen because of our incorrect assumption that 5 \u2013 3 is"
                },
                {
                    "type": "paragraph_text",
                    "content": "rational."
                },
                {
                    "type": "paragraph_text",
                    "content": "So, we conclude that 5\uf02d 3 is irrational."
                },
                {
                    "type": "paragraph_text",
                    "content": "Example 7 : Show that 3 2 is irrational."
                },
                {
                    "type": "paragraph_text",
                    "content": "Solution : Let us assume, to the contrary, that 3 2 is rational."
                },
                {
                    "type": "paragraph_text",
                    "content": "a"
                },
                {
                    "type": "paragraph_text",
                    "content": "That is, we can find coprime a and b (b \uf0b9 0) such that 3 2 \uf03d \uf0d7"
                },
                {
                    "type": "paragraph_text",
                    "content": "b"
                },
                {
                    "type": "paragraph_text",
                    "content": "a"
                },
                {
                    "type": "paragraph_text",
                    "content": "Rearranging, we get 2 \uf03d \uf0d7"
                },
                {
                    "type": "paragraph_text",
                    "content": "3b"
                },
                {
                    "type": "paragraph_text",
                    "content": "a"
                },
                {
                    "type": "paragraph_text",
                    "content": "Since 3, a and b are integers, is rational, and so 2 is rational."
                },
                {
                    "type": "paragraph_text",
                    "content": "3b"
                },
                {
                    "type": "paragraph_text",
                    "content": "Reprint 2025-26"
                },
                {
                    "type": "table",
                    "content": [
                        [
                            "A N R\nOTETOTHE EADER\nYou have seen that :\nHCF (p, q, r) \u00d7 LCM (p, q, r) \uf0b9 p \u00d7 q \u00d7 r, where p, q, r are\n(see Example 8). However, the following results hold good f\np, q and r :\np\uf0d7q\uf0d7r\uf0d7HCF(p, q, r)\nLCM (p, q, r) =\nHCF(p, q)\uf0d7HCF(q,r)\uf0d7HCF(\np\uf0d7q\uf0d7r\uf0d7LCM(p,q,r)\nHCF (p, q, r) =\nLCM(p,q)\uf0d7LCM(q, r)\uf0d7LCM",
                            null
                        ],
                        [
                            null,
                            "A N R\nOTETOTHE EADER\nat :\nCM (p, q, r) \uf0b9 p \u00d7 q \u00d7 r, where p, q, r are\nHowever, the following results hold good f\np\uf0d7q\uf0d7r\uf0d7HCF(p, q, r)\np, q, r) =\nHCF(p, q)\uf0d7HCF(q,r)\uf0d7HCF(\np\uf0d7q\uf0d7r\uf0d7LCM(p,q,r)\np, q, r) =\nLCM(p,q)\uf0d7LCM(q, r)\uf0d7LCM"
                        ]
                    ]
                },
                {
                    "type": "paragraph_text",
                    "content": "REAL NUMBERS 9"
                },
                {
                    "type": "paragraph_text",
                    "content": "But this contradicts the fact that 2 is irrational."
                },
                {
                    "type": "paragraph_text",
                    "content": "So, we conclude that 3 2 is irrational."
                },
                {
                    "type": "paragraph_text",
                    "content": "EXERCISE 1.2"
                },
                {
                    "type": "paragraph_text",
                    "content": "1. Prove that 5 is irrational."
                },
                {
                    "type": "paragraph_text",
                    "content": "2. Prove that 3\uf02b 2 5 is irrational."
                },
                {
                    "type": "paragraph_text",
                    "content": "3. Prove that the following are irrationals :"
                },
                {
                    "type": "paragraph_text",
                    "content": "1"
                },
                {
                    "type": "paragraph_text",
                    "content": "(i) (ii) 7 5 (iii) 6 \uf02b 2"
                },
                {
                    "type": "paragraph_text",
                    "content": "2"
                },
                {
                    "type": "paragraph_text",
                    "content": "1.4 Summary"
                },
                {
                    "type": "paragraph_text",
                    "content": "In this chapter, you have studied the following points:"
                },
                {
                    "type": "paragraph_text",
                    "content": "1. The Fundamental Theorem of Arithmetic :"
                },
                {
                    "type": "paragraph_text",
                    "content": "Every composite number can be expressed (factorised) as a product of primes, and this"
                },
                {
                    "type": "paragraph_text",
                    "content": "factorisation is unique, apart from the order in which the prime factors occur."
                },
                {
                    "type": "paragraph_text",
                    "content": "2. If p is a prime and p divides a2, then p divides a, where a is a positive integer."
                },
                {
                    "type": "paragraph_text",
                    "content": "3. To prove that 2, 3 are irrationals."
                }
            ]
        },
        {
            "section_title": "A N R",
            "content_blocks": [
                {
                    "type": "paragraph_text",
                    "content": "OTETOTHE EADER"
                },
                {
                    "type": "paragraph_text",
                    "content": "You have seen that :"
                },
                {
                    "type": "paragraph_text",
                    "content": "HCF (p, q, r) \u00d7 LCM (p, q, r) \uf0b9 p \u00d7 q \u00d7 r, where p, q, r are positive integers"
                },
                {
                    "type": "paragraph_text",
                    "content": "(see Example 8). However, the following results hold good for three numbers"
                },
                {
                    "type": "paragraph_text",
                    "content": "p, q and r :"
                },
                {
                    "type": "paragraph_text",
                    "content": "p\uf0d7q\uf0d7r\uf0d7HCF(p, q, r)"
                },
                {
                    "type": "paragraph_text",
                    "content": "LCM (p, q, r) ="
                },
                {
                    "type": "paragraph_text",
                    "content": "HCF(p, q)\uf0d7HCF(q,r)\uf0d7HCF(p,r)"
                },
                {
                    "type": "paragraph_text",
                    "content": "p\uf0d7q\uf0d7r\uf0d7LCM(p,q,r)"
                },
                {
                    "type": "paragraph_text",
                    "content": "HCF (p, q, r) ="
                },
                {
                    "type": "paragraph_text",
                    "content": "LCM(p,q)\uf0d7LCM(q, r)\uf0d7LCM(p,r)"
                },
                {
                    "type": "paragraph_text",
                    "content": "Reprint 2025-26"
                }
            ]
        }
    ]
}