{
    "book": "Mathematics",
    "chapter": "ch10",
    "sections": [
        {
            "section_title": "Introduction",
            "content_blocks": [
                {
                    "type": "paragraph_text",
                    "content": "144 MATHEMATICS"
                }
            ]
        },
        {
            "section_title": "IRCLES",
            "content_blocks": [
                {
                    "type": "paragraph_text",
                    "content": "10.1 Introduction"
                },
                {
                    "type": "paragraph_text",
                    "content": "You have studied in Class IX that a circle is a collection of all points in a plane"
                },
                {
                    "type": "paragraph_text",
                    "content": "which are at a constant distance (radius) from a fixed point (centre). You have"
                },
                {
                    "type": "paragraph_text",
                    "content": "also studied various terms related to a circle like chord, segment, sector, arc etc."
                },
                {
                    "type": "paragraph_text",
                    "content": "Let us now examine the different situations that can arise when a circle and a line"
                },
                {
                    "type": "paragraph_text",
                    "content": "are given in a plane."
                },
                {
                    "type": "paragraph_text",
                    "content": "So, let us consider a circle and a line PQ. There can be three possibilities given"
                },
                {
                    "type": "paragraph_text",
                    "content": "in Fig. 10.1 below:"
                },
                {
                    "type": "paragraph_text",
                    "content": "Fig. 10.1"
                },
                {
                    "type": "paragraph_text",
                    "content": "In Fig. 10.1 (i), the line PQ and the circle have no common point. In this case,"
                },
                {
                    "type": "paragraph_text",
                    "content": "PQ is called a non-intersecting line with respect to the circle. In Fig. 10.1 (ii), there"
                },
                {
                    "type": "paragraph_text",
                    "content": "are two common points A and B that the line PQ and the circle have. In this case, we"
                },
                {
                    "type": "paragraph_text",
                    "content": "call the line PQ a secant of the circle. In Fig. 10.1 (iii), there is only one point A which"
                },
                {
                    "type": "paragraph_text",
                    "content": "is common to the line PQ and the circle. In this case, the line is called a tangent to the"
                },
                {
                    "type": "paragraph_text",
                    "content": "circle."
                },
                {
                    "type": "paragraph_text",
                    "content": "Reprint 2025-26"
                },
                {
                    "type": "paragraph_text",
                    "content": "CIRCLES 145"
                },
                {
                    "type": "paragraph_text",
                    "content": "You might have seen a pulley fitted over a well which is used"
                },
                {
                    "type": "paragraph_text",
                    "content": "in taking out water from the well. Look at Fig. 10.2. Here the rope"
                },
                {
                    "type": "paragraph_text",
                    "content": "on both sides of the pulley, if considered as a ray, is like a tangent"
                },
                {
                    "type": "paragraph_text",
                    "content": "to the circle representing the pulley."
                },
                {
                    "type": "paragraph_text",
                    "content": "Is there any position of the line with respect to the circle"
                },
                {
                    "type": "paragraph_text",
                    "content": "other than the types given above? You can see that there cannot"
                },
                {
                    "type": "paragraph_text",
                    "content": "be any other type of position of the line with respect to the circle."
                },
                {
                    "type": "paragraph_text",
                    "content": "Fig. 10.2"
                },
                {
                    "type": "paragraph_text",
                    "content": "In this chapter, we will study about the existence of the tangents"
                },
                {
                    "type": "paragraph_text",
                    "content": "to a circle and also study some of their properties."
                },
                {
                    "type": "paragraph_text",
                    "content": "10.2 Tangent to a Circle"
                },
                {
                    "type": "paragraph_text",
                    "content": "In the previous section, you have seen that a tangent* to a circle is a line that"
                },
                {
                    "type": "paragraph_text",
                    "content": "intersects the circle at only one point."
                },
                {
                    "type": "paragraph_text",
                    "content": "To understand the existence of the tangent to a circle at a point, let us perform"
                },
                {
                    "type": "paragraph_text",
                    "content": "the following activities:"
                },
                {
                    "type": "paragraph_text",
                    "content": "Activity 1 : Take a circular wire and attach a straight wire AB at a point P of the"
                },
                {
                    "type": "paragraph_text",
                    "content": "circular wire so that it can rotate about the point P in a plane. Put the system on a table"
                },
                {
                    "type": "paragraph_text",
                    "content": "and gently rotate the wire AB about the point P to get different positions of the straight"
                },
                {
                    "type": "paragraph_text",
                    "content": "wire [see Fig. 10.3(i)]."
                },
                {
                    "type": "paragraph_text",
                    "content": "In various positions, the wire intersects the"
                },
                {
                    "type": "paragraph_text",
                    "content": "circular wire at P and at another point Q or Q or"
                },
                {
                    "type": "paragraph_text",
                    "content": "1 2"
                },
                {
                    "type": "paragraph_text",
                    "content": "Q , etc. In one position, you will see that it will"
                },
                {
                    "type": "paragraph_text",
                    "content": "3"
                },
                {
                    "type": "paragraph_text",
                    "content": "intersect the circle at the point P only (see position"
                },
                {
                    "type": "paragraph_text",
                    "content": "A\uf0a2B\uf0a2 of AB). This shows that a tangent exists at"
                },
                {
                    "type": "paragraph_text",
                    "content": "the point P of the circle. On rotating further, you"
                },
                {
                    "type": "paragraph_text",
                    "content": "can observe that in all other positions of AB, it will"
                },
                {
                    "type": "paragraph_text",
                    "content": "intersect the circle at P and at another point, say R"
                },
                {
                    "type": "paragraph_text",
                    "content": "1"
                },
                {
                    "type": "paragraph_text",
                    "content": "or R or R ,etc. So, you can observe that there is"
                },
                {
                    "type": "paragraph_text",
                    "content": "2 3"
                },
                {
                    "type": "paragraph_text",
                    "content": "only one tangent at a point of the circle. Fig. 10.3 (i)"
                },
                {
                    "type": "paragraph_text",
                    "content": "While doing activity above, you must have observed that as the position AB"
                },
                {
                    "type": "paragraph_text",
                    "content": "moves towards the position A\uf0a2 B\uf0a2, the common point, say Q , of the line AB and the"
                },
                {
                    "type": "paragraph_text",
                    "content": "1"
                },
                {
                    "type": "paragraph_text",
                    "content": "circle gradually comes nearer and nearer to the common point P. Ultimately, it coincides"
                },
                {
                    "type": "paragraph_text",
                    "content": "with the point P in the position A\uf0a2B\uf0a2 of A\uf0a2\uf0a2B\uf0a2\uf0a2. Again note, what happens if \u2018AB\u2019 is"
                },
                {
                    "type": "paragraph_text",
                    "content": "rotated rightwards about P? The common point R gradually comes nearer and nearer"
                },
                {
                    "type": "paragraph_text",
                    "content": "3"
                },
                {
                    "type": "paragraph_text",
                    "content": "to P and ultimately coincides with P. So, what we see is:"
                },
                {
                    "type": "paragraph_text",
                    "content": "The tangent to a circle is a special case of the secant, when the two end"
                },
                {
                    "type": "paragraph_text",
                    "content": "points of its corresponding chord coincide."
                },
                {
                    "type": "paragraph_text",
                    "content": "*The word \u2018tangent\u2019 comes from the Latin word \u2018tangere\u2019, which means to touch and was"
                },
                {
                    "type": "paragraph_text",
                    "content": "introduced by the Danish mathematician Thomas Fineke in 1583."
                },
                {
                    "type": "paragraph_text",
                    "content": "Reprint 2025-26"
                },
                {
                    "type": "table",
                    "content": [
                        [
                            "",
                            null
                        ],
                        [
                            null,
                            ""
                        ]
                    ]
                },
                {
                    "type": "paragraph_text",
                    "content": "146 MATHEMATICS"
                },
                {
                    "type": "paragraph_text",
                    "content": "Activity 2 : On a paper, draw a circle and a"
                },
                {
                    "type": "paragraph_text",
                    "content": "secant PQ of the circle. Draw various lines"
                },
                {
                    "type": "paragraph_text",
                    "content": "parallel to the secant on both sides of it. You"
                },
                {
                    "type": "paragraph_text",
                    "content": "will find that after some steps, the length of"
                },
                {
                    "type": "paragraph_text",
                    "content": "the chord cut by the lines will gradually"
                },
                {
                    "type": "paragraph_text",
                    "content": "decrease, i.e., the two points of intersection of"
                },
                {
                    "type": "paragraph_text",
                    "content": "the line and the circle are coming closer and"
                },
                {
                    "type": "paragraph_text",
                    "content": "closer [see Fig. 10.3(ii)]. In one case, it"
                },
                {
                    "type": "paragraph_text",
                    "content": "becomes zero on one side of the secant and in"
                },
                {
                    "type": "paragraph_text",
                    "content": "another case, it becomes zero on the other side"
                },
                {
                    "type": "paragraph_text",
                    "content": "of the secant. See the positions P\uf0a2Q\uf0a2 and P\uf0a2\uf0a2Q\uf0a2\uf0a2"
                },
                {
                    "type": "paragraph_text",
                    "content": "of the secant in Fig. 10.3 (ii). These are the"
                },
                {
                    "type": "paragraph_text",
                    "content": "tangents to the circle parallel to the given secant"
                },
                {
                    "type": "paragraph_text",
                    "content": "PQ. This also helps you to see that there cannot Fig. 10.3 (ii)"
                },
                {
                    "type": "paragraph_text",
                    "content": "be more than two tangents parallel to a given"
                },
                {
                    "type": "paragraph_text",
                    "content": "secant."
                },
                {
                    "type": "paragraph_text",
                    "content": "This activity also establishes, what you must have observed, while doing"
                },
                {
                    "type": "paragraph_text",
                    "content": "Activity 1, namely, a tangent is the secant when both of the end points of the"
                },
                {
                    "type": "paragraph_text",
                    "content": "corresponding chord coincide."
                },
                {
                    "type": "paragraph_text",
                    "content": "The common point of the tangent and the circle is called the point of contact"
                },
                {
                    "type": "paragraph_text",
                    "content": "[the point A in Fig. 10.1 (iii)]and the tangent is said to touch the circle at the"
                },
                {
                    "type": "paragraph_text",
                    "content": "common point."
                },
                {
                    "type": "paragraph_text",
                    "content": "Now look around you. Have you seen a bicycle"
                },
                {
                    "type": "paragraph_text",
                    "content": "or a cart moving? Look at its wheels. All the spokes"
                },
                {
                    "type": "paragraph_text",
                    "content": "of a wheel are along its radii. Now note the position"
                },
                {
                    "type": "paragraph_text",
                    "content": "of the wheel with respect to its movement on the"
                },
                {
                    "type": "paragraph_text",
                    "content": "ground. Do you see any tangent anywhere?"
                },
                {
                    "type": "paragraph_text",
                    "content": "(See Fig. 10.4). In fact, the wheel moves along a line"
                },
                {
                    "type": "paragraph_text",
                    "content": "which is a tangent to the circle representing the wheel."
                },
                {
                    "type": "paragraph_text",
                    "content": "Also, notice that in all positions, the radius through"
                },
                {
                    "type": "paragraph_text",
                    "content": "the point of contact with the ground appears to be at"
                },
                {
                    "type": "paragraph_text",
                    "content": "right angles to the tangent (see Fig. 10.4). We shall Fig. 10.4"
                },
                {
                    "type": "paragraph_text",
                    "content": "now prove this property of the tangent."
                },
                {
                    "type": "paragraph_text",
                    "content": "Theorem 10.1 : The tangent at any point of a circle is perpendicular to the"
                },
                {
                    "type": "paragraph_text",
                    "content": "radius through the point of contact."
                },
                {
                    "type": "paragraph_text",
                    "content": "Proof : We are given a circle with centre O and a tangent XY to the circle at a"
                },
                {
                    "type": "paragraph_text",
                    "content": "point P. We need to prove that OP is perpendicular to XY."
                },
                {
                    "type": "paragraph_text",
                    "content": "Reprint 2025-26"
                },
                {
                    "type": "paragraph_text",
                    "content": "CIRCLES 147"
                },
                {
                    "type": "paragraph_text",
                    "content": "Take a point Q on XY other than P and join OQ (see Fig. 10.5)."
                },
                {
                    "type": "paragraph_text",
                    "content": "The point Q must lie outside the circle."
                },
                {
                    "type": "paragraph_text",
                    "content": "(Why? Note that if Q lies inside the circle, XY"
                },
                {
                    "type": "paragraph_text",
                    "content": "will become a secant and not a tangent to the"
                },
                {
                    "type": "paragraph_text",
                    "content": "circle). Therefore, OQ is longer than the radius"
                },
                {
                    "type": "paragraph_text",
                    "content": "OP of the circle. That is,"
                },
                {
                    "type": "paragraph_text",
                    "content": "OQ > OP."
                },
                {
                    "type": "paragraph_text",
                    "content": "Since this happens for every point on the"
                },
                {
                    "type": "paragraph_text",
                    "content": "line XY except the point P, OP is the"
                },
                {
                    "type": "paragraph_text",
                    "content": "shortest of all the distances of the point O to the"
                },
                {
                    "type": "paragraph_text",
                    "content": "points of XY. So OP is perpendicular to XY."
                },
                {
                    "type": "paragraph_text",
                    "content": "(as shown in Theorem A1.7.) Fig. 10.5"
                },
                {
                    "type": "paragraph_text",
                    "content": "Remarks"
                },
                {
                    "type": "paragraph_text",
                    "content": "1. By theorem above, we can also conclude that at any point on a circle there can be"
                },
                {
                    "type": "paragraph_text",
                    "content": "one and only one tangent."
                },
                {
                    "type": "paragraph_text",
                    "content": "2. The line containing the radius through the point of contact is also sometimes called"
                },
                {
                    "type": "paragraph_text",
                    "content": "the \u2018normal\u2019 to the circle at the point."
                },
                {
                    "type": "paragraph_text",
                    "content": "EXERCISE 10.1"
                },
                {
                    "type": "paragraph_text",
                    "content": "1. How many tangents can a circle have?"
                },
                {
                    "type": "paragraph_text",
                    "content": "2. Fill in the blanks :"
                },
                {
                    "type": "paragraph_text",
                    "content": "(i) A tangent to a circle intersects it in point (s)."
                },
                {
                    "type": "paragraph_text",
                    "content": "(ii) A line intersecting a circle in two points is called a ."
                },
                {
                    "type": "paragraph_text",
                    "content": "(iii) A circle can have parallel tangents at the most."
                },
                {
                    "type": "paragraph_text",
                    "content": "(iv) The common point of a tangent to a circle and the circle is called ."
                },
                {
                    "type": "paragraph_text",
                    "content": "3. A tangent PQ at a point P of a circle of radius 5 cm meets a line through the centre O at"
                },
                {
                    "type": "paragraph_text",
                    "content": "a point Q so that OQ = 12 cm. Length PQ is :"
                },
                {
                    "type": "paragraph_text",
                    "content": "(A) 12 cm (B) 13 cm (C) 8.5 cm (D) 119 cm."
                },
                {
                    "type": "paragraph_text",
                    "content": "4. Draw a circle and two lines parallel to a given line such that one is a tangent and the"
                },
                {
                    "type": "paragraph_text",
                    "content": "other, a secant to the circle."
                },
                {
                    "type": "paragraph_text",
                    "content": "10.3 Number of Tangents from a Point on a Circle"
                },
                {
                    "type": "paragraph_text",
                    "content": "To get an idea of the number of tangents from a point on a circle, let us perform the"
                },
                {
                    "type": "paragraph_text",
                    "content": "following activity:"
                },
                {
                    "type": "paragraph_text",
                    "content": "Reprint 2025-26"
                },
                {
                    "type": "paragraph_text",
                    "content": "148 MATHEMATICS"
                },
                {
                    "type": "paragraph_text",
                    "content": "Activity 3 : Draw a circle on a paper. Take a"
                },
                {
                    "type": "paragraph_text",
                    "content": "point P inside it. Can you draw a tangent to the"
                },
                {
                    "type": "paragraph_text",
                    "content": "circle through this point? You will find that all"
                },
                {
                    "type": "paragraph_text",
                    "content": "the lines through this point intersect the circle in"
                },
                {
                    "type": "paragraph_text",
                    "content": "two points. So, it is not possible to draw any"
                },
                {
                    "type": "paragraph_text",
                    "content": "tangent to a circle through a point inside it"
                },
                {
                    "type": "paragraph_text",
                    "content": "[see Fig. 10.6 (i)]."
                },
                {
                    "type": "paragraph_text",
                    "content": "Next take a point P on the circle and draw"
                },
                {
                    "type": "paragraph_text",
                    "content": "(i)"
                },
                {
                    "type": "paragraph_text",
                    "content": "tangents through this point. You have already"
                },
                {
                    "type": "paragraph_text",
                    "content": "observed that there is only one tangent to the"
                },
                {
                    "type": "paragraph_text",
                    "content": "circle at such a point [see Fig. 10.6 (ii)]."
                },
                {
                    "type": "paragraph_text",
                    "content": "Finally, take a point P outside the circle and"
                },
                {
                    "type": "paragraph_text",
                    "content": "try to draw tangents to the circle from this point."
                },
                {
                    "type": "paragraph_text",
                    "content": "What do you observe? You will find that you"
                },
                {
                    "type": "paragraph_text",
                    "content": "can draw exactly two tangents to the circle"
                },
                {
                    "type": "paragraph_text",
                    "content": "through this point [see Fig. 10.6 (iii)]."
                },
                {
                    "type": "paragraph_text",
                    "content": "We can summarise these facts as follows:"
                },
                {
                    "type": "paragraph_text",
                    "content": "Case 1 : There is no tangent to a circle passing"
                },
                {
                    "type": "paragraph_text",
                    "content": "through a point lying inside the circle. (ii)"
                },
                {
                    "type": "paragraph_text",
                    "content": "Case 2 : There is one and only one tangent to a"
                },
                {
                    "type": "paragraph_text",
                    "content": "circle passing through a point lying on the circle."
                },
                {
                    "type": "paragraph_text",
                    "content": "Case 3 : There are exactly two tangents to a"
                },
                {
                    "type": "paragraph_text",
                    "content": "circle through a point lying outside the circle."
                },
                {
                    "type": "paragraph_text",
                    "content": "In Fig. 10.6 (iii), T and T are the points of"
                },
                {
                    "type": "paragraph_text",
                    "content": "1 2"
                },
                {
                    "type": "paragraph_text",
                    "content": "contact of the tangents PT and PT"
                },
                {
                    "type": "paragraph_text",
                    "content": "1 2"
                },
                {
                    "type": "paragraph_text",
                    "content": "respectively."
                },
                {
                    "type": "paragraph_text",
                    "content": "The length of the segment of the tangent"
                },
                {
                    "type": "paragraph_text",
                    "content": "from the external point P and the point of contact (iii)"
                },
                {
                    "type": "paragraph_text",
                    "content": "with the circle is called the length of the tangent"
                },
                {
                    "type": "paragraph_text",
                    "content": "Fig. 10.6"
                },
                {
                    "type": "paragraph_text",
                    "content": "from the point P to the circle."
                },
                {
                    "type": "paragraph_text",
                    "content": "Note that in Fig. 10.6 (iii), PT and PT are the lengths of the tangents from P to"
                },
                {
                    "type": "paragraph_text",
                    "content": "1 2"
                },
                {
                    "type": "paragraph_text",
                    "content": "the circle. The lengths PT and PT have a common property. Can you find this?"
                },
                {
                    "type": "paragraph_text",
                    "content": "1 2"
                },
                {
                    "type": "paragraph_text",
                    "content": "Measure PT and PT . Are these equal? In fact, this is always so. Let us give a proof"
                },
                {
                    "type": "paragraph_text",
                    "content": "1 2"
                },
                {
                    "type": "paragraph_text",
                    "content": "of this fact in the following theorem."
                },
                {
                    "type": "paragraph_text",
                    "content": "Reprint 2025-26"
                },
                {
                    "type": "paragraph_text",
                    "content": "CIRCLES 149"
                },
                {
                    "type": "paragraph_text",
                    "content": "Theorem 10.2 : The lengths of tangents drawn"
                },
                {
                    "type": "paragraph_text",
                    "content": "from an external point to a circle are equal."
                },
                {
                    "type": "paragraph_text",
                    "content": "Proof : We are given a circle with centre O, a"
                },
                {
                    "type": "paragraph_text",
                    "content": "point P lying outside the circle and two tangents"
                },
                {
                    "type": "paragraph_text",
                    "content": "PQ, PR on the circle from P (see Fig. 10.7). We"
                },
                {
                    "type": "paragraph_text",
                    "content": "are required to prove that PQ = PR."
                },
                {
                    "type": "paragraph_text",
                    "content": "For this, we join OP, OQ and OR. Then"
                },
                {
                    "type": "paragraph_text",
                    "content": "\u2220 OQP and \u2220 ORP are right angles, because"
                },
                {
                    "type": "paragraph_text",
                    "content": "these are angles between the radii and tangents,"
                },
                {
                    "type": "paragraph_text",
                    "content": "and according to Theorem 10.1 they are right Fig. 10.7"
                },
                {
                    "type": "paragraph_text",
                    "content": "angles. Now in right triangles OQP and ORP,"
                },
                {
                    "type": "paragraph_text",
                    "content": "OQ = OR (Radii of the same circle)"
                },
                {
                    "type": "paragraph_text",
                    "content": "OP = OP (Common)"
                },
                {
                    "type": "paragraph_text",
                    "content": "Therefore, \u2206 OQP \u2245 \u2206 ORP (RHS)"
                },
                {
                    "type": "paragraph_text",
                    "content": "This gives PQ = PR (CPCT)"
                },
                {
                    "type": "paragraph_text",
                    "content": "Remarks"
                },
                {
                    "type": "paragraph_text",
                    "content": "1. The theorem can also be proved by using the Pythagoras Theorem as follows:"
                },
                {
                    "type": "paragraph_text",
                    "content": "PQ2 = OP2 \u2013 OQ2 = OP2 \u2013 OR2 = PR2 (As OQ = OR)"
                },
                {
                    "type": "paragraph_text",
                    "content": "which gives PQ = PR."
                },
                {
                    "type": "paragraph_text",
                    "content": "2. Note also that \u2220 OPQ = \u2220 OPR. Therefore, OP is the angle bisector of \u2220 QPR,"
                },
                {
                    "type": "paragraph_text",
                    "content": "i.e., the centre lies on the bisector of the angle between the two tangents."
                },
                {
                    "type": "paragraph_text",
                    "content": "Let us take some examples."
                },
                {
                    "type": "paragraph_text",
                    "content": "Example 1 : Prove that in two concentric circles,"
                },
                {
                    "type": "paragraph_text",
                    "content": "the chord of the larger circle, which touches the"
                },
                {
                    "type": "paragraph_text",
                    "content": "smaller circle, is bisected at the point of contact."
                },
                {
                    "type": "paragraph_text",
                    "content": "Solution : We are given two concentric circles"
                },
                {
                    "type": "paragraph_text",
                    "content": "C and C with centre O and a chord AB of the"
                },
                {
                    "type": "paragraph_text",
                    "content": "1 2"
                },
                {
                    "type": "paragraph_text",
                    "content": "larger circle C which touches the smaller circle"
                },
                {
                    "type": "paragraph_text",
                    "content": "1"
                },
                {
                    "type": "paragraph_text",
                    "content": "C at the point P (see Fig. 10.8). We need to prove"
                },
                {
                    "type": "paragraph_text",
                    "content": "2"
                },
                {
                    "type": "paragraph_text",
                    "content": "that AP = BP."
                },
                {
                    "type": "paragraph_text",
                    "content": "Let us join OP. Then, AB is a tangent to C at P Fig. 10.8"
                },
                {
                    "type": "paragraph_text",
                    "content": "2"
                },
                {
                    "type": "paragraph_text",
                    "content": "and OP is its radius. Therefore, by Theorem 10.1,"
                },
                {
                    "type": "paragraph_text",
                    "content": "OP \u22a5 AB"
                },
                {
                    "type": "paragraph_text",
                    "content": "Reprint 2025-26"
                },
                {
                    "type": "paragraph_text",
                    "content": "150 MATHEMATICS"
                },
                {
                    "type": "paragraph_text",
                    "content": "Now AB is a chord of the circle C and OP \uf05e AB. Therefore, OP is the bisector of the"
                },
                {
                    "type": "paragraph_text",
                    "content": "1"
                },
                {
                    "type": "paragraph_text",
                    "content": "chord AB, as the perpendicular from the centre bisects the chord,"
                },
                {
                    "type": "paragraph_text",
                    "content": "i.e., AP = BP"
                },
                {
                    "type": "paragraph_text",
                    "content": "Example 2 : Two tangents TP and TQ are drawn"
                },
                {
                    "type": "paragraph_text",
                    "content": "to a circle with centre O from an external point T."
                },
                {
                    "type": "paragraph_text",
                    "content": "Prove that \uf0d0 PTQ = 2 \uf0d0 OPQ."
                },
                {
                    "type": "paragraph_text",
                    "content": "Solution : We are given a circle with centre O,"
                },
                {
                    "type": "paragraph_text",
                    "content": "an external point T and two tangents TP and TQ"
                },
                {
                    "type": "paragraph_text",
                    "content": "to the circle, where P, Q are the points of contact"
                },
                {
                    "type": "paragraph_text",
                    "content": "(see Fig. 10.9). We need to prove that"
                },
                {
                    "type": "paragraph_text",
                    "content": "\uf0d0 PTQ = 2 \uf0d0 OPQ Fig. 10.9"
                },
                {
                    "type": "paragraph_text",
                    "content": "Let \uf0d0 PTQ = \uf071"
                },
                {
                    "type": "paragraph_text",
                    "content": "Now, by Theorem 10.2, TP = TQ. So, TPQ is an isosceles triangle."
                },
                {
                    "type": "paragraph_text",
                    "content": "1 1"
                },
                {
                    "type": "paragraph_text",
                    "content": "Therefore, \uf0d0 TPQ = \uf0d0 TQP = (180\u00b0\uf02d\uf071) \uf03d90\u00b0\uf02d \uf071"
                },
                {
                    "type": "paragraph_text",
                    "content": "2 2"
                },
                {
                    "type": "paragraph_text",
                    "content": "Also, by Theorem 10.1, \uf0d0 OPT = 90\u00b0"
                },
                {
                    "type": "paragraph_text",
                    "content": "\uf0e6 1 \uf0f6"
                },
                {
                    "type": "paragraph_text",
                    "content": "So, \uf0d0 OPQ = \uf0d0 OPT \u2013 \uf0d0 TPQ = 90\u00b0\uf02d\uf0e790\u00b0 \u2013 \uf071\uf0f7"
                },
                {
                    "type": "paragraph_text",
                    "content": "\uf0e8 2 \uf0f8"
                },
                {
                    "type": "paragraph_text",
                    "content": "1 1"
                },
                {
                    "type": "paragraph_text",
                    "content": "= \uf071\uf03d \uf0d0PTQ"
                },
                {
                    "type": "paragraph_text",
                    "content": "2 2"
                },
                {
                    "type": "paragraph_text",
                    "content": "This gives \uf0d0 PTQ = 2 \uf0d0 OPQ"
                },
                {
                    "type": "paragraph_text",
                    "content": "Example 3 : PQ is a chord of length 8 cm of a"
                },
                {
                    "type": "paragraph_text",
                    "content": "circle of radius 5 cm. The tangents at P and Q"
                },
                {
                    "type": "paragraph_text",
                    "content": "intersect at a point T (see Fig. 10.10). Find the"
                },
                {
                    "type": "paragraph_text",
                    "content": "length TP."
                },
                {
                    "type": "paragraph_text",
                    "content": "Solution : Join OT. Let it intersect PQ at the"
                },
                {
                    "type": "paragraph_text",
                    "content": "point R. Then \uf044 TPQ is isosceles and TO is the"
                },
                {
                    "type": "paragraph_text",
                    "content": "angle bisector of \uf0d0 PTQ. So, OT \uf05e PQ"
                },
                {
                    "type": "paragraph_text",
                    "content": "and therefore, OT bisects PQ which gives"
                },
                {
                    "type": "paragraph_text",
                    "content": "PR = RQ = 4 cm."
                },
                {
                    "type": "paragraph_text",
                    "content": "Fig. 10.10"
                },
                {
                    "type": "paragraph_text",
                    "content": "Also, OR = OP2 \uf02d PR2 \uf03d 52\uf02d 42 cm \uf03d3cm."
                },
                {
                    "type": "paragraph_text",
                    "content": "Reprint 2025-26"
                },
                {
                    "type": "paragraph_text",
                    "content": "CIRCLES 151"
                },
                {
                    "type": "paragraph_text",
                    "content": "Now, \uf0d0 TPR + \uf0d0 RPO = 90\u00b0 = \uf0d0 TPR + \uf0d0 PTR (Why?)"
                },
                {
                    "type": "paragraph_text",
                    "content": "So, \uf0d0 RPO = \uf0d0 PTR"
                },
                {
                    "type": "paragraph_text",
                    "content": "Therefore, right triangle TRP is similar to the right triangle PRO by AA similarity."
                },
                {
                    "type": "paragraph_text",
                    "content": "TP RP TP 4 20"
                },
                {
                    "type": "paragraph_text",
                    "content": "This gives = , i.e., = or TP = cm."
                },
                {
                    "type": "paragraph_text",
                    "content": "PO RO 5 3 3"
                },
                {
                    "type": "paragraph_text",
                    "content": "Note : TP can also be found by using the Pythagoras Theorem, as follows:"
                },
                {
                    "type": "paragraph_text",
                    "content": "Let TP = x and TR = y. Then"
                },
                {
                    "type": "paragraph_text",
                    "content": "x2 = y2 + 16 (Taking right \uf044 PRT) (1)"
                },
                {
                    "type": "paragraph_text",
                    "content": "x2 + 52 = (y + 3)2 (Taking right \uf044 OPT) (2)"
                },
                {
                    "type": "paragraph_text",
                    "content": "Subtracting (1) from (2), we get"
                },
                {
                    "type": "paragraph_text",
                    "content": "32 16"
                },
                {
                    "type": "paragraph_text",
                    "content": "25 = 6y \u2013 7 or y = \uf03d"
                },
                {
                    "type": "paragraph_text",
                    "content": "6 3"
                },
                {
                    "type": "paragraph_text",
                    "content": "\uf0e616\uf0f6 2 16 16\uf0b425"
                },
                {
                    "type": "paragraph_text",
                    "content": "Therefore, x2 = \uf0e7 \uf0f7 \uf02b16 \uf03d (16 \uf02b 9) \uf03d [From (1)]"
                },
                {
                    "type": "paragraph_text",
                    "content": "\uf0e8 3 \uf0f8 9 9"
                },
                {
                    "type": "paragraph_text",
                    "content": "20"
                },
                {
                    "type": "paragraph_text",
                    "content": "or x ="
                },
                {
                    "type": "paragraph_text",
                    "content": "3"
                },
                {
                    "type": "paragraph_text",
                    "content": "EXERCISE 10.2"
                },
                {
                    "type": "paragraph_text",
                    "content": "In Q.1 to 3, choose the correct option and give justification."
                },
                {
                    "type": "paragraph_text",
                    "content": "1. From a point Q, the length of the tangent to a circle is 24 cm and the distance of Q from"
                },
                {
                    "type": "paragraph_text",
                    "content": "the centre is 25 cm. The radius of the circle is"
                },
                {
                    "type": "paragraph_text",
                    "content": "(A) 7 cm (B) 12 cm"
                },
                {
                    "type": "paragraph_text",
                    "content": "(C) 15 cm (D) 24.5 cm"
                },
                {
                    "type": "paragraph_text",
                    "content": "2. In Fig. 10.11, if TP and TQ are the two tangents"
                },
                {
                    "type": "paragraph_text",
                    "content": "to a circle with centre O so that \uf0d0 POQ = 110\u00b0,"
                },
                {
                    "type": "paragraph_text",
                    "content": "then \uf0d0\uf020PTQ is equal to"
                },
                {
                    "type": "paragraph_text",
                    "content": "(A) 60\u00b0 (B) 70\u00b0"
                },
                {
                    "type": "paragraph_text",
                    "content": "(C) 80\u00b0 (D) 90\u00b0 Fig. 10.11"
                },
                {
                    "type": "paragraph_text",
                    "content": "3. If tangents PA and PB from a point P to a circle with centre O are inclined to each other"
                },
                {
                    "type": "paragraph_text",
                    "content": "at angle of 80\u00b0, then \uf0d0 POA is equal to"
                },
                {
                    "type": "paragraph_text",
                    "content": "(A) 50\u00b0 (B) 60\u00b0"
                },
                {
                    "type": "paragraph_text",
                    "content": "(C) 70\u00b0 (D) 80\u00b0"
                },
                {
                    "type": "paragraph_text",
                    "content": "Reprint 2025-26"
                },
                {
                    "type": "paragraph_text",
                    "content": "152 MATHEMATICS"
                },
                {
                    "type": "paragraph_text",
                    "content": "4. Prove that the tangents drawn at the ends of a diameter of a circle are parallel."
                },
                {
                    "type": "paragraph_text",
                    "content": "5. Prove that the perpendicular at the point of contact to the tangent to a circle passes"
                },
                {
                    "type": "paragraph_text",
                    "content": "through the centre."
                },
                {
                    "type": "paragraph_text",
                    "content": "6. The length of a tangent from a point A at distance 5 cm from the centre of the circle is 4"
                },
                {
                    "type": "paragraph_text",
                    "content": "cm. Find the radius of the circle."
                },
                {
                    "type": "paragraph_text",
                    "content": "7. Two concentric circles are of radii 5 cm and 3 cm. Find the length of the chord of the"
                },
                {
                    "type": "paragraph_text",
                    "content": "larger circle which touches the smaller circle."
                },
                {
                    "type": "paragraph_text",
                    "content": "8. A quadrilateral ABCD is drawn to circumscribe a circle (see Fig. 10.12). Prove that"
                },
                {
                    "type": "paragraph_text",
                    "content": "AB + CD = AD + BC"
                },
                {
                    "type": "paragraph_text",
                    "content": "Fig. 10.12 Fig. 10.13"
                },
                {
                    "type": "paragraph_text",
                    "content": "9. In Fig. 10.13, XY and X\uf0a2Y\uf0a2 are two parallel tangents to a circle with centre O and"
                },
                {
                    "type": "paragraph_text",
                    "content": "another tangent AB with point of contact C intersecting XY at A and X\uf0a2Y\uf0a2 at B. Prove"
                },
                {
                    "type": "paragraph_text",
                    "content": "that \uf0d0 AOB = 90\u00b0."
                },
                {
                    "type": "paragraph_text",
                    "content": "10. Prove that the angle between the two tangents drawn from an external point to a circle"
                },
                {
                    "type": "paragraph_text",
                    "content": "is supplementary to the angle subtended by the line-segment joining the points of"
                },
                {
                    "type": "paragraph_text",
                    "content": "contact at the centre."
                },
                {
                    "type": "paragraph_text",
                    "content": "11. Prove that the parallelogram circumscribing a"
                },
                {
                    "type": "paragraph_text",
                    "content": "circle is a rhombus."
                },
                {
                    "type": "paragraph_text",
                    "content": "12. A triangle ABC is drawn to circumscribe a circle"
                },
                {
                    "type": "paragraph_text",
                    "content": "of radius 4 cm such that the segments BD and"
                },
                {
                    "type": "paragraph_text",
                    "content": "DC into which BC is divided by the point of"
                },
                {
                    "type": "paragraph_text",
                    "content": "contact D are of lengths 8 cm and 6 cm"
                },
                {
                    "type": "paragraph_text",
                    "content": "respectively (see Fig. 10.14). Find the sides AB"
                },
                {
                    "type": "paragraph_text",
                    "content": "and AC."
                },
                {
                    "type": "paragraph_text",
                    "content": "13. Prove that opposite sides of a quadrilateral"
                },
                {
                    "type": "paragraph_text",
                    "content": "circumscribing a circle subtend supplementary"
                },
                {
                    "type": "paragraph_text",
                    "content": "angles at the centre of the circle. Fig. 10.14"
                },
                {
                    "type": "paragraph_text",
                    "content": "Reprint 2025-26"
                },
                {
                    "type": "paragraph_text",
                    "content": "CIRCLES 153"
                },
                {
                    "type": "paragraph_text",
                    "content": "10.4 Summary"
                },
                {
                    "type": "paragraph_text",
                    "content": "In this chapter, you have studied the following points :"
                },
                {
                    "type": "paragraph_text",
                    "content": "1. The meaning of a tangent to a circle."
                },
                {
                    "type": "paragraph_text",
                    "content": "2. The tangent to a circle is perpendicular to the radius through the point of contact."
                },
                {
                    "type": "paragraph_text",
                    "content": "3. The lengths of the two tangents from an external point to a circle are equal."
                },
                {
                    "type": "paragraph_text",
                    "content": "Reprint 2025-26"
                }
            ]
        }
    ]
}