{
    "book": "Mathematics",
    "chapter": "ch11",
    "sections": [
        {
            "section_title": "Introduction",
            "content_blocks": [
                {
                    "type": "paragraph_text",
                    "content": "154 MATHEMATICS"
                }
            ]
        },
        {
            "section_title": "REAS ELATED TO IRCLES",
            "content_blocks": [
                {
                    "type": "paragraph_text",
                    "content": "11.1 Areas of Sector and Segment of a Circle"
                },
                {
                    "type": "paragraph_text",
                    "content": "You have already come across the terms sector and"
                },
                {
                    "type": "paragraph_text",
                    "content": "segment of a circle in your earlier classes. Recall"
                },
                {
                    "type": "paragraph_text",
                    "content": "that the portion (or part) of the circular region enclosed"
                },
                {
                    "type": "paragraph_text",
                    "content": "by two radii and the corresponding arc is called a"
                },
                {
                    "type": "paragraph_text",
                    "content": "sector of the circle and the portion (or part) of the"
                },
                {
                    "type": "paragraph_text",
                    "content": "circular region enclosed between a chord and the"
                },
                {
                    "type": "paragraph_text",
                    "content": "corresponding arc is called a segment of the circle."
                },
                {
                    "type": "paragraph_text",
                    "content": "Thus, in Fig. 11.1, shaded region OAPB is a sector"
                },
                {
                    "type": "paragraph_text",
                    "content": "Fig. 11.1"
                },
                {
                    "type": "paragraph_text",
                    "content": "of the circle with centre O. \u2220 AOB is called the"
                },
                {
                    "type": "paragraph_text",
                    "content": "angle of the sector. Note that in this figure, unshaded region OAQB is also a sector of"
                },
                {
                    "type": "paragraph_text",
                    "content": "the circle. For obvious reasons, OAPB is called the minor sector and"
                },
                {
                    "type": "paragraph_text",
                    "content": "OAQB is called the major sector. You can also see that angle of the major sector is"
                },
                {
                    "type": "paragraph_text",
                    "content": "360\u00b0 \u2013 \u2220 AOB."
                },
                {
                    "type": "paragraph_text",
                    "content": "Now, look at Fig. 11.2 in which AB is a chord"
                },
                {
                    "type": "paragraph_text",
                    "content": "of the circle with centre O. So, shaded region APB is"
                },
                {
                    "type": "paragraph_text",
                    "content": "a segment of the circle. You can also note that"
                },
                {
                    "type": "paragraph_text",
                    "content": "unshaded region AQB is another segment of the circle"
                },
                {
                    "type": "paragraph_text",
                    "content": "formed by the chord AB. For obvious reasons, APB"
                },
                {
                    "type": "paragraph_text",
                    "content": "is called the minor segment and AQB is called the"
                },
                {
                    "type": "paragraph_text",
                    "content": "major segment."
                },
                {
                    "type": "paragraph_text",
                    "content": "Remark : When we write \u2018segment\u2019 and \u2018sector\u2019"
                },
                {
                    "type": "paragraph_text",
                    "content": "we will mean the \u2018minor segment\u2019 and the \u2018minor"
                },
                {
                    "type": "paragraph_text",
                    "content": "sector\u2019 respectively, unless stated otherwise. Fig. 11.2"
                },
                {
                    "type": "paragraph_text",
                    "content": "Reprint 2025-26"
                },
                {
                    "type": "paragraph_text",
                    "content": "AREAS RELATED TO CIRCLES 155"
                },
                {
                    "type": "paragraph_text",
                    "content": "Now with this knowledge, let us try to find some"
                },
                {
                    "type": "paragraph_text",
                    "content": "relations (or formulae) to calculate their areas."
                },
                {
                    "type": "paragraph_text",
                    "content": "Let OAPB be a sector of a circle with centre"
                },
                {
                    "type": "paragraph_text",
                    "content": "O and radius r (see Fig. 11.3). Let the degree"
                },
                {
                    "type": "paragraph_text",
                    "content": "measure of \u2014 AOB be q."
                },
                {
                    "type": "paragraph_text",
                    "content": "You know that area of a circle (in fact of a"
                },
                {
                    "type": "paragraph_text",
                    "content": "circular region or disc) is pr2."
                },
                {
                    "type": "paragraph_text",
                    "content": "In a way, we can consider this circular region to"
                },
                {
                    "type": "paragraph_text",
                    "content": "be a sector forming an angle of 360\u00b0 (i.e., of degree"
                },
                {
                    "type": "paragraph_text",
                    "content": "measure 360) at the centre O. Now by applying the Fig. 11.3"
                },
                {
                    "type": "paragraph_text",
                    "content": "Unitary Method, we can arrive at the area of the"
                },
                {
                    "type": "paragraph_text",
                    "content": "sector OAPB as follows:"
                },
                {
                    "type": "paragraph_text",
                    "content": "When degree measure of the angle at the centre is 360, area of the"
                },
                {
                    "type": "paragraph_text",
                    "content": "sector = pr2"
                },
                {
                    "type": "paragraph_text",
                    "content": "So, when the degree measure of the angle at the centre is 1, area of the"
                },
                {
                    "type": "paragraph_text",
                    "content": "\uf070r2"
                },
                {
                    "type": "paragraph_text",
                    "content": "sector = \uf0d7"
                },
                {
                    "type": "paragraph_text",
                    "content": "360"
                },
                {
                    "type": "paragraph_text",
                    "content": "Therefore, when the degree measure of the angle at the centre is q, area of the"
                },
                {
                    "type": "paragraph_text",
                    "content": "\uf070r2 \uf071"
                },
                {
                    "type": "paragraph_text",
                    "content": "sector = \uf0b4 \uf071 = \uf0b4\uf070r2 ."
                },
                {
                    "type": "paragraph_text",
                    "content": "360 360"
                },
                {
                    "type": "paragraph_text",
                    "content": "Thus, we obtain the following relation (or formula) for area of a sector of a"
                },
                {
                    "type": "paragraph_text",
                    "content": "circle:"
                },
                {
                    "type": "paragraph_text",
                    "content": "\uf071"
                },
                {
                    "type": "paragraph_text",
                    "content": "Area of the sector of angle qqqqq = \uf0b4\uf070r2 ,"
                },
                {
                    "type": "paragraph_text",
                    "content": "360"
                },
                {
                    "type": "paragraph_text",
                    "content": "where r is the radius of the circle and q the angle of the sector in degrees."
                },
                {
                    "type": "paragraph_text",
                    "content": "Now, a natural question arises : Can we find"
                },
                {
                    "type": "paragraph_text",
                    "content": "the length of the arc APB corresponding to this"
                },
                {
                    "type": "paragraph_text",
                    "content": "sector? Yes. Again, by applying the Unitary"
                },
                {
                    "type": "paragraph_text",
                    "content": "Method and taking the whole length of the circle"
                },
                {
                    "type": "paragraph_text",
                    "content": "(of angle 360\u00b0) as 2pr, we can obtain the required"
                },
                {
                    "type": "paragraph_text",
                    "content": "\uf071"
                },
                {
                    "type": "paragraph_text",
                    "content": "length of the arc APB as"
                },
                {
                    "type": "paragraph_text",
                    "content": "\uf0b42\uf070r"
                },
                {
                    "type": "paragraph_text",
                    "content": "."
                },
                {
                    "type": "paragraph_text",
                    "content": "360"
                },
                {
                    "type": "paragraph_text",
                    "content": "\uf071"
                },
                {
                    "type": "paragraph_text",
                    "content": "So, length of an arc of a sector of angle qqqqq = \uf0b4 2\uf070r ."
                },
                {
                    "type": "paragraph_text",
                    "content": "360 Fig. 11.4"
                },
                {
                    "type": "paragraph_text",
                    "content": "Reprint 2025-26"
                },
                {
                    "type": "paragraph_text",
                    "content": "156 MATHEMATICS"
                },
                {
                    "type": "paragraph_text",
                    "content": "Now let us take the case of the area of the"
                },
                {
                    "type": "paragraph_text",
                    "content": "segment APB of a circle with centre O and radius r"
                },
                {
                    "type": "paragraph_text",
                    "content": "(see Fig. 11.4). You can see that :"
                },
                {
                    "type": "paragraph_text",
                    "content": "Area of the segment APB = Area of the sector OAPB \u2013 Area of \uf044 OAB"
                },
                {
                    "type": "paragraph_text",
                    "content": "\uf071"
                },
                {
                    "type": "paragraph_text",
                    "content": "= \uf0b4\uf070r2 \u2013 area of \uf044OAB"
                },
                {
                    "type": "paragraph_text",
                    "content": "360"
                },
                {
                    "type": "paragraph_text",
                    "content": "Note : From Fig. 11.3 and Fig. 11.4 respectively, you can observe that:"
                },
                {
                    "type": "paragraph_text",
                    "content": "Area of the major sector OAQB = \uf070r2 \u2013 Area of the minor sector OAPB"
                },
                {
                    "type": "paragraph_text",
                    "content": "and Area of major segment AQB =\uf070r2 \u2013 Area of the minor segment APB"
                },
                {
                    "type": "paragraph_text",
                    "content": "Let us now take some examples to understand these concepts (or results)."
                },
                {
                    "type": "paragraph_text",
                    "content": "Example 1 : Find the area of the sector of a circle"
                },
                {
                    "type": "paragraph_text",
                    "content": "with radius 4 cm and of angle 30\u00b0. Also, find the area"
                },
                {
                    "type": "paragraph_text",
                    "content": "of the corresponding major sector (Use \uf070 = 3.14)."
                },
                {
                    "type": "paragraph_text",
                    "content": "Solution : Given sector is OAPB (see Fig. 11.5)."
                },
                {
                    "type": "paragraph_text",
                    "content": "\uf071"
                },
                {
                    "type": "paragraph_text",
                    "content": "Area of the sector ="
                },
                {
                    "type": "paragraph_text",
                    "content": "\uf0b4\uf070r2"
                },
                {
                    "type": "paragraph_text",
                    "content": "360"
                },
                {
                    "type": "paragraph_text",
                    "content": "30"
                },
                {
                    "type": "paragraph_text",
                    "content": "="
                },
                {
                    "type": "paragraph_text",
                    "content": "\uf0b43.14\uf0b44\uf0b44cm2"
                },
                {
                    "type": "paragraph_text",
                    "content": "360 Fig. 11.5"
                },
                {
                    "type": "paragraph_text",
                    "content": "12.56"
                },
                {
                    "type": "paragraph_text",
                    "content": "= cm2 \uf03d 4.19cm2 (approx.)"
                },
                {
                    "type": "paragraph_text",
                    "content": "3"
                },
                {
                    "type": "paragraph_text",
                    "content": "Area of the corresponding major sector"
                },
                {
                    "type": "paragraph_text",
                    "content": "= \uf070r2 \u2013 area of sector OAPB"
                },
                {
                    "type": "paragraph_text",
                    "content": "= (3.14 \u00d7 16 \u2013 4.19) cm2"
                },
                {
                    "type": "paragraph_text",
                    "content": "= 46.05 cm2 = 46.1 cm2(approx.)"
                },
                {
                    "type": "paragraph_text",
                    "content": "(360 \u2013 \uf071)"
                },
                {
                    "type": "paragraph_text",
                    "content": "Alternatively, area of the major sector = \uf0b4 \uf070r2"
                },
                {
                    "type": "paragraph_text",
                    "content": "360"
                },
                {
                    "type": "paragraph_text",
                    "content": "\uf0e6360 \uf02d30\uf0f6"
                },
                {
                    "type": "paragraph_text",
                    "content": "= \uf0e7"
                },
                {
                    "type": "paragraph_text",
                    "content": "\uf0f7\uf0b43.14\uf0b416cm2"
                },
                {
                    "type": "paragraph_text",
                    "content": "\uf0e8 360 \uf0f8"
                },
                {
                    "type": "paragraph_text",
                    "content": "330"
                },
                {
                    "type": "paragraph_text",
                    "content": "= \uf0b43.14\uf0b416cm2 \uf03d 46.05cm2"
                },
                {
                    "type": "paragraph_text",
                    "content": "360"
                },
                {
                    "type": "paragraph_text",
                    "content": "= 46.1 cm2 (approx.)"
                },
                {
                    "type": "paragraph_text",
                    "content": "Reprint 2025-26"
                },
                {
                    "type": "paragraph_text",
                    "content": "AREAS RELATED TO CIRCLES 157"
                },
                {
                    "type": "paragraph_text",
                    "content": "Example 2 : Find the area of the segment AYB"
                },
                {
                    "type": "paragraph_text",
                    "content": "shown in Fig. 11.6, if radius of the circle is 21 cm and"
                },
                {
                    "type": "paragraph_text",
                    "content": "22"
                },
                {
                    "type": "paragraph_text",
                    "content": "\uf0d0 AOB = 120\u00b0. (Use \uf070 = )"
                },
                {
                    "type": "paragraph_text",
                    "content": "7"
                },
                {
                    "type": "paragraph_text",
                    "content": "Fig. 11.6"
                },
                {
                    "type": "paragraph_text",
                    "content": "Solution : Area of the segment AYB"
                },
                {
                    "type": "paragraph_text",
                    "content": "= Area of sector OAYB \u2013 Area of \uf044 OAB (1)"
                },
                {
                    "type": "paragraph_text",
                    "content": "120 22"
                },
                {
                    "type": "paragraph_text",
                    "content": "Now, area of the sector OAYB = \uf0b4 \uf0b421\uf0b421cm2 = 462 cm2 (2)"
                },
                {
                    "type": "paragraph_text",
                    "content": "360 7"
                },
                {
                    "type": "paragraph_text",
                    "content": "For finding the area of \uf044 OAB, draw OM \uf05e AB as shown in Fig. 11.7."
                },
                {
                    "type": "paragraph_text",
                    "content": "Note that OA = OB. Therefore, by RHS congruence, \uf044 AMO \uf040\uf020\uf044 BMO."
                },
                {
                    "type": "paragraph_text",
                    "content": "1"
                },
                {
                    "type": "paragraph_text",
                    "content": "So, M is the mid-point of AB and \uf0d0 AOM = \uf0d0 BOM = \uf0b4120\uf0b0 \uf03d 60\uf0b0."
                },
                {
                    "type": "paragraph_text",
                    "content": "2"
                },
                {
                    "type": "paragraph_text",
                    "content": "Let OM = x cm"
                },
                {
                    "type": "paragraph_text",
                    "content": "OM"
                },
                {
                    "type": "paragraph_text",
                    "content": "So, from \uf044 OMA, = cos 60\u00b0"
                },
                {
                    "type": "paragraph_text",
                    "content": "OA"
                },
                {
                    "type": "paragraph_text",
                    "content": "x 1 \uf0e6 1\uf0f6"
                },
                {
                    "type": "paragraph_text",
                    "content": "or, = \uf0e7cos60\u00b0 = \uf0f7 Fig. 11.7"
                },
                {
                    "type": "paragraph_text",
                    "content": "21 2 \uf0e8 2\uf0f8"
                },
                {
                    "type": "paragraph_text",
                    "content": "21"
                },
                {
                    "type": "paragraph_text",
                    "content": "or, x ="
                },
                {
                    "type": "paragraph_text",
                    "content": "2"
                },
                {
                    "type": "paragraph_text",
                    "content": "21"
                },
                {
                    "type": "paragraph_text",
                    "content": "So, OM = cm"
                },
                {
                    "type": "paragraph_text",
                    "content": "2"
                },
                {
                    "type": "paragraph_text",
                    "content": "AM 3"
                },
                {
                    "type": "paragraph_text",
                    "content": "Also, = sin 60\u00b0 ="
                },
                {
                    "type": "paragraph_text",
                    "content": "OA 2"
                },
                {
                    "type": "paragraph_text",
                    "content": "21 3"
                },
                {
                    "type": "paragraph_text",
                    "content": "So, AM = cm"
                },
                {
                    "type": "paragraph_text",
                    "content": "2"
                },
                {
                    "type": "paragraph_text",
                    "content": "2\uf0b421 3"
                },
                {
                    "type": "paragraph_text",
                    "content": "Therefore, AB = 2 AM = cm = 21 3cm"
                },
                {
                    "type": "paragraph_text",
                    "content": "2"
                },
                {
                    "type": "paragraph_text",
                    "content": "Reprint 2025-26"
                },
                {
                    "type": "paragraph_text",
                    "content": "158 MATHEMATICS"
                },
                {
                    "type": "paragraph_text",
                    "content": "1 1 21"
                },
                {
                    "type": "paragraph_text",
                    "content": "So, area of \uf044 OAB = AB\u00d7OM = \uf0b421 3\uf0b4 cm2"
                },
                {
                    "type": "paragraph_text",
                    "content": "2 2 2"
                },
                {
                    "type": "paragraph_text",
                    "content": "441"
                },
                {
                    "type": "paragraph_text",
                    "content": "="
                },
                {
                    "type": "paragraph_text",
                    "content": "3cm2"
                },
                {
                    "type": "paragraph_text",
                    "content": "(3)"
                },
                {
                    "type": "paragraph_text",
                    "content": "4"
                },
                {
                    "type": "paragraph_text",
                    "content": "\uf0e6 441 \uf0f6"
                },
                {
                    "type": "paragraph_text",
                    "content": "Therefore, area of the segment AYB = \uf0e7462 \uf02d 3\uf0f7cm2 [From (1), (2) and (3)]"
                },
                {
                    "type": "paragraph_text",
                    "content": "\uf0e8 4 \uf0f8"
                },
                {
                    "type": "paragraph_text",
                    "content": "21"
                },
                {
                    "type": "paragraph_text",
                    "content": "= (88 \u2013 21 3)cm2"
                },
                {
                    "type": "paragraph_text",
                    "content": "4"
                },
                {
                    "type": "paragraph_text",
                    "content": "EXERCISE 11.1"
                },
                {
                    "type": "paragraph_text",
                    "content": "22"
                },
                {
                    "type": "paragraph_text",
                    "content": "Unless stated otherwise, use \uf070 = ."
                },
                {
                    "type": "paragraph_text",
                    "content": "7"
                },
                {
                    "type": "paragraph_text",
                    "content": "1. Find the area of a sector of a circle with radius 6 cm if angle of the sector is 60\u00b0."
                },
                {
                    "type": "paragraph_text",
                    "content": "2. Find the area of a quadrant of a circle whose circumference is 22 cm."
                },
                {
                    "type": "paragraph_text",
                    "content": "3. The length of the minute hand of a clock is 14 cm. Find the area swept by the minute"
                },
                {
                    "type": "paragraph_text",
                    "content": "hand in 5 minutes."
                },
                {
                    "type": "paragraph_text",
                    "content": "4. A chord of a circle of radius 10 cm subtends a right angle at the centre. Find the area of"
                },
                {
                    "type": "paragraph_text",
                    "content": "the corresponding : (i) minor segment (ii) major sector. (Use \uf070 = 3.14)"
                },
                {
                    "type": "paragraph_text",
                    "content": "5. In a circle of radius 21 cm, an arc subtends an angle of 60\u00b0 at the centre. Find:"
                },
                {
                    "type": "paragraph_text",
                    "content": "(i) the length of the arc (ii) area of the sector formed by the arc"
                },
                {
                    "type": "paragraph_text",
                    "content": "(iii) area of the segment formed by the corresponding chord"
                },
                {
                    "type": "paragraph_text",
                    "content": "6. A chord of a circle of radius 15 cm subtends an angle of 60\u00b0 at the centre. Find"
                },
                {
                    "type": "paragraph_text",
                    "content": "the areas of the corresponding minor and major"
                },
                {
                    "type": "paragraph_text",
                    "content": "segments of the circle."
                },
                {
                    "type": "paragraph_text",
                    "content": "(Use \uf070 = 3.14 and 3 = 1.73)"
                },
                {
                    "type": "paragraph_text",
                    "content": "7. A chord of a circle of radius 12 cm subtends an"
                },
                {
                    "type": "paragraph_text",
                    "content": "angle of 120\u00b0 at the centre. Find the area of the"
                },
                {
                    "type": "paragraph_text",
                    "content": "corresponding segment of the circle."
                },
                {
                    "type": "paragraph_text",
                    "content": "(Use \uf070 = 3.14 and 3 = 1.73)"
                },
                {
                    "type": "paragraph_text",
                    "content": "8. A horse is tied to a peg at one corner of a square"
                },
                {
                    "type": "paragraph_text",
                    "content": "shaped grass field of side 15 m by means of a 5 m"
                },
                {
                    "type": "paragraph_text",
                    "content": "long rope (see Fig. 11.8). Find Fig. 11.8"
                },
                {
                    "type": "paragraph_text",
                    "content": "Reprint 2025-26"
                },
                {
                    "type": "paragraph_text",
                    "content": "AREAS RELATED TO CIRCLES 159"
                },
                {
                    "type": "paragraph_text",
                    "content": "(i) the area of that part of the field in which the"
                },
                {
                    "type": "paragraph_text",
                    "content": "horse can graze."
                },
                {
                    "type": "paragraph_text",
                    "content": "(ii) the increase in the grazing area if the rope"
                },
                {
                    "type": "paragraph_text",
                    "content": "were 10 m long instead of 5 m. (Use \uf070 = 3.14)"
                },
                {
                    "type": "paragraph_text",
                    "content": "9. A brooch is made with silver wire in the form"
                },
                {
                    "type": "paragraph_text",
                    "content": "of a circle with diameter 35 mm. The wire is also"
                },
                {
                    "type": "paragraph_text",
                    "content": "used in making 5 diameters which divide the"
                },
                {
                    "type": "paragraph_text",
                    "content": "circle into 10 equal sectors as shown in"
                },
                {
                    "type": "paragraph_text",
                    "content": "Fig. 11.9. Find :"
                },
                {
                    "type": "paragraph_text",
                    "content": "Fig. 11.9"
                },
                {
                    "type": "paragraph_text",
                    "content": "(i) the total length of the silver wire required."
                },
                {
                    "type": "paragraph_text",
                    "content": "(ii) the area of each sector of the brooch."
                },
                {
                    "type": "paragraph_text",
                    "content": "10. An umbrella has 8 ribs which are equally spaced"
                },
                {
                    "type": "paragraph_text",
                    "content": "(see Fig. 11.10). Assuming umbrella to be a flat"
                },
                {
                    "type": "paragraph_text",
                    "content": "circle of radius 45 cm, find the area between the"
                },
                {
                    "type": "paragraph_text",
                    "content": "two consecutive ribs of the umbrella."
                },
                {
                    "type": "paragraph_text",
                    "content": "11. A car has two wipers which do not overlap. Each"
                },
                {
                    "type": "paragraph_text",
                    "content": "wiper has a blade of length 25 cm sweeping"
                },
                {
                    "type": "paragraph_text",
                    "content": "through an angle of 115\u00b0. Find the total area"
                },
                {
                    "type": "paragraph_text",
                    "content": "Fig. 11.10"
                },
                {
                    "type": "paragraph_text",
                    "content": "cleaned at each sweep of the blades."
                },
                {
                    "type": "paragraph_text",
                    "content": "12. To warn ships for underwater rocks, a lighthouse"
                },
                {
                    "type": "paragraph_text",
                    "content": "spreads a red coloured light over a sector of"
                },
                {
                    "type": "paragraph_text",
                    "content": "angle 80\u00b0 to a distance of 16.5 km. Find the area"
                },
                {
                    "type": "paragraph_text",
                    "content": "of the sea over which the ships are warned."
                },
                {
                    "type": "paragraph_text",
                    "content": "(Use \uf070 = 3.14)"
                },
                {
                    "type": "paragraph_text",
                    "content": "13. A round table cover has six equal designs as"
                },
                {
                    "type": "paragraph_text",
                    "content": "shown in Fig. 11.11. If the radius of the cover is"
                },
                {
                    "type": "paragraph_text",
                    "content": "28 cm, find the cost of making the designs at the"
                },
                {
                    "type": "paragraph_text",
                    "content": "rate of ` 0.35 per cm2. (Use 3 = 1.7) Fig. 11.11"
                },
                {
                    "type": "paragraph_text",
                    "content": "14. Tick the correct answer in the following :"
                },
                {
                    "type": "paragraph_text",
                    "content": "Area of a sector of angle p (in degrees) of a circle"
                },
                {
                    "type": "paragraph_text",
                    "content": "with radius R is"
                },
                {
                    "type": "paragraph_text",
                    "content": "p p p p"
                },
                {
                    "type": "paragraph_text",
                    "content": "(A) \uf0b42\uf070R (B) \uf0b4\uf070R2 (C) \uf0b42\uf070R (D) \uf0b4 2\uf070R2"
                },
                {
                    "type": "paragraph_text",
                    "content": "180 180 360 720"
                },
                {
                    "type": "paragraph_text",
                    "content": "Reprint 2025-26"
                },
                {
                    "type": "paragraph_text",
                    "content": "160 MATHEMATICS"
                },
                {
                    "type": "paragraph_text",
                    "content": "11.2 Summary"
                },
                {
                    "type": "paragraph_text",
                    "content": "In this chapter, you have studied the following points :"
                },
                {
                    "type": "paragraph_text",
                    "content": "1. Length of an arc of a sector of a circle with radius r and angle with degree measure \uf071 is"
                },
                {
                    "type": "paragraph_text",
                    "content": "\uf071"
                },
                {
                    "type": "paragraph_text",
                    "content": "\uf0b42\uf070r"
                },
                {
                    "type": "paragraph_text",
                    "content": "\uf0d7"
                },
                {
                    "type": "paragraph_text",
                    "content": "360"
                },
                {
                    "type": "paragraph_text",
                    "content": "\uf071"
                },
                {
                    "type": "paragraph_text",
                    "content": "2. Area of a sector of a circle with radius r and angle with degree measure \uf071 is \uf0b4\uf070r2 \uf0d7"
                },
                {
                    "type": "paragraph_text",
                    "content": "360"
                },
                {
                    "type": "paragraph_text",
                    "content": "3. Area of segment of a circle"
                },
                {
                    "type": "paragraph_text",
                    "content": "= Area of the corresponding sector \u2013 Area of the corresponding triangle."
                },
                {
                    "type": "paragraph_text",
                    "content": "Reprint 2025-26"
                }
            ]
        }
    ]
}