{
    "book": "Mathematics",
    "chapter": "ch12",
    "sections": [
        {
            "section_title": "Introduction",
            "content_blocks": [
                {
                    "type": "paragraph_text",
                    "content": "SURFACE AREAS AND VOLUMES 161"
                }
            ]
        },
        {
            "section_title": "OLUMES",
            "content_blocks": [
                {
                    "type": "paragraph_text",
                    "content": "12.1 Introduction"
                },
                {
                    "type": "paragraph_text",
                    "content": "From Class IX, you are familiar with some of the solids like cuboid, cone, cylinder, and"
                },
                {
                    "type": "paragraph_text",
                    "content": "sphere (see Fig. 12.1). You have also learnt how to find their surface areas and volumes."
                },
                {
                    "type": "paragraph_text",
                    "content": "Fig. 12.1"
                },
                {
                    "type": "paragraph_text",
                    "content": "In our day-to-day life, we come across a number of solids made up of combinations"
                },
                {
                    "type": "paragraph_text",
                    "content": "of two or more of the basic solids as shown above."
                },
                {
                    "type": "paragraph_text",
                    "content": "You must have seen a truck with a"
                },
                {
                    "type": "paragraph_text",
                    "content": "container fitted on its back (see Fig. 12.2),"
                },
                {
                    "type": "paragraph_text",
                    "content": "carrying oil or water from one place to"
                },
                {
                    "type": "paragraph_text",
                    "content": "another. Is it in the shape of any of the four"
                },
                {
                    "type": "paragraph_text",
                    "content": "basic solids mentioned above? You may"
                },
                {
                    "type": "paragraph_text",
                    "content": "guess that it is made of a cylinder with two"
                },
                {
                    "type": "paragraph_text",
                    "content": "hemispheres as its ends."
                },
                {
                    "type": "paragraph_text",
                    "content": "Fig. 12.2"
                },
                {
                    "type": "paragraph_text",
                    "content": "Reprint 2025-26"
                },
                {
                    "type": "paragraph_text",
                    "content": "162 MATHEMATICS"
                },
                {
                    "type": "paragraph_text",
                    "content": "Again, you may have seen an object like the"
                },
                {
                    "type": "paragraph_text",
                    "content": "one in Fig. 12.3. Can you name it? A test tube, right!"
                },
                {
                    "type": "paragraph_text",
                    "content": "You would have used one in your science laboratory."
                },
                {
                    "type": "paragraph_text",
                    "content": "This tube is also a combination of a cylinder and a"
                },
                {
                    "type": "paragraph_text",
                    "content": "hemisphere. Similarly, while travelling, you may have"
                },
                {
                    "type": "paragraph_text",
                    "content": "seen some big and beautiful buildings or monuments"
                },
                {
                    "type": "paragraph_text",
                    "content": "made up of a combination of solids mentioned above."
                },
                {
                    "type": "paragraph_text",
                    "content": "If for some reason you wanted to find the"
                },
                {
                    "type": "paragraph_text",
                    "content": "surface areas, or volumes, or capacities of such"
                },
                {
                    "type": "paragraph_text",
                    "content": "objects, how would you do it? We cannot classify"
                },
                {
                    "type": "paragraph_text",
                    "content": "Fig. 12.3"
                },
                {
                    "type": "paragraph_text",
                    "content": "these under any of the solids you have already studied."
                },
                {
                    "type": "paragraph_text",
                    "content": "In this chapter, you will see how to find surface areas and volumes of such"
                },
                {
                    "type": "paragraph_text",
                    "content": "objects."
                },
                {
                    "type": "paragraph_text",
                    "content": "12.2 Surface Area of a Combination of Solids"
                },
                {
                    "type": "paragraph_text",
                    "content": "Let us consider the container seen in Fig. 12.2. How do we find the surface area of"
                },
                {
                    "type": "paragraph_text",
                    "content": "such a solid? Now, whenever we come across a new problem, we first try to see, if"
                },
                {
                    "type": "paragraph_text",
                    "content": "we can break it down into smaller problems, we have earlier solved. We can see that"
                },
                {
                    "type": "paragraph_text",
                    "content": "this solid is made up of a cylinder with two hemispheres stuck at either end. It would"
                },
                {
                    "type": "paragraph_text",
                    "content": "look like what we have in Fig. 12.4, after we put the pieces all together."
                },
                {
                    "type": "paragraph_text",
                    "content": "Fig. 12.4"
                },
                {
                    "type": "paragraph_text",
                    "content": "If we consider the surface of the newly formed object, we would be able to see"
                },
                {
                    "type": "paragraph_text",
                    "content": "only the curved surfaces of the two hemispheres and the curved surface of the cylinder."
                },
                {
                    "type": "paragraph_text",
                    "content": "So, the total surface area of the new solid is the sum of the curved surface"
                },
                {
                    "type": "paragraph_text",
                    "content": "areas of each of the individual parts. This gives,"
                },
                {
                    "type": "paragraph_text",
                    "content": "TSA of new solid = CSA of one hemisphere + CSA of cylinder"
                },
                {
                    "type": "paragraph_text",
                    "content": "+ CSA of other hemisphere"
                },
                {
                    "type": "paragraph_text",
                    "content": "where TSA, CSA stand for \u2018Total Surface Area\u2019 and \u2018Curved Surface Area\u2019"
                },
                {
                    "type": "paragraph_text",
                    "content": "respectively."
                },
                {
                    "type": "paragraph_text",
                    "content": "Let us now consider another situation. Suppose we are making a toy by putting"
                },
                {
                    "type": "paragraph_text",
                    "content": "together a hemisphere and a cone. Let us see the steps that we would be going"
                },
                {
                    "type": "paragraph_text",
                    "content": "through."
                },
                {
                    "type": "paragraph_text",
                    "content": "Reprint 2025-26"
                },
                {
                    "type": "paragraph_text",
                    "content": "SURFACE AREAS AND VOLUMES 163"
                },
                {
                    "type": "paragraph_text",
                    "content": "First, we would take a cone and a hemisphere and bring their flat faces together."
                },
                {
                    "type": "paragraph_text",
                    "content": "Here, of course, we would take the base radius of the cone equal to the radius of the"
                },
                {
                    "type": "paragraph_text",
                    "content": "hemisphere, for the toy is to have a smooth surface. So, the steps would be as shown"
                },
                {
                    "type": "paragraph_text",
                    "content": "in Fig. 12.5."
                },
                {
                    "type": "paragraph_text",
                    "content": "Fig. 12.5"
                },
                {
                    "type": "paragraph_text",
                    "content": "At the end of our trial, we have got ourselves a nice round-bottomed toy. Now if"
                },
                {
                    "type": "paragraph_text",
                    "content": "we want to find how much paint we would require to colour the surface of this toy,"
                },
                {
                    "type": "paragraph_text",
                    "content": "what would we need to know? We would need to know the surface area of the toy,"
                },
                {
                    "type": "paragraph_text",
                    "content": "which consists of the CSA of the hemisphere and the CSA of the cone."
                },
                {
                    "type": "paragraph_text",
                    "content": "So, we can say:"
                },
                {
                    "type": "paragraph_text",
                    "content": "Total surface area of the toy = CSA of hemisphere + CSA of cone"
                },
                {
                    "type": "paragraph_text",
                    "content": "Now, let us consider some examples."
                },
                {
                    "type": "paragraph_text",
                    "content": "Example 1 : Rasheed got a playing top (lattu) as his"
                },
                {
                    "type": "paragraph_text",
                    "content": "birthday present, which surprisingly had no colour on"
                },
                {
                    "type": "paragraph_text",
                    "content": "it. He wanted to colour it with his crayons. The top is"
                },
                {
                    "type": "paragraph_text",
                    "content": "shaped like a cone surmounted by a hemisphere"
                },
                {
                    "type": "paragraph_text",
                    "content": "(see Fig 12.6). The entire top is 5 cm in height and"
                },
                {
                    "type": "paragraph_text",
                    "content": "the diameter of the top is 3.5 cm. Find the area he"
                },
                {
                    "type": "paragraph_text",
                    "content": "22"
                },
                {
                    "type": "paragraph_text",
                    "content": "Fig. 12.6"
                },
                {
                    "type": "paragraph_text",
                    "content": "has to colour. (Take \uf070 = )"
                },
                {
                    "type": "paragraph_text",
                    "content": "7"
                },
                {
                    "type": "paragraph_text",
                    "content": "Solution : This top is exactly like the object we have discussed in Fig. 12.5. So, we"
                },
                {
                    "type": "paragraph_text",
                    "content": "can conveniently use the result we have arrived at there. That is :"
                },
                {
                    "type": "paragraph_text",
                    "content": "TSA of the toy = CSA of hemisphere + CSA of cone"
                },
                {
                    "type": "paragraph_text",
                    "content": "1"
                },
                {
                    "type": "paragraph_text",
                    "content": "Now, the curved surface area of the hemisphere = (4\uf070r2) \uf03d 2\uf070r2"
                },
                {
                    "type": "paragraph_text",
                    "content": "2"
                },
                {
                    "type": "paragraph_text",
                    "content": "\uf0e6 22 3.5 3.5\uf0f6"
                },
                {
                    "type": "paragraph_text",
                    "content": "= \uf0e72\uf0b4 \uf0b4 \uf0b4 \uf0f7cm2"
                },
                {
                    "type": "paragraph_text",
                    "content": "\uf0e8 7 2 2 \uf0f8"
                },
                {
                    "type": "paragraph_text",
                    "content": "Reprint 2025-26"
                },
                {
                    "type": "paragraph_text",
                    "content": "."
                },
                {
                    "type": "paragraph_text",
                    "content": "164 MATHEMATICS"
                },
                {
                    "type": "paragraph_text",
                    "content": "Also, the height of the cone = height of the top \u2013 height (radius) of the hemispherical part"
                },
                {
                    "type": "paragraph_text",
                    "content": "\uf0e6 3.5\uf0f6"
                },
                {
                    "type": "paragraph_text",
                    "content": "= \uf0e75\uf02d \uf0f7cm = 3.25 cm"
                },
                {
                    "type": "paragraph_text",
                    "content": "\uf0e8 2 \uf0f8"
                },
                {
                    "type": "paragraph_text",
                    "content": "2"
                },
                {
                    "type": "paragraph_text",
                    "content": "\uf0e63.5\uf0f6"
                },
                {
                    "type": "paragraph_text",
                    "content": "So, the slant height of the cone (l ) = r2 \uf02b h2 \uf03d \uf0e7 \uf0f7 \uf02b (3.25)2 cm = 3.7 cm (approx.)"
                },
                {
                    "type": "paragraph_text",
                    "content": "\uf0e8 2 \uf0f8"
                },
                {
                    "type": "paragraph_text",
                    "content": "\uf0e622 3.5 \uf0f6"
                },
                {
                    "type": "paragraph_text",
                    "content": "Therefore, CSA of cone = \uf070rl = \uf0e7 \uf0b4 \uf0b43.7\uf0f7cm2"
                },
                {
                    "type": "paragraph_text",
                    "content": "\uf0e8 7 2 \uf0f8"
                },
                {
                    "type": "paragraph_text",
                    "content": "This gives the surface area of the top as"
                },
                {
                    "type": "paragraph_text",
                    "content": "\uf0e6 22 3.5 3.5\uf0f6 \uf0e622 3.5 \uf0f6"
                },
                {
                    "type": "paragraph_text",
                    "content": "= \uf0e72\uf0b4 \uf0b4 \uf0b4 \uf0f7cm2 \uf02b\uf0e7 \uf0b4 \uf0b43.7\uf0f7cm2"
                },
                {
                    "type": "paragraph_text",
                    "content": "\uf0e8 7 2 2 \uf0f8 \uf0e8 7 2 \uf0f8"
                },
                {
                    "type": "paragraph_text",
                    "content": "22 3.5 11"
                },
                {
                    "type": "paragraph_text",
                    "content": "= \uf0b4 \uf0283.5\uf02b 3.7\uf029cm2 = \uf0b4(3.5\uf02b3.7) cm2 \uf03d39.6cm2 (approx.)"
                },
                {
                    "type": "paragraph_text",
                    "content": "7 2 2"
                },
                {
                    "type": "paragraph_text",
                    "content": "You may note that \u2018total surface area of the top\u2019 is not the sum of the total"
                },
                {
                    "type": "paragraph_text",
                    "content": "surface areas of the cone and hemisphere."
                },
                {
                    "type": "paragraph_text",
                    "content": "Example 2 : The decorative block shown"
                },
                {
                    "type": "paragraph_text",
                    "content": "in Fig. 12.7 is made of two solids \u2014 a cube"
                },
                {
                    "type": "paragraph_text",
                    "content": "and a hemisphere. The base of the block is a"
                },
                {
                    "type": "paragraph_text",
                    "content": "cube with edge 5 cm, and the hemisphere"
                },
                {
                    "type": "paragraph_text",
                    "content": "fixed on the top has a diameter of 4.2 cm."
                },
                {
                    "type": "paragraph_text",
                    "content": "Find the total surface area of the block."
                },
                {
                    "type": "paragraph_text",
                    "content": "22"
                },
                {
                    "type": "paragraph_text",
                    "content": "(Take \uf070 = )"
                },
                {
                    "type": "paragraph_text",
                    "content": "7 Fig. 12.7"
                },
                {
                    "type": "paragraph_text",
                    "content": "Solution : The total surface area of the cube = 6 \u00d7 (edge)2 = 6 \u00d7 5 \u00d7 5 cm2 = 150 cm2."
                },
                {
                    "type": "paragraph_text",
                    "content": "Note that the part of the cube where the hemisphere is attached is not included in the"
                },
                {
                    "type": "paragraph_text",
                    "content": "surface area."
                },
                {
                    "type": "paragraph_text",
                    "content": "So, the surface area of the block = TSA of cube \u2013 base area of hemisphere"
                },
                {
                    "type": "paragraph_text",
                    "content": "+ CSA of hemisphere"
                },
                {
                    "type": "paragraph_text",
                    "content": "= 150 \u2013 \uf070r2 + 2 \uf070r2 = (150 + \uf070r2) cm2"
                },
                {
                    "type": "paragraph_text",
                    "content": "\uf0e622 4.2 4.2\uf0f6"
                },
                {
                    "type": "paragraph_text",
                    "content": "= 150cm2 \uf02b \uf0e7 \uf0b4 \uf0b4 \uf0f7cm2"
                },
                {
                    "type": "paragraph_text",
                    "content": "\uf0e8 7 2 2 \uf0f8"
                },
                {
                    "type": "paragraph_text",
                    "content": "= (150 + 13.86) cm2 = 163.86 cm2"
                },
                {
                    "type": "paragraph_text",
                    "content": "Reprint 2025-26"
                },
                {
                    "type": "table",
                    "content": [
                        [
                            "",
                            "",
                            ""
                        ]
                    ]
                },
                {
                    "type": "paragraph_text",
                    "content": "SURFACE AREAS AND VOLUMES 165"
                },
                {
                    "type": "paragraph_text",
                    "content": "Example 3 : A wooden toy rocket is in the"
                },
                {
                    "type": "paragraph_text",
                    "content": "shape of a cone mounted on a cylinder, as"
                },
                {
                    "type": "paragraph_text",
                    "content": "shown in Fig. 12.8. The height of the entire"
                },
                {
                    "type": "paragraph_text",
                    "content": "rocket is 26 cm, while the height of the conical"
                },
                {
                    "type": "paragraph_text",
                    "content": "part is 6 cm. The base of the conical portion"
                },
                {
                    "type": "paragraph_text",
                    "content": "has a diameter of 5 cm, while the base"
                },
                {
                    "type": "paragraph_text",
                    "content": "diameter of the cylindrical portion is 3 cm. If"
                },
                {
                    "type": "paragraph_text",
                    "content": "the conical portion is to be painted orange"
                },
                {
                    "type": "paragraph_text",
                    "content": "and the cylindrical portion yellow, find the"
                },
                {
                    "type": "paragraph_text",
                    "content": "area of the rocket painted with each of these"
                },
                {
                    "type": "paragraph_text",
                    "content": "colours. (Take \uf070 = 3.14)"
                },
                {
                    "type": "paragraph_text",
                    "content": "Solution : Denote radius of cone by r, slant"
                },
                {
                    "type": "paragraph_text",
                    "content": "height of cone by l, height of cone by h, radius"
                },
                {
                    "type": "paragraph_text",
                    "content": "of cylinder by r\uf0a2 and height of cylinder by h\uf0a2."
                },
                {
                    "type": "paragraph_text",
                    "content": "Then r = 2.5 cm, h = 6 cm, r\uf0a2 = 1.5 cm,"
                },
                {
                    "type": "paragraph_text",
                    "content": "Fig. 12.8"
                },
                {
                    "type": "paragraph_text",
                    "content": "h\uf0a2 = 26 \u2013 6 = 20 cm and"
                },
                {
                    "type": "paragraph_text",
                    "content": "l = r2 \uf02b h2 = 2.52 \uf02b 62 cm = 6.5 cm"
                },
                {
                    "type": "paragraph_text",
                    "content": "Here, the conical portion has its circular base resting on the base of the cylinder, but"
                },
                {
                    "type": "paragraph_text",
                    "content": "the base of the cone is larger than the base of the cylinder. So, a part of the base of the"
                },
                {
                    "type": "paragraph_text",
                    "content": "cone (a ring) is to be painted."
                },
                {
                    "type": "paragraph_text",
                    "content": "So, the area to be painted orange = CSA of the cone + base area of the cone"
                },
                {
                    "type": "paragraph_text",
                    "content": "\u2013 base area of the cylinder"
                },
                {
                    "type": "paragraph_text",
                    "content": "= \uf070rl + \uf070r2 \u2013 \uf070\uf028r\uf0a2\uf0292"
                },
                {
                    "type": "paragraph_text",
                    "content": "= \uf070[(2.5 \u00d7 6.5) + (2.5)2 \u2013 (1.5)2] cm2"
                },
                {
                    "type": "paragraph_text",
                    "content": "= \uf070[20.25] cm2 = 3.14 \u00d7 20.25 cm2"
                },
                {
                    "type": "paragraph_text",
                    "content": "= 63.585 cm2"
                },
                {
                    "type": "paragraph_text",
                    "content": "Now, the area to be painted yellow = CSA of the cylinder"
                },
                {
                    "type": "paragraph_text",
                    "content": "+ area of one base of the cylinder"
                },
                {
                    "type": "paragraph_text",
                    "content": "= 2\uf070r\uf0a2h\uf0a2 + \uf070(r\uf0a2)2"
                },
                {
                    "type": "paragraph_text",
                    "content": "= \uf070r\uf0a2 (2h\uf0a2 + r\uf0a2)"
                },
                {
                    "type": "paragraph_text",
                    "content": "= (3.14 \u00d7 1.5) (2 \u00d7 20 + 1.5) cm2"
                },
                {
                    "type": "paragraph_text",
                    "content": "= 4.71 \u00d7 41.5 cm2"
                },
                {
                    "type": "paragraph_text",
                    "content": "= 195.465 cm2"
                },
                {
                    "type": "paragraph_text",
                    "content": "Reprint 2025-26"
                },
                {
                    "type": "table",
                    "content": [
                        [
                            "",
                            "",
                            ""
                        ],
                        [
                            "",
                            "",
                            ""
                        ],
                        [
                            "",
                            "",
                            null
                        ],
                        [
                            "",
                            "",
                            null
                        ],
                        [
                            null,
                            "",
                            null
                        ],
                        [
                            null,
                            "",
                            null
                        ]
                    ]
                },
                {
                    "type": "paragraph_text",
                    "content": "166 MATHEMATICS"
                },
                {
                    "type": "paragraph_text",
                    "content": "Example 4 : Mayank made a bird-bath for his garden"
                },
                {
                    "type": "paragraph_text",
                    "content": "in the shape of a cylinder with a hemispherical"
                },
                {
                    "type": "paragraph_text",
                    "content": "depression at one end (see Fig. 12.9). The height of"
                },
                {
                    "type": "paragraph_text",
                    "content": "the cylinder is 1.45 m and its radius is 30 cm. Find the"
                },
                {
                    "type": "paragraph_text",
                    "content": "22"
                },
                {
                    "type": "paragraph_text",
                    "content": "total surface area of the bird-bath. (Take \uf070 = )"
                },
                {
                    "type": "paragraph_text",
                    "content": "7"
                },
                {
                    "type": "paragraph_text",
                    "content": "Solution : Let h be height of the cylinder, and r the"
                },
                {
                    "type": "paragraph_text",
                    "content": "common radius of the cylinder and hemisphere. Then, Fig. 12.9"
                },
                {
                    "type": "paragraph_text",
                    "content": "the total surface area of the bird-bath = CSA of cylinder + CSA of hemisphere"
                },
                {
                    "type": "paragraph_text",
                    "content": "= 2\uf070rh + 2\uf070r2 = 2\uf070r(h + r)"
                },
                {
                    "type": "paragraph_text",
                    "content": "22"
                },
                {
                    "type": "paragraph_text",
                    "content": "= 2\uf0b4 \uf0b430(145\uf02b30) cm2"
                },
                {
                    "type": "paragraph_text",
                    "content": "7"
                },
                {
                    "type": "paragraph_text",
                    "content": "= 33000 cm2 = 3.3 m2"
                },
                {
                    "type": "paragraph_text",
                    "content": "EXERCISE 12.1"
                },
                {
                    "type": "paragraph_text",
                    "content": "22"
                },
                {
                    "type": "paragraph_text",
                    "content": "Unless stated otherwise, take \uf070 = \uf0d7"
                },
                {
                    "type": "paragraph_text",
                    "content": "7"
                },
                {
                    "type": "paragraph_text",
                    "content": "1. 2 cubes each of volume 64 cm3 are joined end to end. Find the surface area of the"
                },
                {
                    "type": "paragraph_text",
                    "content": "resulting cuboid."
                },
                {
                    "type": "paragraph_text",
                    "content": "2. A vessel is in the form of a hollow hemisphere mounted by a hollow cylinder. The"
                },
                {
                    "type": "paragraph_text",
                    "content": "diameter of the hemisphere is 14 cm and the total height of the vessel is 13 cm. Find the"
                },
                {
                    "type": "paragraph_text",
                    "content": "inner surface area of the vessel."
                },
                {
                    "type": "paragraph_text",
                    "content": "3. A toy is in the form of a cone of radius 3.5 cm mounted on a hemisphere of same radius."
                },
                {
                    "type": "paragraph_text",
                    "content": "The total height of the toy is 15.5 cm. Find the total surface area of the toy."
                },
                {
                    "type": "paragraph_text",
                    "content": "4. A cubical block of side 7 cm is surmounted by a hemisphere. What is the greatest"
                },
                {
                    "type": "paragraph_text",
                    "content": "diameter the hemisphere can have? Find the surface area of the solid."
                },
                {
                    "type": "paragraph_text",
                    "content": "5. A hemispherical depression is cut out from one face of a cubical wooden block such"
                },
                {
                    "type": "paragraph_text",
                    "content": "that the diameter l of the hemisphere is equal to the edge of the cube. Determine the"
                },
                {
                    "type": "paragraph_text",
                    "content": "surface area of the remaining solid."
                },
                {
                    "type": "paragraph_text",
                    "content": "6. A medicine capsule is in the shape of a"
                },
                {
                    "type": "paragraph_text",
                    "content": "cylinder with two hemispheres stuck to each"
                },
                {
                    "type": "paragraph_text",
                    "content": "of its ends (see Fig. 12.10). The length of"
                },
                {
                    "type": "paragraph_text",
                    "content": "the entire capsule is 14 mm and the diameter"
                },
                {
                    "type": "paragraph_text",
                    "content": "of the capsule is 5 mm. Find its surface area. Fig. 12.10"
                },
                {
                    "type": "paragraph_text",
                    "content": "Reprint 2025-26"
                },
                {
                    "type": "paragraph_text",
                    "content": "SURFACE AREAS AND VOLUMES 167"
                },
                {
                    "type": "paragraph_text",
                    "content": "7. A tent is in the shape of a cylinder surmounted by a conical top. If the height and"
                },
                {
                    "type": "paragraph_text",
                    "content": "diameter of the cylindrical part are 2.1 m and 4 m respectively, and the slant height of the"
                },
                {
                    "type": "paragraph_text",
                    "content": "top is 2.8 m, find the area of the canvas used for making the tent. Also, find the cost of"
                },
                {
                    "type": "paragraph_text",
                    "content": "the canvas of the tent at the rate of ` 500 per m2. (Note that the base of the tent will not"
                },
                {
                    "type": "paragraph_text",
                    "content": "be covered with canvas.)"
                },
                {
                    "type": "paragraph_text",
                    "content": "8. From a solid cylinder whose height is 2.4 cm and diameter 1.4 cm, a conical cavity of the"
                },
                {
                    "type": "paragraph_text",
                    "content": "same height and same diameter is hollowed out. Find the total surface area of the"
                },
                {
                    "type": "paragraph_text",
                    "content": "remaining solid to the nearest cm2."
                },
                {
                    "type": "paragraph_text",
                    "content": "9. A wooden article was made by scooping"
                },
                {
                    "type": "paragraph_text",
                    "content": "out a hemisphere from each end of a solid"
                },
                {
                    "type": "paragraph_text",
                    "content": "cylinder, as shown in Fig. 12.11. If the"
                },
                {
                    "type": "paragraph_text",
                    "content": "height of the cylinder is 10 cm, and its"
                },
                {
                    "type": "paragraph_text",
                    "content": "base is of radius 3.5 cm, find the total"
                },
                {
                    "type": "paragraph_text",
                    "content": "surface area of the article."
                },
                {
                    "type": "paragraph_text",
                    "content": "Fig. 12.11"
                },
                {
                    "type": "paragraph_text",
                    "content": "12.3 Volume of a Combination of Solids"
                },
                {
                    "type": "paragraph_text",
                    "content": "In the previous section, we have discussed how to find the surface area of solids made"
                },
                {
                    "type": "paragraph_text",
                    "content": "up of a combination of two basic solids. Here, we shall see how to calculate their"
                },
                {
                    "type": "paragraph_text",
                    "content": "volumes. It may be noted that in calculating the surface area, we have not added the"
                },
                {
                    "type": "paragraph_text",
                    "content": "surface areas of the two constituents, because some part of the surface area disappeared"
                },
                {
                    "type": "paragraph_text",
                    "content": "in the process of joining them. However, this will not be the case when we calculate"
                },
                {
                    "type": "paragraph_text",
                    "content": "the volume. The volume of the solid formed by joining two basic solids will actually be"
                },
                {
                    "type": "paragraph_text",
                    "content": "the sum of the volumes of the constituents, as we see in the examples below."
                },
                {
                    "type": "paragraph_text",
                    "content": "Example 5 : Shanta runs an industry in"
                },
                {
                    "type": "paragraph_text",
                    "content": "a shed which is in the shape of a cuboid"
                },
                {
                    "type": "paragraph_text",
                    "content": "surmounted by a half cylinder (see Fig."
                },
                {
                    "type": "paragraph_text",
                    "content": "12.12). If the base of the shed is of"
                },
                {
                    "type": "paragraph_text",
                    "content": "dimension 7 m \u00d7 15 m, and the height of"
                },
                {
                    "type": "paragraph_text",
                    "content": "the cuboidal portion is 8 m, find the volume"
                },
                {
                    "type": "paragraph_text",
                    "content": "of air that the shed can hold. Further,"
                },
                {
                    "type": "paragraph_text",
                    "content": "suppose the machinery in the shed"
                },
                {
                    "type": "paragraph_text",
                    "content": "occupies a total space of 300 m3, and"
                },
                {
                    "type": "paragraph_text",
                    "content": "there are 20 workers, each of whom"
                },
                {
                    "type": "paragraph_text",
                    "content": "occupy about 0.08 m3 space on an"
                },
                {
                    "type": "paragraph_text",
                    "content": "average. Then, how much air is in the"
                },
                {
                    "type": "paragraph_text",
                    "content": "Fig. 12.12"
                },
                {
                    "type": "paragraph_text",
                    "content": "22"
                },
                {
                    "type": "paragraph_text",
                    "content": "shed? (Take \uf070 = )"
                },
                {
                    "type": "paragraph_text",
                    "content": "7"
                },
                {
                    "type": "paragraph_text",
                    "content": "Reprint 2025-26"
                },
                {
                    "type": "table",
                    "content": [
                        [
                            "",
                            "",
                            ""
                        ]
                    ]
                },
                {
                    "type": "paragraph_text",
                    "content": "168 MATHEMATICS"
                },
                {
                    "type": "paragraph_text",
                    "content": "Solution : The volume of air inside the shed (when there are no people or machinery)"
                },
                {
                    "type": "paragraph_text",
                    "content": "is given by the volume of air inside the cuboid and inside the half cylinder, taken"
                },
                {
                    "type": "paragraph_text",
                    "content": "together."
                },
                {
                    "type": "paragraph_text",
                    "content": "Now, the length, breadth and height of the cuboid are 15 m, 7 m and 8 m, respectively."
                },
                {
                    "type": "paragraph_text",
                    "content": "Also, the diameter of the half cylinder is 7 m and its height is 15 m."
                },
                {
                    "type": "paragraph_text",
                    "content": "1"
                },
                {
                    "type": "paragraph_text",
                    "content": "So, the required volume = volume of the cuboid + volume of the cylinder"
                },
                {
                    "type": "paragraph_text",
                    "content": "2"
                },
                {
                    "type": "paragraph_text",
                    "content": "\uf0e9 1 22 7 7 \uf0f9"
                },
                {
                    "type": "paragraph_text",
                    "content": "= 15\uf0b47\uf0b48\uf02b \uf0b4 \uf0b4 \uf0b4 \uf0b415 m3 = 1128.75 m3"
                },
                {
                    "type": "paragraph_text",
                    "content": "\uf0ea \uf0fa"
                },
                {
                    "type": "paragraph_text",
                    "content": "\uf0eb 2 7 2 2 \uf0fb"
                },
                {
                    "type": "paragraph_text",
                    "content": "Next, the total space occupied by the machinery = 300 m3"
                },
                {
                    "type": "paragraph_text",
                    "content": "And the total space occupied by the workers = 20 \u00d7 0.08 m3 = 1.6 m3"
                },
                {
                    "type": "paragraph_text",
                    "content": "Therefore, the volume of the air, when there are machinery and workers"
                },
                {
                    "type": "paragraph_text",
                    "content": "= 1128.75 \u2013 (300.00 + 1.60) = 827.15 m3"
                },
                {
                    "type": "paragraph_text",
                    "content": "Example 6 : A juice seller was serving his"
                },
                {
                    "type": "paragraph_text",
                    "content": "customers using glasses as shown in Fig. 12.13."
                },
                {
                    "type": "paragraph_text",
                    "content": "The inner diameter of the cylindrical glass was"
                },
                {
                    "type": "paragraph_text",
                    "content": "5 cm, but the bottom of the glass had a"
                },
                {
                    "type": "paragraph_text",
                    "content": "hemispherical raised portion which reduced the"
                },
                {
                    "type": "paragraph_text",
                    "content": "capacity of the glass. If the height of a glass"
                },
                {
                    "type": "paragraph_text",
                    "content": "was 10 cm, find the apparent capacity of the"
                },
                {
                    "type": "paragraph_text",
                    "content": "glass and its actual capacity. (Use \uf070 = 3.14.) Fig. 12.13"
                },
                {
                    "type": "paragraph_text",
                    "content": "Solution : Since the inner diameter of the glass = 5 cm and height = 10 cm,"
                },
                {
                    "type": "paragraph_text",
                    "content": "the apparent capacity of the glass = \uf070r2h"
                },
                {
                    "type": "paragraph_text",
                    "content": "= 3.14 \u00d7 2.5 \u00d7 2.5 \u00d7 10 cm3 = 196.25 cm3"
                },
                {
                    "type": "paragraph_text",
                    "content": "But the actual capacity of the glass is less by the volume of the hemisphere at the"
                },
                {
                    "type": "paragraph_text",
                    "content": "base of the glass."
                },
                {
                    "type": "paragraph_text",
                    "content": "2 2"
                },
                {
                    "type": "paragraph_text",
                    "content": "i.e., it is less by \uf070r3 = \uf0b43.14\uf0b42.5\uf0b42.5\uf0b4 2.5cm3 = 32.71 cm3"
                },
                {
                    "type": "paragraph_text",
                    "content": "3 3"
                },
                {
                    "type": "paragraph_text",
                    "content": "So, the actual capacity of the glass = apparent capacity of glass \u2013 volume of the"
                },
                {
                    "type": "paragraph_text",
                    "content": "hemisphere"
                },
                {
                    "type": "paragraph_text",
                    "content": "= (196.25 \u2013 32.71) cm3"
                },
                {
                    "type": "paragraph_text",
                    "content": "= 163.54 cm3"
                },
                {
                    "type": "paragraph_text",
                    "content": "Reprint 2025-26"
                },
                {
                    "type": "table",
                    "content": [
                        [
                            "",
                            null,
                            ""
                        ],
                        [
                            "",
                            "",
                            ""
                        ]
                    ]
                },
                {
                    "type": "paragraph_text",
                    "content": "SURFACE AREAS AND VOLUMES 169"
                },
                {
                    "type": "paragraph_text",
                    "content": "Example 7 : A solid toy is in the form of a"
                },
                {
                    "type": "paragraph_text",
                    "content": "hemisphere surmounted by a right circular cone. The"
                },
                {
                    "type": "paragraph_text",
                    "content": "height of the cone is 2 cm and the diameter of the"
                },
                {
                    "type": "paragraph_text",
                    "content": "base is 4 cm. Determine the volume of the toy. If a"
                },
                {
                    "type": "paragraph_text",
                    "content": "right circular cylinder circumscribes the toy, find the"
                },
                {
                    "type": "paragraph_text",
                    "content": "difference of the volumes of the cylinder and the toy."
                },
                {
                    "type": "paragraph_text",
                    "content": "(Take \uf070 = 3.14) Fig. 12.14"
                },
                {
                    "type": "paragraph_text",
                    "content": "Solution : Let BPC be the hemisphere and ABC be the cone standing on the base"
                },
                {
                    "type": "paragraph_text",
                    "content": "of the hemisphere (see Fig. 12.14). The radius BO of the hemisphere (as well as"
                },
                {
                    "type": "paragraph_text",
                    "content": "1"
                },
                {
                    "type": "paragraph_text",
                    "content": "of the cone) = \u00d7 4 cm = 2 cm."
                },
                {
                    "type": "paragraph_text",
                    "content": "2"
                },
                {
                    "type": "paragraph_text",
                    "content": "2 1"
                },
                {
                    "type": "paragraph_text",
                    "content": "So, volume of the toy = \uf070r3 \uf02b \uf070r2h"
                },
                {
                    "type": "paragraph_text",
                    "content": "3 3"
                },
                {
                    "type": "paragraph_text",
                    "content": "\uf0e92 1 \uf0f9"
                },
                {
                    "type": "paragraph_text",
                    "content": "= \uf0b43.14\uf0b4(2)3\uf02b \uf0b43.14\uf0b4(2)2 \uf0b42 cm3 = 25.12 cm3"
                },
                {
                    "type": "paragraph_text",
                    "content": "\uf0ea \uf0fa"
                },
                {
                    "type": "paragraph_text",
                    "content": "\uf0eb3 3 \uf0fb"
                },
                {
                    "type": "paragraph_text",
                    "content": "Now, let the right circular cylinder EFGH circumscribe the given solid. The radius of"
                },
                {
                    "type": "paragraph_text",
                    "content": "the base of the right circular cylinder = HP = BO = 2 cm, and its height is"
                },
                {
                    "type": "paragraph_text",
                    "content": "EH = AO + OP = (2 + 2) cm = 4 cm"
                },
                {
                    "type": "paragraph_text",
                    "content": "So, the volume required = volume of the right circular cylinder \u2013 volume of the toy"
                },
                {
                    "type": "paragraph_text",
                    "content": "= (3.14 \u00d7 22 \u00d7 4 \u2013 25.12) cm3"
                },
                {
                    "type": "paragraph_text",
                    "content": "= 25.12 cm3"
                },
                {
                    "type": "paragraph_text",
                    "content": "Hence, the required difference of the two volumes = 25.12 cm3."
                },
                {
                    "type": "paragraph_text",
                    "content": "EXERCISE 12.2"
                },
                {
                    "type": "paragraph_text",
                    "content": "22"
                },
                {
                    "type": "paragraph_text",
                    "content": "Unless stated otherwise, take \uf070 = ."
                },
                {
                    "type": "paragraph_text",
                    "content": "7"
                },
                {
                    "type": "paragraph_text",
                    "content": "\uf031\uf031\uf031\uf031\uf031\uf02e\uf02e\uf02e\uf02e\uf02e A solid is in the shape of a cone standing on a hemisphere with both their radii being"
                },
                {
                    "type": "paragraph_text",
                    "content": "equal to 1 cm and the height of the cone is equal to its radius. Find the volume of the solid"
                },
                {
                    "type": "paragraph_text",
                    "content": "in terms of \uf070."
                },
                {
                    "type": "paragraph_text",
                    "content": "2. Rachel, an engineering student, was asked to make a model shaped like a cylinder with"
                },
                {
                    "type": "paragraph_text",
                    "content": "two cones attached at its two ends by using a thin aluminium sheet. The diameter of the"
                },
                {
                    "type": "paragraph_text",
                    "content": "model is 3 cm and its length is 12 cm. If each cone has a height of 2 cm, find the volume"
                },
                {
                    "type": "paragraph_text",
                    "content": "of air contained in the model that Rachel made. (Assume the outer and inner dimensions"
                },
                {
                    "type": "paragraph_text",
                    "content": "of the model to be nearly the same.)"
                },
                {
                    "type": "paragraph_text",
                    "content": "Reprint 2025-26"
                },
                {
                    "type": "table",
                    "content": [
                        [
                            ""
                        ],
                        [
                            ""
                        ]
                    ]
                },
                {
                    "type": "table",
                    "content": [
                        [
                            "",
                            ""
                        ]
                    ]
                },
                {
                    "type": "paragraph_text",
                    "content": "170 MATHEMATICS"
                },
                {
                    "type": "paragraph_text",
                    "content": "3. A gulab jamun, contains sugar syrup up to about"
                },
                {
                    "type": "paragraph_text",
                    "content": "30% of its volume. Find approximately how much"
                },
                {
                    "type": "paragraph_text",
                    "content": "syrup would be found in 45 gulab jamuns, each"
                },
                {
                    "type": "paragraph_text",
                    "content": "shaped like a cylinder with two hemispherical ends"
                },
                {
                    "type": "paragraph_text",
                    "content": "with length 5 cm and diameter 2.8 cm (see Fig. 12.15)."
                },
                {
                    "type": "paragraph_text",
                    "content": "4. A pen stand made of wood is in the shape of a Fig. 12.15"
                },
                {
                    "type": "paragraph_text",
                    "content": "cuboid with four conical depressions to hold pens."
                },
                {
                    "type": "paragraph_text",
                    "content": "The dimensions of the cuboid are 15 cm by 10 cm by"
                },
                {
                    "type": "paragraph_text",
                    "content": "3.5 cm. The radius of each of the depressions is 0.5"
                },
                {
                    "type": "paragraph_text",
                    "content": "cm and the depth is 1.4 cm. Find the volume of"
                },
                {
                    "type": "paragraph_text",
                    "content": "wood in the entire stand (see Fig. 12.16)."
                },
                {
                    "type": "paragraph_text",
                    "content": "5. A vessel is in the form of an inverted cone. Its"
                },
                {
                    "type": "paragraph_text",
                    "content": "height is 8 cm and the radius of its top, which is"
                },
                {
                    "type": "paragraph_text",
                    "content": "open, is 5 cm. It is filled with water up to the brim."
                },
                {
                    "type": "paragraph_text",
                    "content": "When lead shots, each of which is a sphere of radius"
                },
                {
                    "type": "paragraph_text",
                    "content": "0.5 cm are dropped into the vessel, one-fourth of"
                },
                {
                    "type": "paragraph_text",
                    "content": "the water flows out. Find the number of lead shots"
                },
                {
                    "type": "paragraph_text",
                    "content": "Fig. 12.16"
                },
                {
                    "type": "paragraph_text",
                    "content": "dropped in the vessel."
                },
                {
                    "type": "paragraph_text",
                    "content": "6. A solid iron pole consists of a cylinder of height 220 cm and base diameter 24 cm, which"
                },
                {
                    "type": "paragraph_text",
                    "content": "is surmounted by another cylinder of height 60 cm and radius 8 cm. Find the mass of the"
                },
                {
                    "type": "paragraph_text",
                    "content": "pole, given that 1 cm3 of iron has approximately 8g mass. (Use \uf070\uf020= 3.14)"
                },
                {
                    "type": "paragraph_text",
                    "content": "7. A solid consisting of a right circular cone of height 120 cm and radius 60 cm standing on"
                },
                {
                    "type": "paragraph_text",
                    "content": "a hemisphere of radius 60 cm is placed upright in a right circular cylinder full of water"
                },
                {
                    "type": "paragraph_text",
                    "content": "such that it touches the bottom. Find the volume of water left in the cylinder, if the radius"
                },
                {
                    "type": "paragraph_text",
                    "content": "of the cylinder is 60 cm and its height is 180 cm."
                },
                {
                    "type": "paragraph_text",
                    "content": "8. A spherical glass vessel has a cylindrical neck 8 cm long, 2 cm in diameter; the diameter"
                },
                {
                    "type": "paragraph_text",
                    "content": "of the spherical part is 8.5 cm. By measuring the amount of water it holds, a child finds its"
                },
                {
                    "type": "paragraph_text",
                    "content": "volume to be 345 cm3. Check whether she is correct, taking the above as the inside"
                },
                {
                    "type": "paragraph_text",
                    "content": "measurements, and \uf070 = 3.14."
                },
                {
                    "type": "paragraph_text",
                    "content": "12.4 Summary"
                },
                {
                    "type": "paragraph_text",
                    "content": "In this chapter, you have studied the following points:"
                },
                {
                    "type": "paragraph_text",
                    "content": "1. To determine the surface area of an object formed by combining any two of the basic"
                },
                {
                    "type": "paragraph_text",
                    "content": "solids, namely, cuboid, cone, cylinder, sphere and hemisphere."
                },
                {
                    "type": "paragraph_text",
                    "content": "2. To find the volume of objects formed by combining any two of a cuboid, cone, cylinder,"
                },
                {
                    "type": "paragraph_text",
                    "content": "sphere and hemisphere."
                },
                {
                    "type": "paragraph_text",
                    "content": "Reprint 2025-26"
                }
            ]
        }
    ]
}