{
    "book": "Mathematics",
    "chapter": "ch14",
    "sections": [
        {
            "section_title": "Introduction",
            "content_blocks": [
                {
                    "type": "paragraph_text",
                    "content": "202 MATHEMATICS"
                }
            ]
        },
        {
            "section_title": "ROBABILITY",
            "content_blocks": [
                {
                    "type": "paragraph_text",
                    "content": "The theory of probabilities and the theory of errors now constitute"
                },
                {
                    "type": "paragraph_text",
                    "content": "a formidable body of great mathematical interest and of great"
                },
                {
                    "type": "paragraph_text",
                    "content": "practical importance."
                },
                {
                    "type": "paragraph_text",
                    "content": "\u2013 R.S. Woodward"
                },
                {
                    "type": "paragraph_text",
                    "content": "14.1 Probability \u2014 A Theoretical Approach"
                },
                {
                    "type": "paragraph_text",
                    "content": "Let us consider the following situation :"
                },
                {
                    "type": "paragraph_text",
                    "content": "Suppose a coin is tossed at random."
                },
                {
                    "type": "paragraph_text",
                    "content": "When we speak of a coin, we assume it to be \u2018fair\u2019, that is, it is symmetrical so"
                },
                {
                    "type": "paragraph_text",
                    "content": "that there is no reason for it to come down more often on one side than the other."
                },
                {
                    "type": "paragraph_text",
                    "content": "We call this property of the coin as being \u2018unbiased\u2019. By the phrase \u2018random toss\u2019,"
                },
                {
                    "type": "paragraph_text",
                    "content": "we mean that the coin is allowed to fall freely without any bias or interference."
                },
                {
                    "type": "paragraph_text",
                    "content": "We know, in advance, that the coin can only land in one of two possible ways \u2014"
                },
                {
                    "type": "paragraph_text",
                    "content": "either head up or tail up (we dismiss the possibility of its \u2018landing\u2019 on its edge, which"
                },
                {
                    "type": "paragraph_text",
                    "content": "may be possible, for example, if it falls on sand). We can reasonably assume that each"
                },
                {
                    "type": "paragraph_text",
                    "content": "outcome, head or tail, is as likely to occur as the other. We refer to this by saying that"
                },
                {
                    "type": "paragraph_text",
                    "content": "the outcomes head and tail, are equally likely."
                },
                {
                    "type": "paragraph_text",
                    "content": "For another example of equally likely outcomes, suppose we throw a die"
                },
                {
                    "type": "paragraph_text",
                    "content": "once. For us, a die will always mean a fair die. What are the possible outcomes?"
                },
                {
                    "type": "paragraph_text",
                    "content": "They are 1, 2, 3, 4, 5, 6. Each number has the same possibility of showing up. So"
                },
                {
                    "type": "paragraph_text",
                    "content": "the equally likely outcomes of throwing a die are 1, 2, 3, 4, 5 and 6."
                },
                {
                    "type": "paragraph_text",
                    "content": "Reprint 2025-26"
                },
                {
                    "type": "paragraph_text",
                    "content": "PROBABILITY 203"
                },
                {
                    "type": "paragraph_text",
                    "content": "Are the outcomes of every experiment equally likely? Let us see."
                },
                {
                    "type": "paragraph_text",
                    "content": "Suppose that a bag contains 4 red balls and 1 blue ball, and you draw a ball"
                },
                {
                    "type": "paragraph_text",
                    "content": "without looking into the bag. What are the outcomes? Are the outcomes \u2014 a red ball"
                },
                {
                    "type": "paragraph_text",
                    "content": "and a blue ball equally likely? Since there are 4 red balls and only one blue ball, you"
                },
                {
                    "type": "paragraph_text",
                    "content": "would agree that you are more likely to get a red ball than a blue ball. So, the outcomes"
                },
                {
                    "type": "paragraph_text",
                    "content": "(a red ball or a blue ball) are not equally likely. However, the outcome of drawing a"
                },
                {
                    "type": "paragraph_text",
                    "content": "ball of any colour from the bag is equally likely. So, all experiments do not necessarily"
                },
                {
                    "type": "paragraph_text",
                    "content": "have equally likely outcomes."
                },
                {
                    "type": "paragraph_text",
                    "content": "However, in this chapter, from now on, we will assume that all the experiments"
                },
                {
                    "type": "paragraph_text",
                    "content": "have equally likely outcomes."
                },
                {
                    "type": "paragraph_text",
                    "content": "In Class IX, we defined the experimental or empirical probability P(E) of an"
                },
                {
                    "type": "paragraph_text",
                    "content": "event E as"
                },
                {
                    "type": "paragraph_text",
                    "content": "Number of trialsin which theevent happened"
                },
                {
                    "type": "paragraph_text",
                    "content": "P(E) ="
                },
                {
                    "type": "paragraph_text",
                    "content": "Total number of trials"
                },
                {
                    "type": "paragraph_text",
                    "content": "The empirical interpretation of probability can be applied to every event associated"
                },
                {
                    "type": "paragraph_text",
                    "content": "with an experiment which can be repeated a large number of times. The requirement"
                },
                {
                    "type": "paragraph_text",
                    "content": "of repeating an experiment has some limitations, as it may be very expensive or"
                },
                {
                    "type": "paragraph_text",
                    "content": "unfeasible in many situations. Of course, it worked well in coin tossing or die throwing"
                },
                {
                    "type": "paragraph_text",
                    "content": "experiments. But how about repeating the experiment of launching a satellite in order"
                },
                {
                    "type": "paragraph_text",
                    "content": "to compute the empirical probability of its failure during launching, or the repetition of"
                },
                {
                    "type": "paragraph_text",
                    "content": "the phenomenon of an earthquake to compute the empirical probability of a multi-"
                },
                {
                    "type": "paragraph_text",
                    "content": "storeyed building getting destroyed in an earthquake?"
                },
                {
                    "type": "paragraph_text",
                    "content": "In experiments where we are prepared to make certain assumptions, the repetition"
                },
                {
                    "type": "paragraph_text",
                    "content": "of an experiment can be avoided, as the assumptions help in directly calculating the"
                },
                {
                    "type": "paragraph_text",
                    "content": "exact (theoretical) probability. The assumption of equally likely outcomes (which is"
                },
                {
                    "type": "paragraph_text",
                    "content": "valid in many experiments, as in the two examples above, of a coin and of a die) is one"
                },
                {
                    "type": "paragraph_text",
                    "content": "such assumption that leads us to the following definition of probability of an event."
                },
                {
                    "type": "paragraph_text",
                    "content": "The theoretical probability (also called classical probability) of an event E,"
                },
                {
                    "type": "paragraph_text",
                    "content": "written as P(E), is defined as"
                },
                {
                    "type": "paragraph_text",
                    "content": "Numberof outcomesfavourabletoE"
                },
                {
                    "type": "paragraph_text",
                    "content": "P(E) = ,"
                },
                {
                    "type": "paragraph_text",
                    "content": "Numberof allpossibleoutcomesof theexperiment"
                },
                {
                    "type": "paragraph_text",
                    "content": "where we assume that the outcomes of the experiment are equally likely."
                },
                {
                    "type": "paragraph_text",
                    "content": "We will briefly refer to theoretical probability as probability."
                },
                {
                    "type": "paragraph_text",
                    "content": "This definition of probability was given by Pierre Simon Laplace in 1795."
                },
                {
                    "type": "paragraph_text",
                    "content": "Reprint 2025-26"
                },
                {
                    "type": "paragraph_text",
                    "content": "204 MATHEMATICS"
                },
                {
                    "type": "paragraph_text",
                    "content": "Probability theory had its origin in the 16th century when"
                },
                {
                    "type": "paragraph_text",
                    "content": "an Italian physician and mathematician J.Cardan wrote the"
                },
                {
                    "type": "paragraph_text",
                    "content": "first book on the subject, The Book on Games of Chance."
                },
                {
                    "type": "paragraph_text",
                    "content": "Since its inception, the study of probability has attracted"
                },
                {
                    "type": "paragraph_text",
                    "content": "the attention of great mathematicians. James Bernoulli"
                },
                {
                    "type": "paragraph_text",
                    "content": "(1654 \u2013 1705), A. de Moivre (1667 \u2013 1754), and"
                },
                {
                    "type": "paragraph_text",
                    "content": "Pierre Simon Laplace are among those who made significant"
                },
                {
                    "type": "paragraph_text",
                    "content": "contributions to this field. Laplace\u2019s Theorie Analytique"
                },
                {
                    "type": "paragraph_text",
                    "content": "des Probabilit\u00e9s, 1812, is considered to be the greatest"
                },
                {
                    "type": "paragraph_text",
                    "content": "contribution by a single person to the theory of probability. Pierre Simon Laplace"
                },
                {
                    "type": "paragraph_text",
                    "content": "In recent years, probability has been used extensively in (1749 \u2013 1827)"
                },
                {
                    "type": "paragraph_text",
                    "content": "many areas such as biology, economics, genetics, physics,"
                },
                {
                    "type": "paragraph_text",
                    "content": "sociology etc."
                },
                {
                    "type": "paragraph_text",
                    "content": "Let us find the probability for some of the events associated with experiments"
                },
                {
                    "type": "paragraph_text",
                    "content": "where the equally likely assumption holds."
                },
                {
                    "type": "paragraph_text",
                    "content": "Example 1 : Find the probability of getting a head when a coin is tossed once. Also"
                },
                {
                    "type": "paragraph_text",
                    "content": "find the probability of getting a tail."
                },
                {
                    "type": "paragraph_text",
                    "content": "Solution : In the experiment of tossing a coin once, the number of possible outcomes"
                },
                {
                    "type": "paragraph_text",
                    "content": "is two \u2014 Head (H) and Tail (T). Let E be the event \u2018getting a head\u2019. The number of"
                },
                {
                    "type": "paragraph_text",
                    "content": "outcomes favourable to E, (i.e., of getting a head) is 1. Therefore,"
                },
                {
                    "type": "paragraph_text",
                    "content": "Number of outcomes favourable to E 1"
                },
                {
                    "type": "paragraph_text",
                    "content": "P(E) = P (head) = ="
                },
                {
                    "type": "paragraph_text",
                    "content": "Number of allpossibleoutcomes 2"
                },
                {
                    "type": "paragraph_text",
                    "content": "Similarly, if F is the event \u2018getting a tail\u2019, then"
                },
                {
                    "type": "paragraph_text",
                    "content": "1"
                },
                {
                    "type": "paragraph_text",
                    "content": "P(F) = P(tail) = (Why ?)"
                },
                {
                    "type": "paragraph_text",
                    "content": "2"
                },
                {
                    "type": "paragraph_text",
                    "content": "Example 2 : A bag contains a red ball, a blue ball and a yellow ball, all the balls being"
                },
                {
                    "type": "paragraph_text",
                    "content": "of the same size. Kritika takes out a ball from the bag without looking into it. What is"
                },
                {
                    "type": "paragraph_text",
                    "content": "the probability that she takes out the"
                },
                {
                    "type": "paragraph_text",
                    "content": "(i) yellow ball? (ii) red ball? (iii) blue ball?"
                },
                {
                    "type": "paragraph_text",
                    "content": "Solution : Kritika takes out a ball from the bag without looking into it. So, it is equally"
                },
                {
                    "type": "paragraph_text",
                    "content": "likely that she takes out any one of them."
                },
                {
                    "type": "paragraph_text",
                    "content": "Reprint 2025-26"
                },
                {
                    "type": "paragraph_text",
                    "content": "PROBABILITY 205"
                },
                {
                    "type": "paragraph_text",
                    "content": "Let Y be the event \u2018the ball taken out is yellow\u2019, B be the event \u2018the ball taken"
                },
                {
                    "type": "paragraph_text",
                    "content": "out is blue\u2019, and R be the event \u2018the ball taken out is red\u2019."
                },
                {
                    "type": "paragraph_text",
                    "content": "Now, the number of possible outcomes = 3."
                },
                {
                    "type": "paragraph_text",
                    "content": "(i) The number of outcomes favourable to the event Y = 1."
                },
                {
                    "type": "paragraph_text",
                    "content": "1"
                },
                {
                    "type": "paragraph_text",
                    "content": "So, P(Y) ="
                },
                {
                    "type": "paragraph_text",
                    "content": "3"
                },
                {
                    "type": "paragraph_text",
                    "content": "1 1"
                },
                {
                    "type": "paragraph_text",
                    "content": "Similarly, (ii) P(R) = and (iii) P(B) = \uf0d7"
                },
                {
                    "type": "paragraph_text",
                    "content": "3 3"
                },
                {
                    "type": "paragraph_text",
                    "content": "Remarks :"
                },
                {
                    "type": "paragraph_text",
                    "content": "1. An event having only one outcome of the experiment is called an elementary"
                },
                {
                    "type": "paragraph_text",
                    "content": "event. In Example 1, both the events E and F are elementary events. Similarly, in"
                },
                {
                    "type": "paragraph_text",
                    "content": "Example 2, all the three events, Y, B and R are elementary events."
                },
                {
                    "type": "paragraph_text",
                    "content": "2. In Example 1, we note that : P(E) + P(F) = 1"
                },
                {
                    "type": "paragraph_text",
                    "content": "In Example 2, we note that : P(Y) + P(R) + P(B) = 1"
                },
                {
                    "type": "paragraph_text",
                    "content": "Observe that the sum of the probabilities of all the elementary events of"
                },
                {
                    "type": "paragraph_text",
                    "content": "an experiment is 1. This is true in general also."
                },
                {
                    "type": "paragraph_text",
                    "content": "Example 3 : Suppose we throw a die once. (i) What is the probability of getting a"
                },
                {
                    "type": "paragraph_text",
                    "content": "number greater than 4 ? (ii) What is the probability of getting a number less than or"
                },
                {
                    "type": "paragraph_text",
                    "content": "equal to 4 ?"
                },
                {
                    "type": "paragraph_text",
                    "content": "Solution : (i) Here, let E be the event \u2018getting a number greater than 4\u2019. The number"
                },
                {
                    "type": "paragraph_text",
                    "content": "of possible outcomes is six : 1, 2, 3, 4, 5 and 6, and the outcomes favourable to E are 5"
                },
                {
                    "type": "paragraph_text",
                    "content": "and 6. Therefore, the number of outcomes favourable to E is 2. So,"
                },
                {
                    "type": "paragraph_text",
                    "content": "2 1"
                },
                {
                    "type": "paragraph_text",
                    "content": "P(E) = P(number greater than 4) = ="
                },
                {
                    "type": "paragraph_text",
                    "content": "6 3"
                },
                {
                    "type": "paragraph_text",
                    "content": "(ii) Let F be the event \u2018getting a number less than or equal to 4\u2019."
                },
                {
                    "type": "paragraph_text",
                    "content": "Number of possible outcomes = 6"
                },
                {
                    "type": "paragraph_text",
                    "content": "Outcomes favourable to the event F are 1, 2, 3, 4."
                },
                {
                    "type": "paragraph_text",
                    "content": "So, the number of outcomes favourable to F is 4."
                },
                {
                    "type": "paragraph_text",
                    "content": "4 2"
                },
                {
                    "type": "paragraph_text",
                    "content": "Therefore, P(F) = ="
                },
                {
                    "type": "paragraph_text",
                    "content": "6 3"
                },
                {
                    "type": "paragraph_text",
                    "content": "Reprint 2025-26"
                },
                {
                    "type": "paragraph_text",
                    "content": "206 MATHEMATICS"
                },
                {
                    "type": "paragraph_text",
                    "content": "Are the events E and F in the example above elementary events? No, they are"
                },
                {
                    "type": "paragraph_text",
                    "content": "not because the event E has 2 outcomes and the event F has 4 outcomes."
                },
                {
                    "type": "paragraph_text",
                    "content": "Remarks : From Example 1, we note that"
                },
                {
                    "type": "paragraph_text",
                    "content": "1 1"
                },
                {
                    "type": "paragraph_text",
                    "content": "P(E) + P(F) = \uf02b \uf03d1 (1)"
                },
                {
                    "type": "paragraph_text",
                    "content": "2 2"
                },
                {
                    "type": "paragraph_text",
                    "content": "where E is the event \u2018getting a head\u2019 and F is the event \u2018getting a tail\u2019."
                },
                {
                    "type": "paragraph_text",
                    "content": "From (i) and (ii) of Example 3, we also get"
                },
                {
                    "type": "paragraph_text",
                    "content": "1 2"
                },
                {
                    "type": "paragraph_text",
                    "content": "P(E) + P(F) = \uf02b \uf03d1 (2)"
                },
                {
                    "type": "paragraph_text",
                    "content": "3 3"
                },
                {
                    "type": "paragraph_text",
                    "content": "where E is the event \u2018getting a number >4\u2019 and F is the event \u2018getting a number \uf0a3 4\u2019."
                },
                {
                    "type": "paragraph_text",
                    "content": "Note that getting a number not greater than 4 is same as getting a number less"
                },
                {
                    "type": "paragraph_text",
                    "content": "than or equal to 4, and vice versa."
                },
                {
                    "type": "paragraph_text",
                    "content": "In (1) and (2) above, is F not the same as \u2018not E\u2019? Yes, it is. We denote the event"
                },
                {
                    "type": "paragraph_text",
                    "content": "\u2018not E\u2019 by E."
                },
                {
                    "type": "paragraph_text",
                    "content": "So, P(E) + P(not E) = 1"
                },
                {
                    "type": "paragraph_text",
                    "content": "i.e., P(E) + P(E) = 1, which gives us P(E) = 1 \u2013 P(E)."
                },
                {
                    "type": "paragraph_text",
                    "content": "In general, it is true that for an event E,"
                },
                {
                    "type": "paragraph_text",
                    "content": "P(E) = 1 \u2013 P(E)"
                },
                {
                    "type": "paragraph_text",
                    "content": "The event E, representing \u2018not E\u2019, is called the complement of the event E."
                },
                {
                    "type": "paragraph_text",
                    "content": "We also say that E and E are complementary events."
                },
                {
                    "type": "paragraph_text",
                    "content": "Before proceeding further, let us try to find the answers to the following questions:"
                },
                {
                    "type": "paragraph_text",
                    "content": "(i) What is the probability of getting a number 8 in a single throw of a die?"
                },
                {
                    "type": "paragraph_text",
                    "content": "(ii) What is the probability of getting a number less than 7 in a single throw of a die?"
                },
                {
                    "type": "paragraph_text",
                    "content": "Let us answer (i) :"
                },
                {
                    "type": "paragraph_text",
                    "content": "We know that there are only six possible outcomes in a single throw of a die. These"
                },
                {
                    "type": "paragraph_text",
                    "content": "outcomes are 1, 2, 3, 4, 5 and 6. Since no face of the die is marked 8, so there is no"
                },
                {
                    "type": "paragraph_text",
                    "content": "outcome favourable to 8, i.e., the number of such outcomes is zero. In other words,"
                },
                {
                    "type": "paragraph_text",
                    "content": "getting 8 in a single throw of a die, is impossible."
                },
                {
                    "type": "paragraph_text",
                    "content": "0"
                },
                {
                    "type": "paragraph_text",
                    "content": "So, P(getting 8) = = 0"
                },
                {
                    "type": "paragraph_text",
                    "content": "6"
                },
                {
                    "type": "paragraph_text",
                    "content": "Reprint 2025-26"
                },
                {
                    "type": "paragraph_text",
                    "content": "PROBABILITY 207"
                },
                {
                    "type": "paragraph_text",
                    "content": "That is, the probability of an event which is impossible to occur is 0. Such an"
                },
                {
                    "type": "paragraph_text",
                    "content": "event is called an impossible event."
                },
                {
                    "type": "paragraph_text",
                    "content": "Let us answer (ii) :"
                },
                {
                    "type": "paragraph_text",
                    "content": "Since every face of a die is marked with a number less than 7, it is sure that we"
                },
                {
                    "type": "paragraph_text",
                    "content": "will always get a number less than 7 when it is thrown once. So, the number of"
                },
                {
                    "type": "paragraph_text",
                    "content": "favourable outcomes is the same as the number of all possible outcomes, which is 6."
                },
                {
                    "type": "paragraph_text",
                    "content": "6"
                },
                {
                    "type": "paragraph_text",
                    "content": "Therefore, P(E) = P(getting a number less than 7) = = 1"
                },
                {
                    "type": "paragraph_text",
                    "content": "6"
                },
                {
                    "type": "paragraph_text",
                    "content": "So, the probability of an event which is sure (or certain) to occur is 1. Such an event"
                },
                {
                    "type": "paragraph_text",
                    "content": "is called a sure event or a certain event."
                },
                {
                    "type": "paragraph_text",
                    "content": "Note : From the definition of the probability P(E), we see that the numerator (number"
                },
                {
                    "type": "paragraph_text",
                    "content": "of outcomes favourable to the event E) is always less than or equal to the denominator"
                },
                {
                    "type": "paragraph_text",
                    "content": "(the number of all possible outcomes). Therefore,"
                },
                {
                    "type": "paragraph_text",
                    "content": "0 \uf0a3\uf0a3\uf0a3\uf0a3\uf0a3 P(E) \uf0a3\uf0a3\uf0a3\uf0a3\uf0a3 1"
                },
                {
                    "type": "paragraph_text",
                    "content": "Now, let us take an example related to playing cards. Have you seen a deck of"
                },
                {
                    "type": "paragraph_text",
                    "content": "playing cards? It consists of 52 cards which are divided into 4 suits of 13 cards each\u2014"
                },
                {
                    "type": "paragraph_text",
                    "content": "spades (\uf0ab), hearts (\uf0aa), diamonds (\uf0a9) and clubs (\uf0a8). Clubs and spades are of black"
                },
                {
                    "type": "paragraph_text",
                    "content": "colour, while hearts and diamonds are of red colour. The cards in each suit are ace,"
                },
                {
                    "type": "paragraph_text",
                    "content": "king, queen, jack, 10, 9, 8, 7, 6, 5, 4, 3 and 2. Kings, queens and jacks are called face"
                },
                {
                    "type": "paragraph_text",
                    "content": "cards."
                },
                {
                    "type": "paragraph_text",
                    "content": "Example 4 : One card is drawn from a well-shuffled deck of 52 cards. Calculate the"
                },
                {
                    "type": "paragraph_text",
                    "content": "probability that the card will"
                },
                {
                    "type": "paragraph_text",
                    "content": "(i) be an ace,"
                },
                {
                    "type": "paragraph_text",
                    "content": "(ii) not be an ace."
                },
                {
                    "type": "paragraph_text",
                    "content": "Solution : Well-shuffling ensures equally likely outcomes."
                },
                {
                    "type": "paragraph_text",
                    "content": "(i) There are 4 aces in a deck. Let E be the event \u2018the card is an ace\u2019."
                },
                {
                    "type": "paragraph_text",
                    "content": "The number of outcomes favourable to E = 4"
                },
                {
                    "type": "paragraph_text",
                    "content": "The number of possible outcomes = 52 (Why ?)"
                },
                {
                    "type": "paragraph_text",
                    "content": "4 1"
                },
                {
                    "type": "paragraph_text",
                    "content": "Therefore, P(E) = \uf03d"
                },
                {
                    "type": "paragraph_text",
                    "content": "52 13"
                },
                {
                    "type": "paragraph_text",
                    "content": "(ii) Let F be the event \u2018card drawn is not an ace\u2019."
                },
                {
                    "type": "paragraph_text",
                    "content": "The number of outcomes favourable to the event F = 52 \u2013 4 = 48 (Why?)"
                },
                {
                    "type": "paragraph_text",
                    "content": "Reprint 2025-26"
                },
                {
                    "type": "paragraph_text",
                    "content": "208 MATHEMATICS"
                },
                {
                    "type": "paragraph_text",
                    "content": "The number of possible outcomes = 52"
                },
                {
                    "type": "paragraph_text",
                    "content": "48 12"
                },
                {
                    "type": "paragraph_text",
                    "content": "Therefore, P(F) = \uf03d"
                },
                {
                    "type": "paragraph_text",
                    "content": "52 13"
                },
                {
                    "type": "paragraph_text",
                    "content": "Remark : Note that F is nothing but E. Therefore, we can also calculate P(F) as"
                },
                {
                    "type": "paragraph_text",
                    "content": "1 12"
                },
                {
                    "type": "paragraph_text",
                    "content": "follows: P(F) = P(E) = 1 \u2013 P(E) = 1\uf02d \uf03d \uf0d7"
                },
                {
                    "type": "paragraph_text",
                    "content": "13 13"
                },
                {
                    "type": "paragraph_text",
                    "content": "Example 5 : Two players, Sangeeta and Reshma, play a tennis match. It is known"
                },
                {
                    "type": "paragraph_text",
                    "content": "that the probability of Sangeeta winning the match is 0.62. What is the probability of"
                },
                {
                    "type": "paragraph_text",
                    "content": "Reshma winning the match?"
                },
                {
                    "type": "paragraph_text",
                    "content": "Solution : Let S and R denote the events that Sangeeta wins the match and Reshma"
                },
                {
                    "type": "paragraph_text",
                    "content": "wins the match, respectively."
                },
                {
                    "type": "paragraph_text",
                    "content": "The probability of Sangeeta\u2019s winning = P(S) = 0.62 (given)"
                },
                {
                    "type": "paragraph_text",
                    "content": "The probability of Reshma\u2019s winning = P(R) = 1 \u2013 P(S)"
                },
                {
                    "type": "paragraph_text",
                    "content": "[As the events R and S are complementary]"
                },
                {
                    "type": "paragraph_text",
                    "content": "= 1 \u2013 0.62 = 0.38"
                },
                {
                    "type": "paragraph_text",
                    "content": "Example 6 : Savita and Hamida are friends. What is the probability that both will"
                },
                {
                    "type": "paragraph_text",
                    "content": "have (i) different birthdays? (ii) the same birthday? (ignoring a leap year)."
                },
                {
                    "type": "paragraph_text",
                    "content": "Solution : Out of the two friends, one girl, say, Savita\u2019s birthday can be any day of the"
                },
                {
                    "type": "paragraph_text",
                    "content": "year. Now, Hamida\u2019s birthday can also be any day of 365 days in the year."
                },
                {
                    "type": "paragraph_text",
                    "content": "We assume that these 365 outcomes are equally likely."
                },
                {
                    "type": "paragraph_text",
                    "content": "(i) If Hamida\u2019s birthday is different from Savita\u2019s, the number of favourable outcomes"
                },
                {
                    "type": "paragraph_text",
                    "content": "for her birthday is 365 \u2013 1 = 364"
                },
                {
                    "type": "paragraph_text",
                    "content": "364"
                },
                {
                    "type": "paragraph_text",
                    "content": "So, P (Hamida\u2019s birthday is different from Savita\u2019s birthday) ="
                },
                {
                    "type": "paragraph_text",
                    "content": "365"
                },
                {
                    "type": "paragraph_text",
                    "content": "(ii) P(Savita and Hamida have the same birthday)"
                },
                {
                    "type": "paragraph_text",
                    "content": "= 1 \u2013 P (both have different birthdays)"
                },
                {
                    "type": "paragraph_text",
                    "content": "364"
                },
                {
                    "type": "paragraph_text",
                    "content": "= 1\uf02d [Using P(E) = 1 \u2013 P(E)]"
                },
                {
                    "type": "paragraph_text",
                    "content": "365"
                },
                {
                    "type": "paragraph_text",
                    "content": "1"
                },
                {
                    "type": "paragraph_text",
                    "content": "="
                },
                {
                    "type": "paragraph_text",
                    "content": "365"
                },
                {
                    "type": "paragraph_text",
                    "content": "Reprint 2025-26"
                },
                {
                    "type": "paragraph_text",
                    "content": "PROBABILITY 209"
                },
                {
                    "type": "paragraph_text",
                    "content": "Example 7 : There are 40 students in Class X of a school of whom 25 are girls and 15"
                },
                {
                    "type": "paragraph_text",
                    "content": "are boys. The class teacher has to select one student as a class representative. She"
                },
                {
                    "type": "paragraph_text",
                    "content": "writes the name of each student on a separate card, the cards being identical. Then"
                },
                {
                    "type": "paragraph_text",
                    "content": "she puts cards in a bag and stirs them thoroughly. She then draws one card from the"
                },
                {
                    "type": "paragraph_text",
                    "content": "bag. What is the probability that the name written on the card is the name of (i) a girl?"
                },
                {
                    "type": "paragraph_text",
                    "content": "(ii) a boy?"
                },
                {
                    "type": "paragraph_text",
                    "content": "Solution : There are 40 students, and only one name card has to be chosen."
                },
                {
                    "type": "paragraph_text",
                    "content": "(i) The number of all possible outcomes is 40"
                },
                {
                    "type": "paragraph_text",
                    "content": "The number of outcomes favourable for a card with the name of a girl = 25 (Why?)"
                },
                {
                    "type": "paragraph_text",
                    "content": "25 5"
                },
                {
                    "type": "paragraph_text",
                    "content": "Therefore, P (card with name of a girl) = P(Girl) = \uf03d"
                },
                {
                    "type": "paragraph_text",
                    "content": "40 8"
                },
                {
                    "type": "paragraph_text",
                    "content": "(ii) The number of outcomes favourable for a card with the name of a boy = 15 (Why?)"
                },
                {
                    "type": "paragraph_text",
                    "content": "15 3"
                },
                {
                    "type": "paragraph_text",
                    "content": "Therefore, P(card with name of a boy) = P(Boy) = \uf03d"
                },
                {
                    "type": "paragraph_text",
                    "content": "40 8"
                },
                {
                    "type": "paragraph_text",
                    "content": "Note : We can also determine P(Boy), by taking"
                },
                {
                    "type": "paragraph_text",
                    "content": "5 3"
                },
                {
                    "type": "paragraph_text",
                    "content": "P(Boy) = 1 \u2013 P(not Boy) = 1 \u2013 P(Girl) = 1\uf02d \uf03d"
                },
                {
                    "type": "paragraph_text",
                    "content": "8 8"
                },
                {
                    "type": "paragraph_text",
                    "content": "Example 8 : A box contains 3 blue, 2 white, and 4 red marbles. If a marble is drawn"
                },
                {
                    "type": "paragraph_text",
                    "content": "at random from the box, what is the probability that it will be"
                },
                {
                    "type": "paragraph_text",
                    "content": "(i) white? (ii) blue? (iii) red?"
                },
                {
                    "type": "paragraph_text",
                    "content": "Solution : Saying that a marble is drawn at random is a short way of saying that all the"
                },
                {
                    "type": "paragraph_text",
                    "content": "marbles are equally likely to be drawn. Therefore, the"
                },
                {
                    "type": "paragraph_text",
                    "content": "number of possible outcomes = 3 +2 + 4 = 9 (Why?)"
                },
                {
                    "type": "paragraph_text",
                    "content": "Let W denote the event \u2018the marble is white\u2019, B denote the event \u2018the marble is blue\u2019"
                },
                {
                    "type": "paragraph_text",
                    "content": "and R denote the event \u2018marble is red\u2019."
                },
                {
                    "type": "paragraph_text",
                    "content": "(i) The number of outcomes favourable to the event W = 2"
                },
                {
                    "type": "paragraph_text",
                    "content": "2"
                },
                {
                    "type": "paragraph_text",
                    "content": "So, P(W) ="
                },
                {
                    "type": "paragraph_text",
                    "content": "9"
                },
                {
                    "type": "paragraph_text",
                    "content": "3 1 4"
                },
                {
                    "type": "paragraph_text",
                    "content": "Similarly, (ii) P(B) = = and (iii) P(R) ="
                },
                {
                    "type": "paragraph_text",
                    "content": "9 3 9"
                },
                {
                    "type": "paragraph_text",
                    "content": "Note that P(W) + P(B) + P(R) = 1."
                },
                {
                    "type": "paragraph_text",
                    "content": "Reprint 2025-26"
                },
                {
                    "type": "paragraph_text",
                    "content": "210 MATHEMATICS"
                },
                {
                    "type": "paragraph_text",
                    "content": "Example 9 : Harpreet tosses two different coins simultaneously (say, one is of ` 1"
                },
                {
                    "type": "paragraph_text",
                    "content": "and other of ` 2). What is the probability that she gets at least one head?"
                },
                {
                    "type": "paragraph_text",
                    "content": "Solution : We write H for \u2018head\u2019 and T for \u2018tail\u2019. When two coins are tossed"
                },
                {
                    "type": "paragraph_text",
                    "content": "simultaneously, the possible outcomes are (H, H), (H, T), (T, H), (T, T), which are all"
                },
                {
                    "type": "paragraph_text",
                    "content": "equally likely. Here (H, H) means head up on the first coin (say on ` 1) and head up"
                },
                {
                    "type": "paragraph_text",
                    "content": "on the second coin (` 2). Similarly (H, T) means head up on the first coin and tail up on"
                },
                {
                    "type": "paragraph_text",
                    "content": "the second coin and so on."
                },
                {
                    "type": "paragraph_text",
                    "content": "The outcomes favourable to the event E, \u2018at least one head\u2019 are (H, H), (H, T)"
                },
                {
                    "type": "paragraph_text",
                    "content": "and (T, H). (Why?)"
                },
                {
                    "type": "paragraph_text",
                    "content": "So, the number of outcomes favourable to E is 3."
                },
                {
                    "type": "paragraph_text",
                    "content": "3"
                },
                {
                    "type": "paragraph_text",
                    "content": "Therefore, P(E) ="
                },
                {
                    "type": "paragraph_text",
                    "content": "4"
                },
                {
                    "type": "paragraph_text",
                    "content": "3"
                },
                {
                    "type": "paragraph_text",
                    "content": "i.e., the probability that Harpreet gets at least one head is \uf0d7"
                },
                {
                    "type": "paragraph_text",
                    "content": "4"
                },
                {
                    "type": "paragraph_text",
                    "content": "Note : You can also find P(E) as follows:"
                },
                {
                    "type": "paragraph_text",
                    "content": "1 3 \uf0e6 1\uf0f6"
                },
                {
                    "type": "paragraph_text",
                    "content": "P (E) = 1\u2013 P(E) =1\u2013 \uf03d \uf0e7Since P(E) = P(no head) = \uf0f7"
                },
                {
                    "type": "paragraph_text",
                    "content": "4 4 \uf0e8 4\uf0f8"
                },
                {
                    "type": "paragraph_text",
                    "content": "Did you observe that in all the examples discussed so far, the number of possible"
                },
                {
                    "type": "paragraph_text",
                    "content": "outcomes in each experiment was finite? If not, check it now."
                },
                {
                    "type": "paragraph_text",
                    "content": "There are many experiments in which the outcome is any number between two"
                },
                {
                    "type": "paragraph_text",
                    "content": "given numbers, or in which the outcome is every point within a circle or rectangle, etc."
                },
                {
                    "type": "paragraph_text",
                    "content": "Can you now count the number of all possible outcomes? As you know, this is not"
                },
                {
                    "type": "paragraph_text",
                    "content": "possible since there are infinitely many numbers between two given numbers, or there"
                },
                {
                    "type": "paragraph_text",
                    "content": "are infinitely many points within a circle. So, the definition of (theoretical) probability"
                },
                {
                    "type": "paragraph_text",
                    "content": "which you have learnt so far cannot be applied in the present form. What is the way"
                },
                {
                    "type": "paragraph_text",
                    "content": "out? To answer this, let us consider the following example :"
                },
                {
                    "type": "paragraph_text",
                    "content": "Example 10* : In a musical chair game, the person playing the music has been"
                },
                {
                    "type": "paragraph_text",
                    "content": "advised to stop playing the music at any time within 2 minutes after she starts"
                },
                {
                    "type": "paragraph_text",
                    "content": "playing. What is the probability that the music will stop within the first half-minute"
                },
                {
                    "type": "paragraph_text",
                    "content": "after starting?"
                },
                {
                    "type": "paragraph_text",
                    "content": "Solution : Here the possible outcomes are all the numbers between 0 and 2. This is"
                },
                {
                    "type": "paragraph_text",
                    "content": "the portion of the number line from 0 to 2 (see Fig. 14.1)."
                },
                {
                    "type": "paragraph_text",
                    "content": "Fig. 14.1"
                },
                {
                    "type": "paragraph_text",
                    "content": "* Not from the examination point of view."
                },
                {
                    "type": "paragraph_text",
                    "content": "Reprint 2025-26"
                },
                {
                    "type": "paragraph_text",
                    "content": "PROBABILITY 211"
                },
                {
                    "type": "paragraph_text",
                    "content": "Let E be the event that \u2018the music is stopped within the first half-minute\u2019."
                },
                {
                    "type": "paragraph_text",
                    "content": "1"
                },
                {
                    "type": "paragraph_text",
                    "content": "The outcomes favourable to E are points on the number line from 0 to ."
                },
                {
                    "type": "paragraph_text",
                    "content": "2"
                },
                {
                    "type": "paragraph_text",
                    "content": "1 1"
                },
                {
                    "type": "paragraph_text",
                    "content": "The distance from 0 to 2 is 2, while the distance from 0 to is ."
                },
                {
                    "type": "paragraph_text",
                    "content": "2 2"
                },
                {
                    "type": "paragraph_text",
                    "content": "Since all the outcomes are equally likely, we can argue that, of the total distance"
                },
                {
                    "type": "paragraph_text",
                    "content": "1"
                },
                {
                    "type": "paragraph_text",
                    "content": "of 2, the distance favourable to the event E is ."
                },
                {
                    "type": "paragraph_text",
                    "content": "2"
                },
                {
                    "type": "paragraph_text",
                    "content": "1"
                },
                {
                    "type": "paragraph_text",
                    "content": "Distancefavourable to theevent E 2 1"
                },
                {
                    "type": "paragraph_text",
                    "content": "So, P(E) = = \uf03d"
                },
                {
                    "type": "paragraph_text",
                    "content": "Totaldistancein which outcomescan lie 2 4"
                },
                {
                    "type": "paragraph_text",
                    "content": "Can we now extend the idea of Example 10 for finding the probability as the ratio of"
                },
                {
                    "type": "paragraph_text",
                    "content": "the favourable area to the total area?"
                },
                {
                    "type": "paragraph_text",
                    "content": "Example 11* : A missing helicopter is reported to have crashed somewhere in the"
                },
                {
                    "type": "paragraph_text",
                    "content": "rectangular region shown in Fig. 14.2. What is the probability that it crashed inside the"
                },
                {
                    "type": "paragraph_text",
                    "content": "lake shown in the figure?"
                },
                {
                    "type": "paragraph_text",
                    "content": "Fig. 14.2"
                },
                {
                    "type": "paragraph_text",
                    "content": "Solution : The helicopter is equally likely to crash anywhere in the region."
                },
                {
                    "type": "paragraph_text",
                    "content": "Area of the entire region where the helicopter can crash"
                },
                {
                    "type": "paragraph_text",
                    "content": "= (4.5 \u00d7 9) km2 = 40.5 km2"
                },
                {
                    "type": "paragraph_text",
                    "content": "* Not from the examination point of view."
                },
                {
                    "type": "paragraph_text",
                    "content": "Reprint 2025-26"
                },
                {
                    "type": "paragraph_text",
                    "content": "212 MATHEMATICS"
                },
                {
                    "type": "paragraph_text",
                    "content": "Area of the lake = (2.5 \u00d7 3) km2 = 7.5 km2"
                },
                {
                    "type": "paragraph_text",
                    "content": "7.5 \uf0375 \uf035"
                },
                {
                    "type": "paragraph_text",
                    "content": "Therefore, P (helicopter crashed in the lake) = \uf03d \uf03d"
                },
                {
                    "type": "paragraph_text",
                    "content": "40.5 405 27"
                },
                {
                    "type": "paragraph_text",
                    "content": "Example 12 : A carton consists of 100 shirts of which 88 are good, 8 have minor"
                },
                {
                    "type": "paragraph_text",
                    "content": "defects and 4 have major defects. Jimmy, a trader, will only accept the shirts which"
                },
                {
                    "type": "paragraph_text",
                    "content": "are good, but Sujatha, another trader, will only reject the shirts which have major"
                },
                {
                    "type": "paragraph_text",
                    "content": "defects. One shirt is drawn at random from the carton. What is the probability that"
                },
                {
                    "type": "paragraph_text",
                    "content": "(i) it is acceptable to Jimmy?"
                },
                {
                    "type": "paragraph_text",
                    "content": "(ii) it is acceptable to Sujatha?"
                },
                {
                    "type": "paragraph_text",
                    "content": "Solution : One shirt is drawn at random from the carton of 100 shirts. Therefore,"
                },
                {
                    "type": "paragraph_text",
                    "content": "there are 100 equally likely outcomes."
                },
                {
                    "type": "paragraph_text",
                    "content": "(i) The number of outcomes favourable (i.e., acceptable) to Jimmy = 88 (Why?)"
                },
                {
                    "type": "paragraph_text",
                    "content": "88"
                },
                {
                    "type": "paragraph_text",
                    "content": "Therefore, P (shirt is acceptable to Jimmy) = \uf03d 0.88"
                },
                {
                    "type": "paragraph_text",
                    "content": "100"
                },
                {
                    "type": "paragraph_text",
                    "content": "(ii) The number of outcomes favourable to Sujatha = 88 + 8 = 96 (Why?)"
                },
                {
                    "type": "paragraph_text",
                    "content": "96"
                },
                {
                    "type": "paragraph_text",
                    "content": "So, P (shirt is acceptable to Sujatha) = \uf03d 0.96"
                },
                {
                    "type": "paragraph_text",
                    "content": "100"
                },
                {
                    "type": "paragraph_text",
                    "content": "Example 13 : Two dice, one blue and one grey, are thrown at the same time. Write"
                },
                {
                    "type": "paragraph_text",
                    "content": "down all the possible outcomes. What is the probability that the sum of the two numbers"
                },
                {
                    "type": "paragraph_text",
                    "content": "appearing on the top of the dice is"
                },
                {
                    "type": "paragraph_text",
                    "content": "(i) 8? (ii) 13? (iii) less than or equal to 12?"
                },
                {
                    "type": "paragraph_text",
                    "content": "Solution : When the blue die shows \u20181\u2019, the grey die could show any one of the"
                },
                {
                    "type": "paragraph_text",
                    "content": "numbers 1, 2, 3, 4, 5, 6. The same is true when the blue die shows \u20182\u2019, \u20183\u2019, \u20184\u2019, \u20185\u2019 or"
                },
                {
                    "type": "paragraph_text",
                    "content": "\u20186\u2019. The possible outcomes of the experiment are listed in the table below; the first"
                },
                {
                    "type": "paragraph_text",
                    "content": "number in each ordered pair is the number appearing on the blue die and the second"
                },
                {
                    "type": "paragraph_text",
                    "content": "number is that on the grey die."
                },
                {
                    "type": "paragraph_text",
                    "content": "Reprint 2025-26"
                },
                {
                    "type": "paragraph_text",
                    "content": "PROBABILITY 213"
                },
                {
                    "type": "paragraph_text",
                    "content": "1 2 3 4 5 6"
                },
                {
                    "type": "paragraph_text",
                    "content": "1 (1, 1) (1, 2) (1, 3) (1, 4) (1, 5) (1, 6)"
                },
                {
                    "type": "paragraph_text",
                    "content": "2 (2, 1) (2, 2) (2, 3) (2, 4) (2, 5) (2, 6)"
                },
                {
                    "type": "paragraph_text",
                    "content": "3 (3, 1) (3, 2) (3, 3) (3, 4) (3, 5) (3, 6)"
                },
                {
                    "type": "paragraph_text",
                    "content": "4 (4, 1) (4, 2) (4, 3) (4, 4) (4, 5) (4, 6)"
                },
                {
                    "type": "paragraph_text",
                    "content": "5 (5, 1) (5, 2) (5, 3) (5, 4) (5, 5) (5, 6)"
                },
                {
                    "type": "paragraph_text",
                    "content": "6 (6, 1) (6, 2) (6, 3) (6, 4) (6, 5) (6, 6)"
                },
                {
                    "type": "paragraph_text",
                    "content": "Fig. 14.3"
                },
                {
                    "type": "paragraph_text",
                    "content": "Note that the pair (1, 4) is different from (4, 1). (Why?)"
                },
                {
                    "type": "paragraph_text",
                    "content": "So, the number of possible outcomes = 6 \u00d7 6 = 36."
                },
                {
                    "type": "paragraph_text",
                    "content": "(i) The outcomes favourable to the event \u2018the sum of the two numbers is 8\u2019 denoted"
                },
                {
                    "type": "paragraph_text",
                    "content": "by E, are: (2, 6), (3, 5), (4, 4), (5, 3), (6, 2) (see Fig. 14.3)"
                },
                {
                    "type": "paragraph_text",
                    "content": "i.e., the number of outcomes favourable to E = 5."
                },
                {
                    "type": "paragraph_text",
                    "content": "5"
                },
                {
                    "type": "paragraph_text",
                    "content": "Hence, P(E) ="
                },
                {
                    "type": "paragraph_text",
                    "content": "36"
                },
                {
                    "type": "paragraph_text",
                    "content": "(ii) As you can see from Fig. 14.3, there is no outcome favourable to the event F,"
                },
                {
                    "type": "paragraph_text",
                    "content": "\u2018the sum of two numbers is 13\u2019."
                },
                {
                    "type": "paragraph_text",
                    "content": "0"
                },
                {
                    "type": "paragraph_text",
                    "content": "So, P(F) ="
                },
                {
                    "type": "paragraph_text",
                    "content": "\uf03d0"
                },
                {
                    "type": "paragraph_text",
                    "content": "36"
                },
                {
                    "type": "paragraph_text",
                    "content": "(iii) As you can see from Fig. 14.3, all the outcomes are favourable to the event G,"
                },
                {
                    "type": "paragraph_text",
                    "content": "\u2018sum of two numbers \u00a3 12\u2019."
                },
                {
                    "type": "paragraph_text",
                    "content": "36"
                },
                {
                    "type": "paragraph_text",
                    "content": "So, P(G) ="
                },
                {
                    "type": "paragraph_text",
                    "content": "\uf03d1"
                },
                {
                    "type": "paragraph_text",
                    "content": "36"
                },
                {
                    "type": "paragraph_text",
                    "content": "Reprint 2025-26"
                },
                {
                    "type": "paragraph_text",
                    "content": "214 MATHEMATICS"
                },
                {
                    "type": "paragraph_text",
                    "content": "EXERCISE 14.1"
                },
                {
                    "type": "paragraph_text",
                    "content": "1. Complete the following statements:"
                },
                {
                    "type": "paragraph_text",
                    "content": "(i) Probability of an event E + Probability of the event \u2018not E\u2019 = ."
                },
                {
                    "type": "paragraph_text",
                    "content": "(ii) The probability of an event that cannot happen is . Such an event is"
                },
                {
                    "type": "paragraph_text",
                    "content": "called ."
                },
                {
                    "type": "paragraph_text",
                    "content": "(iii) The probability of an event that is certain to happen is . Such an event"
                },
                {
                    "type": "paragraph_text",
                    "content": "is called ."
                },
                {
                    "type": "paragraph_text",
                    "content": "(iv) The sum of the probabilities of all the elementary events of an experiment is"
                },
                {
                    "type": "paragraph_text",
                    "content": "."
                },
                {
                    "type": "paragraph_text",
                    "content": "(v) The probability of an event is greater than or equal to and less than or"
                },
                {
                    "type": "paragraph_text",
                    "content": "equal to ."
                },
                {
                    "type": "paragraph_text",
                    "content": "2. Which of the following experiments have equally likely outcomes? Explain."
                },
                {
                    "type": "paragraph_text",
                    "content": "(i) A driver attempts to start a car. The car starts or does not start."
                },
                {
                    "type": "paragraph_text",
                    "content": "(ii) A player attempts to shoot a basketball. She/he shoots or misses the shot."
                },
                {
                    "type": "paragraph_text",
                    "content": "(iii) A trial is made to answer a true-false question. The answer is right or wrong."
                },
                {
                    "type": "paragraph_text",
                    "content": "(iv) A baby is born. It is a boy or a girl."
                },
                {
                    "type": "paragraph_text",
                    "content": "3. Why is tossing a coin considered to be a fair way of deciding which team should get the"
                },
                {
                    "type": "paragraph_text",
                    "content": "ball at the beginning of a football game?"
                },
                {
                    "type": "paragraph_text",
                    "content": "4. Which of the following cannot be the probability of an event?"
                },
                {
                    "type": "paragraph_text",
                    "content": "2"
                },
                {
                    "type": "paragraph_text",
                    "content": "(A) (B) \u20131.5 (C) 15% (D) 0.7"
                },
                {
                    "type": "paragraph_text",
                    "content": "3"
                },
                {
                    "type": "paragraph_text",
                    "content": "5. If P(E) = 0.05, what is the probability of \u2018not E\u2019?"
                },
                {
                    "type": "paragraph_text",
                    "content": "6. A bag contains lemon flavoured candies only. Malini takes out one candy without"
                },
                {
                    "type": "paragraph_text",
                    "content": "looking into the bag. What is the probability that she takes out"
                },
                {
                    "type": "paragraph_text",
                    "content": "(i) an orange flavoured candy?"
                },
                {
                    "type": "paragraph_text",
                    "content": "(ii) a lemon flavoured candy?"
                },
                {
                    "type": "paragraph_text",
                    "content": "7. It is given that in a group of 3 students, the probability of 2 students not having the"
                },
                {
                    "type": "paragraph_text",
                    "content": "same birthday is 0.992. What is the probability that the 2 students have the same"
                },
                {
                    "type": "paragraph_text",
                    "content": "birthday?"
                },
                {
                    "type": "paragraph_text",
                    "content": "8. A bag contains 3 red balls and 5 black balls. A ball is drawn at random from the bag."
                },
                {
                    "type": "paragraph_text",
                    "content": "What is the probability that the ball drawn is (i) red ? (ii) not red?"
                },
                {
                    "type": "paragraph_text",
                    "content": "9. A box contains 5 red marbles, 8 white marbles and 4 green marbles. One marble is taken"
                },
                {
                    "type": "paragraph_text",
                    "content": "out of the box at random. What is the probability that the marble taken out will be"
                },
                {
                    "type": "paragraph_text",
                    "content": "(i) red ? (ii) white ? (iii) not green?"
                },
                {
                    "type": "paragraph_text",
                    "content": "Reprint 2025-26"
                },
                {
                    "type": "paragraph_text",
                    "content": "PROBABILITY 215"
                },
                {
                    "type": "paragraph_text",
                    "content": "10. A piggy bank contains hundred 50p coins, fifty ` 1 coins, twenty ` 2 coins and ten ` 5"
                },
                {
                    "type": "paragraph_text",
                    "content": "coins. If it is equally likely that one of the coins will fall out when the bank is turned"
                },
                {
                    "type": "paragraph_text",
                    "content": "upside down, what is the probability that the coin (i) will be a 50 p coin ? (ii) will not be"
                },
                {
                    "type": "paragraph_text",
                    "content": "a ` 5 coin?"
                },
                {
                    "type": "paragraph_text",
                    "content": "11. Gopi buys a fish from a shop for his aquarium. The"
                },
                {
                    "type": "paragraph_text",
                    "content": "shopkeeper takes out one fish at random from a"
                },
                {
                    "type": "paragraph_text",
                    "content": "tank containing 5 male fish and 8 female fish (see"
                },
                {
                    "type": "paragraph_text",
                    "content": "Fig. 14.4). What is the probability that the fish taken"
                },
                {
                    "type": "paragraph_text",
                    "content": "out is a male fish?"
                },
                {
                    "type": "paragraph_text",
                    "content": "12. A game of chance consists of spinning an arrow"
                },
                {
                    "type": "paragraph_text",
                    "content": "which comes to rest pointing at one of the numbers Fig. 14.4"
                },
                {
                    "type": "paragraph_text",
                    "content": "1, 2, 3, 4, 5, 6, 7, 8 (see Fig. 14.5 ), and these are equally"
                },
                {
                    "type": "paragraph_text",
                    "content": "likely outcomes. What is the probability that it will"
                },
                {
                    "type": "paragraph_text",
                    "content": "point at"
                },
                {
                    "type": "paragraph_text",
                    "content": "(i) 8 ?"
                },
                {
                    "type": "paragraph_text",
                    "content": "(ii) an odd number?"
                },
                {
                    "type": "paragraph_text",
                    "content": "(iii) a number greater than 2?"
                },
                {
                    "type": "paragraph_text",
                    "content": "(iv) a number less than 9?"
                },
                {
                    "type": "paragraph_text",
                    "content": "Fig. 14.5"
                },
                {
                    "type": "paragraph_text",
                    "content": "13. A die is thrown once. Find the probability of getting"
                },
                {
                    "type": "paragraph_text",
                    "content": "(i) a prime number; (ii) a number lying between 2 and 6; (iii) an odd number."
                },
                {
                    "type": "paragraph_text",
                    "content": "14. One card is drawn from a well-shuffled deck of 52 cards. Find the probability of getting"
                },
                {
                    "type": "paragraph_text",
                    "content": "(i) a king of red colour (ii) a face card (iii)a red face card"
                },
                {
                    "type": "paragraph_text",
                    "content": "(iv) the jack of hearts (v) a spade (vi)the queen of diamonds"
                },
                {
                    "type": "paragraph_text",
                    "content": "15. Five cards\u2014the ten, jack, queen, king and ace of diamonds, are well-shuffled with their"
                },
                {
                    "type": "paragraph_text",
                    "content": "face downwards. One card is then picked up at random."
                },
                {
                    "type": "paragraph_text",
                    "content": "(i) What is the probability that the card is the queen?"
                },
                {
                    "type": "paragraph_text",
                    "content": "(ii) If the queen is drawn and put aside, what is the probability that the second card"
                },
                {
                    "type": "paragraph_text",
                    "content": "picked up is (a) an ace? (b) a queen?"
                },
                {
                    "type": "paragraph_text",
                    "content": "16. 12 defective pens are accidentally mixed with 132 good ones. It is not possible to just"
                },
                {
                    "type": "paragraph_text",
                    "content": "look at a pen and tell whether or not it is defective. One pen is taken out at random from"
                },
                {
                    "type": "paragraph_text",
                    "content": "this lot. Determine the probability that the pen taken out is a good one."
                },
                {
                    "type": "paragraph_text",
                    "content": "17. (i) A lot of 20 bulbs contain 4 defective ones. One bulb is drawn at random from the lot."
                },
                {
                    "type": "paragraph_text",
                    "content": "What is the probability that this bulb is defective?"
                },
                {
                    "type": "paragraph_text",
                    "content": "(ii) Suppose the bulb drawn in (i) is not defective and is not replaced. Now one bulb"
                },
                {
                    "type": "paragraph_text",
                    "content": "is drawn at random from the rest. What is the probability that this bulb is not"
                },
                {
                    "type": "paragraph_text",
                    "content": "defective ?"
                },
                {
                    "type": "paragraph_text",
                    "content": "18. A box contains 90 discs which are numbered from 1 to 90. If one disc is drawn at random"
                },
                {
                    "type": "paragraph_text",
                    "content": "from the box, find the probability that it bears (i) a two-digit number (ii) a perfect"
                },
                {
                    "type": "paragraph_text",
                    "content": "square number (iii) a number divisible by 5."
                },
                {
                    "type": "paragraph_text",
                    "content": "Reprint 2025-26"
                },
                {
                    "type": "table",
                    "content": [
                        [
                            "Event :\n\u2018Sum on 2 dice\u2019",
                            "2",
                            "3",
                            "4",
                            "5",
                            "6",
                            "7",
                            "8",
                            "9",
                            "10",
                            "11",
                            "12"
                        ],
                        [
                            "Probability",
                            "1\n36",
                            "",
                            "",
                            "",
                            "",
                            "",
                            "5\n36",
                            "",
                            "",
                            "",
                            "1\n36"
                        ]
                    ]
                },
                {
                    "type": "paragraph_text",
                    "content": "216 MATHEMATICS"
                },
                {
                    "type": "paragraph_text",
                    "content": "19. A child has a die whose six faces show the letters as given below:"
                },
                {
                    "type": "paragraph_text",
                    "content": "A B C D E A"
                },
                {
                    "type": "paragraph_text",
                    "content": "The die is thrown once. What is the probability of getting (i) A? (ii) D?"
                },
                {
                    "type": "paragraph_text",
                    "content": "20*. Suppose you drop a die at random on the rectangular region shown in Fig. 14.6. What is"
                },
                {
                    "type": "paragraph_text",
                    "content": "the probability that it will land inside the circle with diameter 1m?"
                },
                {
                    "type": "paragraph_text",
                    "content": "3 m"
                },
                {
                    "type": "paragraph_text",
                    "content": "2 m"
                },
                {
                    "type": "paragraph_text",
                    "content": "Fig. 14.6"
                },
                {
                    "type": "paragraph_text",
                    "content": "21. A lot consists of 144 ball pens of which 20 are defective and the others are good. Nuri"
                },
                {
                    "type": "paragraph_text",
                    "content": "will buy a pen if it is good, but will not buy if it is defective. The shopkeeper draws one"
                },
                {
                    "type": "paragraph_text",
                    "content": "pen at random and gives it to her. What is the probability that"
                },
                {
                    "type": "paragraph_text",
                    "content": "(i) She will buy it ?"
                },
                {
                    "type": "paragraph_text",
                    "content": "(ii) She will not buy it ?"
                },
                {
                    "type": "paragraph_text",
                    "content": "22. Refer to Example 13. (i) Complete the following table:"
                },
                {
                    "type": "paragraph_text",
                    "content": "Event :"
                },
                {
                    "type": "paragraph_text",
                    "content": "\u2018Sum on 2 dice\u2019 2 3 4 5 6 7 8 9 10 11 12"
                },
                {
                    "type": "paragraph_text",
                    "content": "1 5 1"
                },
                {
                    "type": "paragraph_text",
                    "content": "Probability"
                },
                {
                    "type": "paragraph_text",
                    "content": "36 36 36"
                },
                {
                    "type": "paragraph_text",
                    "content": "(ii) A student argues that \u2018there are 11 possible outcomes 2, 3, 4, 5, 6, 7, 8, 9, 10, 11 and"
                },
                {
                    "type": "paragraph_text",
                    "content": "1"
                },
                {
                    "type": "paragraph_text",
                    "content": "12. Therefore, each of them has a probability . Do you agree with this argument?"
                },
                {
                    "type": "paragraph_text",
                    "content": "11"
                },
                {
                    "type": "paragraph_text",
                    "content": "Justify your answer."
                },
                {
                    "type": "paragraph_text",
                    "content": "23. A game consists of tossing a one rupee coin 3 times and noting its outcome each time."
                },
                {
                    "type": "paragraph_text",
                    "content": "Hanif wins if all the tosses give the same result i.e., three heads or three tails, and loses"
                },
                {
                    "type": "paragraph_text",
                    "content": "otherwise. Calculate the probability that Hanif will lose the game."
                },
                {
                    "type": "paragraph_text",
                    "content": "24. A die is thrown twice. What is the probability that"
                },
                {
                    "type": "paragraph_text",
                    "content": "(i) 5 will not come up either time? (ii) 5 will come up at least once?"
                },
                {
                    "type": "paragraph_text",
                    "content": "[Hint : Throwing a die twice and throwing two dice simultaneously are treated as the"
                },
                {
                    "type": "paragraph_text",
                    "content": "same experiment]"
                },
                {
                    "type": "paragraph_text",
                    "content": "*Not from the examination point of view."
                },
                {
                    "type": "paragraph_text",
                    "content": "Reprint 2025-26"
                },
                {
                    "type": "table",
                    "content": [
                        [
                            "A N R\nOTETOTHE EADER\nThe experimental or empirical probability of an eve\nwhat has actually happened while the theoretical pro\nevent attempts to predict what will happen on the b\nassumptions. As the number of trials in an expe\nincreasing we may expect the experimental an\nprobabilities to be nearly the same.",
                            null
                        ],
                        [
                            null,
                            "A N R\nOTETOTHE EADER\ntal or empirical probability of an eve\nlly happened while the theoretical pro\nto predict what will happen on the b\nAs the number of trials in an expe\nmay expect the experimental an\nbe nearly the same."
                        ]
                    ]
                },
                {
                    "type": "paragraph_text",
                    "content": "PROBABILITY 217"
                },
                {
                    "type": "paragraph_text",
                    "content": "25. Which of the following arguments are correct and which are not correct? Give reasons"
                },
                {
                    "type": "paragraph_text",
                    "content": "for your answer."
                },
                {
                    "type": "paragraph_text",
                    "content": "(i) If two coins are tossed simultaneously there are three possible outcomes\u2014two"
                },
                {
                    "type": "paragraph_text",
                    "content": "heads, two tails or one of each. Therefore, for each of these outcomes, the"
                },
                {
                    "type": "paragraph_text",
                    "content": "1"
                },
                {
                    "type": "paragraph_text",
                    "content": "probability is \uf0d7"
                },
                {
                    "type": "paragraph_text",
                    "content": "3"
                },
                {
                    "type": "paragraph_text",
                    "content": "(ii) If a die is thrown, there are two possible outcomes\u2014an odd number or an even"
                },
                {
                    "type": "paragraph_text",
                    "content": "1"
                },
                {
                    "type": "paragraph_text",
                    "content": "number. Therefore, the probability of getting an odd number is ."
                },
                {
                    "type": "paragraph_text",
                    "content": "2"
                },
                {
                    "type": "paragraph_text",
                    "content": "14.2 Summary"
                },
                {
                    "type": "paragraph_text",
                    "content": "In this chapter, you have studied the following points :"
                },
                {
                    "type": "paragraph_text",
                    "content": "1. The theoretical (classical) probability of an event E, written as P(E), is defined as"
                },
                {
                    "type": "paragraph_text",
                    "content": "Number of outcomes favourable to E"
                },
                {
                    "type": "paragraph_text",
                    "content": "P (E) ="
                },
                {
                    "type": "paragraph_text",
                    "content": "Number of all possible outcomes of the experiment"
                },
                {
                    "type": "paragraph_text",
                    "content": "where we assume that the outcomes of the experiment are equally likely."
                },
                {
                    "type": "paragraph_text",
                    "content": "2. The probability of a sure event (or certain event) is 1."
                },
                {
                    "type": "paragraph_text",
                    "content": "3. The probability of an impossible event is 0."
                },
                {
                    "type": "paragraph_text",
                    "content": "4. The probability of an event E is a number P(E) such that"
                },
                {
                    "type": "paragraph_text",
                    "content": "0 \uf0a3 P (E) \uf0a3 1"
                },
                {
                    "type": "paragraph_text",
                    "content": "5. An event having only one outcome is called an elementary event. The sum of the"
                },
                {
                    "type": "paragraph_text",
                    "content": "probabilities of all the elementary events of an experiment is 1."
                },
                {
                    "type": "paragraph_text",
                    "content": "6. For any event E, P (E) + P (E) = 1, where E stands for \u2018not E\u2019. E and E are called"
                },
                {
                    "type": "paragraph_text",
                    "content": "complementary events."
                }
            ]
        },
        {
            "section_title": "A N R",
            "content_blocks": [
                {
                    "type": "paragraph_text",
                    "content": "OTETOTHE EADER"
                },
                {
                    "type": "paragraph_text",
                    "content": "The experimental or empirical probability of an event is based on"
                },
                {
                    "type": "paragraph_text",
                    "content": "what has actually happened while the theoretical probability of the"
                },
                {
                    "type": "paragraph_text",
                    "content": "event attempts to predict what will happen on the basis of certain"
                },
                {
                    "type": "paragraph_text",
                    "content": "assumptions. As the number of trials in an experiment, go on"
                },
                {
                    "type": "paragraph_text",
                    "content": "increasing we may expect the experimental and theoretical"
                },
                {
                    "type": "paragraph_text",
                    "content": "probabilities to be nearly the same."
                },
                {
                    "type": "paragraph_text",
                    "content": "Reprint 2025-26"
                }
            ]
        }
    ]
}