{
    "book": "Mathematics",
    "chapter": "ch2",
    "sections": [
        {
            "section_title": "Introduction",
            "content_blocks": [
                {
                    "type": "paragraph_text",
                    "content": "10 MATHEMATICS"
                }
            ]
        },
        {
            "section_title": "OLYNOMIALS",
            "content_blocks": [
                {
                    "type": "paragraph_text",
                    "content": "2.1 Introduction"
                },
                {
                    "type": "paragraph_text",
                    "content": "In Class IX, you have studied polynomials in one variable and their degrees. Recall"
                },
                {
                    "type": "paragraph_text",
                    "content": "that if p(x) is a polynomial in x, the highest power of x in p(x) is called the degree of"
                },
                {
                    "type": "paragraph_text",
                    "content": "the polynomial p(x). For example, 4x + 2 is a polynomial in the variable x of"
                },
                {
                    "type": "paragraph_text",
                    "content": "degree 1, 2y2 \u2013 3y + 4 is a polynomial in the variable y of degree 2, 5x3 \u2013 4x2 + x \u2013 2"
                },
                {
                    "type": "paragraph_text",
                    "content": "3"
                },
                {
                    "type": "paragraph_text",
                    "content": "is a polynomial in the variable x of degree 3 and 7u6 \u2013 u4\uf02b 4u2 \uf02b u \uf02d8 is a polynomial"
                },
                {
                    "type": "paragraph_text",
                    "content": "2"
                },
                {
                    "type": "paragraph_text",
                    "content": "1 1"
                },
                {
                    "type": "paragraph_text",
                    "content": "in the variable u of degree 6. Expressions like , x \uf02b 2, etc., are"
                },
                {
                    "type": "paragraph_text",
                    "content": "x \uf02d1 x2 \uf02b 2x \uf02b 3"
                },
                {
                    "type": "paragraph_text",
                    "content": "not polynomials."
                },
                {
                    "type": "paragraph_text",
                    "content": "A polynomial of degree 1 is called a linear polynomial. For example, 2x \u2013 3,"
                },
                {
                    "type": "paragraph_text",
                    "content": "2 2"
                },
                {
                    "type": "paragraph_text",
                    "content": "3x \uf02b 5, y\uf02b 2 , x \uf02d , 3z + 4, u \uf02b1, etc., are all linear polynomials. Polynomials"
                },
                {
                    "type": "paragraph_text",
                    "content": "11 3"
                },
                {
                    "type": "paragraph_text",
                    "content": "such as 2x + 5 \u2013 x2, x3 + 1, etc., are not linear polynomials."
                },
                {
                    "type": "paragraph_text",
                    "content": "A polynomial of degree 2 is called a quadratic polynomial. The name \u2018quadratic\u2019"
                },
                {
                    "type": "paragraph_text",
                    "content": "2"
                },
                {
                    "type": "paragraph_text",
                    "content": "has been derived from the word \u2018quadrate\u2019, which means \u2018square\u2019. 2x2\uf02b 3x \uf02d ,"
                },
                {
                    "type": "paragraph_text",
                    "content": "5"
                },
                {
                    "type": "paragraph_text",
                    "content": "u 2 1"
                },
                {
                    "type": "paragraph_text",
                    "content": "y2 \u2013 2, 2\uf02d x2\uf02b 3x, \uf02d 2u2\uf02b 5, 5v2 \uf02d v,4z2 \uf02b are some examples of"
                },
                {
                    "type": "paragraph_text",
                    "content": "3 3 7"
                },
                {
                    "type": "paragraph_text",
                    "content": "quadratic polynomials (whose coefficients are real numbers). More generally, any"
                },
                {
                    "type": "paragraph_text",
                    "content": "quadratic polynomial in x is of the form ax2 + bx + c, where a, b, c are real numbers"
                },
                {
                    "type": "paragraph_text",
                    "content": "and a \uf0b9 0. A polynomial of degree 3 is called a cubic polynomial. Some examples of"
                },
                {
                    "type": "paragraph_text",
                    "content": "Reprint 2025-26"
                },
                {
                    "type": "paragraph_text",
                    "content": "POLYNOMIALS 11"
                },
                {
                    "type": "paragraph_text",
                    "content": "a cubic polynomial are 2 \u2013 x3, x3, 2x3, 3 \u2013 x2 + x3, 3x3 \u2013 2x2 + x \u2013 1. In fact, the most"
                },
                {
                    "type": "paragraph_text",
                    "content": "general form of a cubic polynomial is"
                },
                {
                    "type": "paragraph_text",
                    "content": "ax3 + bx2 + cx + d,"
                },
                {
                    "type": "paragraph_text",
                    "content": "where, a, b, c, d are real numbers and a \uf0b9 0."
                },
                {
                    "type": "paragraph_text",
                    "content": "Now consider the polynomial p(x) = x2 \u2013 3x \u2013 4. Then, putting x = 2 in the"
                },
                {
                    "type": "paragraph_text",
                    "content": "polynomial, we get p(2) = 22 \u2013 3 \u00d7 2 \u2013 4 = \u2013 6. The value \u2018\u2013 6\u2019, obtained by replacing"
                },
                {
                    "type": "paragraph_text",
                    "content": "x by 2 in x2 \u2013 3x \u2013 4, is the value of x2 \u2013 3x \u2013 4 at x = 2. Similarly, p(0) is the value of"
                },
                {
                    "type": "paragraph_text",
                    "content": "p(x) at x = 0, which is \u2013 4."
                },
                {
                    "type": "paragraph_text",
                    "content": "If p(x) is a polynomial in x, and if k is any real number, then the value obtained by"
                },
                {
                    "type": "paragraph_text",
                    "content": "replacing x by k in p(x), is called the value of p(x) at x = k, and is denoted by p(k)."
                },
                {
                    "type": "paragraph_text",
                    "content": "What is the value of p(x) = x2 \u20133x \u2013 4 at x = \u20131? We have :"
                },
                {
                    "type": "paragraph_text",
                    "content": "p(\u20131) = (\u20131)2 \u2013{3 \u00d7 (\u20131)} \u2013 4 = 0"
                },
                {
                    "type": "paragraph_text",
                    "content": "Also, note that p(4) =42 \u2013 (3 \uf0b4 4) \u2013 4 = 0."
                },
                {
                    "type": "paragraph_text",
                    "content": "As p(\u20131) = 0 and p(4) = 0, \u20131 and 4 are called the zeroes of the quadratic"
                },
                {
                    "type": "paragraph_text",
                    "content": "polynomial x2 \u2013 3x \u2013 4. More generally, a real number k is said to be a zero of a"
                },
                {
                    "type": "paragraph_text",
                    "content": "polynomial p(x), if p(k) = 0."
                },
                {
                    "type": "paragraph_text",
                    "content": "You have already studied in Class IX, how to find the zeroes of a linear"
                },
                {
                    "type": "paragraph_text",
                    "content": "polynomial. For example, if k is a zero of p(x) = 2x + 3, then p(k) = 0 gives us"
                },
                {
                    "type": "paragraph_text",
                    "content": "3"
                },
                {
                    "type": "paragraph_text",
                    "content": "2k + 3 = 0, i.e., k = \uf02d \uf0d7"
                },
                {
                    "type": "paragraph_text",
                    "content": "2"
                },
                {
                    "type": "paragraph_text",
                    "content": "\uf02db"
                },
                {
                    "type": "paragraph_text",
                    "content": "In general, if k is a zero of p(x) = ax + b, then p(k) = ak + b = 0, i.e., k \uf03d \uf0d7"
                },
                {
                    "type": "paragraph_text",
                    "content": "a"
                },
                {
                    "type": "paragraph_text",
                    "content": "\uf02db \uf02d(Constant term)"
                },
                {
                    "type": "paragraph_text",
                    "content": "So, the zero of the linear polynomial ax + b is \uf03d ."
                },
                {
                    "type": "paragraph_text",
                    "content": "a Coefficient of x"
                },
                {
                    "type": "paragraph_text",
                    "content": "Thus, the zero of a linear polynomial is related to its coefficients. Does this"
                },
                {
                    "type": "paragraph_text",
                    "content": "happen in the case of other polynomials too? For example, are the zeroes of a quadratic"
                },
                {
                    "type": "paragraph_text",
                    "content": "polynomial also related to its coefficients?"
                },
                {
                    "type": "paragraph_text",
                    "content": "In this chapter, we will try to answer these questions. We will also study the"
                },
                {
                    "type": "paragraph_text",
                    "content": "division algorithm for polynomials."
                },
                {
                    "type": "paragraph_text",
                    "content": "2.2 Geometrical Meaning of the Zeroes of a Polynomial"
                },
                {
                    "type": "paragraph_text",
                    "content": "You know that a real number k is a zero of the polynomial p(x) if p(k) = 0. But why"
                },
                {
                    "type": "paragraph_text",
                    "content": "are the zeroes of a polynomial so important? To answer this, first we will see the"
                },
                {
                    "type": "paragraph_text",
                    "content": "geometrical representations of linear and quadratic polynomials and the geometrical"
                },
                {
                    "type": "paragraph_text",
                    "content": "meaning of their zeroes."
                },
                {
                    "type": "paragraph_text",
                    "content": "Reprint 2025-26"
                },
                {
                    "type": "paragraph_text",
                    "content": "12 MATHEMATICS"
                },
                {
                    "type": "paragraph_text",
                    "content": "Consider first a linear polynomial ax + b, a \uf0b9 0. You have studied in Class IX that the"
                },
                {
                    "type": "paragraph_text",
                    "content": "graph of y = ax + b is a straight line. For example, the graph of y = 2x + 3 is a straight"
                },
                {
                    "type": "paragraph_text",
                    "content": "line passing through the points (\u2013 2, \u20131) and (2, 7)."
                },
                {
                    "type": "paragraph_text",
                    "content": "x \u20132 2"
                },
                {
                    "type": "paragraph_text",
                    "content": "y = 2x + 3 \u20131 7"
                },
                {
                    "type": "paragraph_text",
                    "content": "From Fig. 2.1, you can see"
                },
                {
                    "type": "paragraph_text",
                    "content": "that the graph of y = 2x + 3"
                },
                {
                    "type": "paragraph_text",
                    "content": "intersects the x-axis mid-way"
                },
                {
                    "type": "paragraph_text",
                    "content": "between x = \u20131 and x = \u20132,"
                },
                {
                    "type": "paragraph_text",
                    "content": "\uf0e6 3 \uf0f6"
                },
                {
                    "type": "paragraph_text",
                    "content": "that is, at the point \uf0e7\uf02d ,0 \uf0f7 ."
                },
                {
                    "type": "paragraph_text",
                    "content": "\uf0e8 2 \uf0f8"
                },
                {
                    "type": "paragraph_text",
                    "content": "You also know that the zero of"
                },
                {
                    "type": "paragraph_text",
                    "content": "3"
                },
                {
                    "type": "paragraph_text",
                    "content": "2x + 3 is \uf02d . Thus, the zero of"
                },
                {
                    "type": "paragraph_text",
                    "content": "2"
                },
                {
                    "type": "paragraph_text",
                    "content": "the polynomial 2x + 3 is the"
                },
                {
                    "type": "paragraph_text",
                    "content": "x-coordinate of the point where the"
                },
                {
                    "type": "paragraph_text",
                    "content": "Fig. 2.1"
                },
                {
                    "type": "paragraph_text",
                    "content": "graph of y = 2x + 3 intersects the"
                },
                {
                    "type": "paragraph_text",
                    "content": "x-axis."
                },
                {
                    "type": "paragraph_text",
                    "content": "In general, for a linear polynomial ax + b, a \uf0b9 0, the graph of y = ax + b is a"
                },
                {
                    "type": "paragraph_text",
                    "content": "\uf0e6\uf02db \uf0f6"
                },
                {
                    "type": "paragraph_text",
                    "content": "straight line which intersects the x-axis at exactly one point, namely,"
                },
                {
                    "type": "paragraph_text",
                    "content": "\uf0e7"
                },
                {
                    "type": "paragraph_text",
                    "content": ",0\uf0f7 ."
                },
                {
                    "type": "paragraph_text",
                    "content": "\uf0e8 a \uf0f8"
                },
                {
                    "type": "paragraph_text",
                    "content": "Therefore, the linear polynomial ax + b, a \uf0b9 0, has exactly one zero, namely, the"
                },
                {
                    "type": "paragraph_text",
                    "content": "x-coordinate of the point where the graph of y = ax + b intersects the x-axis."
                },
                {
                    "type": "paragraph_text",
                    "content": "Now, let us look for the geometrical meaning of a zero of a quadratic polynomial."
                },
                {
                    "type": "paragraph_text",
                    "content": "Consider the quadratic polynomial x2 \u2013 3x \u2013 4. Let us see what the graph* of"
                },
                {
                    "type": "paragraph_text",
                    "content": "y = x2 \u2013 3x \u2013 4 looks like. Let us list a few values of y = x2 \u2013 3x \u2013 4 corresponding to"
                },
                {
                    "type": "paragraph_text",
                    "content": "a few values for x as given in Table 2.1."
                },
                {
                    "type": "paragraph_text",
                    "content": "* Plotting of graphs of quadratic or cubic polynomials is not meant to be done by the students,"
                },
                {
                    "type": "paragraph_text",
                    "content": "nor is to be evaluated."
                },
                {
                    "type": "paragraph_text",
                    "content": "Reprint 2025-26"
                },
                {
                    "type": "table",
                    "content": [
                        [
                            "x",
                            "\u2013 2",
                            "\u20131 0 1 2"
                        ],
                        [
                            "y = x2 \u2013 3x \u2013 4",
                            "6",
                            "0 \u2013 4 \u2013 6 \u2013 6"
                        ]
                    ]
                },
                {
                    "type": "paragraph_text",
                    "content": "POLYNOMIALS 13"
                },
                {
                    "type": "paragraph_text",
                    "content": "Table 2.1"
                },
                {
                    "type": "paragraph_text",
                    "content": "x \u2013 2 \u20131 0 1 2 3 4 5"
                },
                {
                    "type": "paragraph_text",
                    "content": "y = x2 \u2013 3x \u2013 4 6 0 \u2013 4 \u2013 6 \u2013 6 \u2013 4 0 6"
                },
                {
                    "type": "paragraph_text",
                    "content": "If we locate the points listed"
                },
                {
                    "type": "paragraph_text",
                    "content": "above on a graph paper and draw"
                },
                {
                    "type": "paragraph_text",
                    "content": "the graph, it will actually look like"
                },
                {
                    "type": "paragraph_text",
                    "content": "the one given in Fig. 2.2."
                },
                {
                    "type": "paragraph_text",
                    "content": "In fact, for any quadratic"
                },
                {
                    "type": "paragraph_text",
                    "content": "polynomial ax2 + bx + c, a \uf0b9 0, the"
                },
                {
                    "type": "paragraph_text",
                    "content": "graph of the corresponding"
                },
                {
                    "type": "paragraph_text",
                    "content": "equation y = ax2 + bx + c has one"
                },
                {
                    "type": "paragraph_text",
                    "content": "of the two shapes either open"
                },
                {
                    "type": "paragraph_text",
                    "content": "upwards like or open"
                },
                {
                    "type": "paragraph_text",
                    "content": "downwards like depending on"
                },
                {
                    "type": "paragraph_text",
                    "content": "whether a > 0 or a < 0. (These"
                },
                {
                    "type": "paragraph_text",
                    "content": "curves are called parabolas.)"
                },
                {
                    "type": "paragraph_text",
                    "content": "You can see from Table 2.1"
                },
                {
                    "type": "paragraph_text",
                    "content": "that \u20131 and 4 are zeroes of the"
                },
                {
                    "type": "paragraph_text",
                    "content": "quadratic polynomial. Also"
                },
                {
                    "type": "paragraph_text",
                    "content": "note from Fig. 2.2 that \u20131 and 4"
                },
                {
                    "type": "paragraph_text",
                    "content": "are the x-coordinates of the points"
                },
                {
                    "type": "paragraph_text",
                    "content": "where the graph of y = x2 \u2013 3x \u2013 4"
                },
                {
                    "type": "paragraph_text",
                    "content": "intersects the x-axis. Thus, the"
                },
                {
                    "type": "paragraph_text",
                    "content": "zeroes of the quadratic polynomial"
                },
                {
                    "type": "paragraph_text",
                    "content": "x2 \u2013 3x \u2013 4 are x-coordinates of"
                },
                {
                    "type": "paragraph_text",
                    "content": "the points where the graph of"
                },
                {
                    "type": "paragraph_text",
                    "content": "Fig. 2.2"
                },
                {
                    "type": "paragraph_text",
                    "content": "y = x2 \u2013 3x \u2013 4 intersects the"
                },
                {
                    "type": "paragraph_text",
                    "content": "x-axis."
                },
                {
                    "type": "paragraph_text",
                    "content": "This fact is true for any quadratic polynomial, i.e., the zeroes of a quadratic"
                },
                {
                    "type": "paragraph_text",
                    "content": "polynomial ax2 + bx + c, a \uf0b9 0, are precisely the x-coordinates of the points where the"
                },
                {
                    "type": "paragraph_text",
                    "content": "parabola representing y = ax2 + bx + c intersects the x-axis."
                },
                {
                    "type": "paragraph_text",
                    "content": "From our observation earlier about the shape of the graph of y = ax2 + bx + c, the"
                },
                {
                    "type": "paragraph_text",
                    "content": "following three cases can happen:"
                },
                {
                    "type": "paragraph_text",
                    "content": "Reprint 2025-26"
                },
                {
                    "type": "paragraph_text",
                    "content": "14 MATHEMATICS"
                },
                {
                    "type": "paragraph_text",
                    "content": "Case (i) : Here, the graph cuts x-axis at two distinct points A and A\uf0a2."
                },
                {
                    "type": "paragraph_text",
                    "content": "The x-coordinates of A and A\uf0a2 are the two zeroes of the quadratic polynomial"
                },
                {
                    "type": "paragraph_text",
                    "content": "ax2 + bx + c in this case (see Fig. 2.3)."
                },
                {
                    "type": "paragraph_text",
                    "content": "Fig. 2.3"
                },
                {
                    "type": "paragraph_text",
                    "content": "Case (ii) : Here, the graph cuts the x-axis at exactly one point, i.e., at two coincident"
                },
                {
                    "type": "paragraph_text",
                    "content": "points. So, the two points A and A\uf0a2 of Case (i) coincide here to become one point A"
                },
                {
                    "type": "paragraph_text",
                    "content": "(see Fig. 2.4)."
                },
                {
                    "type": "paragraph_text",
                    "content": "Fig. 2.4"
                },
                {
                    "type": "paragraph_text",
                    "content": "The x-coordinate of A is the only zero for the quadratic polynomial ax2 + bx + c"
                },
                {
                    "type": "paragraph_text",
                    "content": "in this case."
                },
                {
                    "type": "paragraph_text",
                    "content": "Reprint 2025-26"
                },
                {
                    "type": "table",
                    "content": [
                        [
                            "\u20132 \u20131",
                            "0 1"
                        ],
                        [
                            "x 0 3",
                            "0 \u20133"
                        ]
                    ]
                },
                {
                    "type": "paragraph_text",
                    "content": "POLYNOMIALS 15"
                },
                {
                    "type": "paragraph_text",
                    "content": "Case (iii) : Here, the graph is either completely above the x-axis or completely below"
                },
                {
                    "type": "paragraph_text",
                    "content": "the x-axis. So, it does not cut the x-axis at any point (see Fig. 2.5)."
                },
                {
                    "type": "paragraph_text",
                    "content": "Fig. 2.5"
                },
                {
                    "type": "paragraph_text",
                    "content": "So, the quadratic polynomial ax2 + bx + c has no zero in this case."
                },
                {
                    "type": "paragraph_text",
                    "content": "So, you can see geometrically that a quadratic polynomial can have either two"
                },
                {
                    "type": "paragraph_text",
                    "content": "distinct zeroes or two equal zeroes (i.e., one zero), or no zero. This also means that a"
                },
                {
                    "type": "paragraph_text",
                    "content": "polynomial of degree 2 has atmost two zeroes."
                },
                {
                    "type": "paragraph_text",
                    "content": "Now, what do you expect the geometrical meaning of the zeroes of a cubic"
                },
                {
                    "type": "paragraph_text",
                    "content": "polynomial to be? Let us find out. Consider the cubic polynomial x3 \u2013 4x. To see what"
                },
                {
                    "type": "paragraph_text",
                    "content": "the graph of y = x3 \u2013 4x looks like, let us list a few values of y corresponding to a few"
                },
                {
                    "type": "paragraph_text",
                    "content": "values for x as shown in Table 2.2."
                },
                {
                    "type": "paragraph_text",
                    "content": "Table 2.2"
                },
                {
                    "type": "paragraph_text",
                    "content": "x \u20132 \u20131 0 1 2"
                },
                {
                    "type": "paragraph_text",
                    "content": "y = x3 \u2013 4x 0 3 0 \u20133 0"
                },
                {
                    "type": "paragraph_text",
                    "content": "Locating the points of the table on a graph paper and drawing the graph, we see"
                },
                {
                    "type": "paragraph_text",
                    "content": "that the graph of y = x3 \u2013 4x actually looks like the one given in Fig. 2.6."
                },
                {
                    "type": "paragraph_text",
                    "content": "Reprint 2025-26"
                },
                {
                    "type": "paragraph_text",
                    "content": "16 MATHEMATICS"
                },
                {
                    "type": "paragraph_text",
                    "content": "We see from the table above"
                },
                {
                    "type": "paragraph_text",
                    "content": "that \u2013 2, 0 and 2 are zeroes of the"
                },
                {
                    "type": "paragraph_text",
                    "content": "cubic polynomial x3 \u2013 4x. Observe"
                },
                {
                    "type": "paragraph_text",
                    "content": "that \u20132, 0 and 2 are, in fact, the"
                },
                {
                    "type": "paragraph_text",
                    "content": "x-coordinates of the only points"
                },
                {
                    "type": "paragraph_text",
                    "content": "where the graph of y = x3 \u2013 4x"
                },
                {
                    "type": "paragraph_text",
                    "content": "intersects the x-axis. Since the curve"
                },
                {
                    "type": "paragraph_text",
                    "content": "meets the x-axis in only these 3"
                },
                {
                    "type": "paragraph_text",
                    "content": "points, their x-coordinates are the"
                },
                {
                    "type": "paragraph_text",
                    "content": "only zeroes of the polynomial."
                },
                {
                    "type": "paragraph_text",
                    "content": "Let us take a few more"
                },
                {
                    "type": "paragraph_text",
                    "content": "examples. Consider the cubic"
                },
                {
                    "type": "paragraph_text",
                    "content": "polynomials x3 and x3 \u2013 x2. We draw"
                },
                {
                    "type": "paragraph_text",
                    "content": "the graphs of y = x3 and y = x3 \u2013 x2"
                },
                {
                    "type": "paragraph_text",
                    "content": "in Fig. 2.7 and Fig. 2.8 respectively."
                },
                {
                    "type": "paragraph_text",
                    "content": "Fig. 2.6"
                },
                {
                    "type": "paragraph_text",
                    "content": "Fig. 2.7 Fig. 2.8"
                },
                {
                    "type": "paragraph_text",
                    "content": "Reprint 2025-26"
                },
                {
                    "type": "paragraph_text",
                    "content": "POLYNOMIALS 17"
                },
                {
                    "type": "paragraph_text",
                    "content": "Note that 0 is the only zero of the polynomial x3. Also, from Fig. 2.7, you can see"
                },
                {
                    "type": "paragraph_text",
                    "content": "that 0 is the x-coordinate of the only point where the graph of y = x3 intersects the"
                },
                {
                    "type": "paragraph_text",
                    "content": "x-axis. Similarly, since x3 \u2013 x2 = x2 (x \u2013 1), 0 and 1 are the only zeroes of the polynomial"
                },
                {
                    "type": "paragraph_text",
                    "content": "x3 \u2013 x2. Also, from Fig. 2.8, these values are the x-coordinates of the only points"
                },
                {
                    "type": "paragraph_text",
                    "content": "where the graph of y = x3 \u2013 x2 intersects the x-axis."
                },
                {
                    "type": "paragraph_text",
                    "content": "From the examples above, we see that there are at most 3 zeroes for any cubic"
                },
                {
                    "type": "paragraph_text",
                    "content": "polynomial. In other words, any polynomial of degree 3 can have at most three zeroes."
                },
                {
                    "type": "paragraph_text",
                    "content": "Remark : In general, given a polynomial p(x) of degree n, the graph of y = p(x)"
                },
                {
                    "type": "paragraph_text",
                    "content": "intersects the x-axis at atmost n points. Therefore, a polynomial p(x) of degree n has"
                },
                {
                    "type": "paragraph_text",
                    "content": "at most n zeroes."
                },
                {
                    "type": "paragraph_text",
                    "content": "Example 1 : Look at the graphs in Fig. 2.9 given below. Each is the graph of y = p(x),"
                },
                {
                    "type": "paragraph_text",
                    "content": "where p(x) is a polynomial. For each of the graphs, find the number of zeroes of p(x)."
                },
                {
                    "type": "paragraph_text",
                    "content": "Fig. 2.9"
                },
                {
                    "type": "paragraph_text",
                    "content": "Solution :"
                },
                {
                    "type": "paragraph_text",
                    "content": "(i) The number of zeroes is 1 as the graph intersects the x-axis at one point only."
                },
                {
                    "type": "paragraph_text",
                    "content": "(ii) The number of zeroes is 2 as the graph intersects the x-axis at two points."
                },
                {
                    "type": "paragraph_text",
                    "content": "(iii) The number of zeroes is 3. (Why?)"
                },
                {
                    "type": "paragraph_text",
                    "content": "Reprint 2025-26"
                },
                {
                    "type": "paragraph_text",
                    "content": "18 MATHEMATICS"
                },
                {
                    "type": "paragraph_text",
                    "content": "(iv) The number of zeroes is 1. (Why?)"
                },
                {
                    "type": "paragraph_text",
                    "content": "(v) The number of zeroes is 1. (Why?)"
                },
                {
                    "type": "paragraph_text",
                    "content": "(vi) The number of zeroes is 4. (Why?)"
                },
                {
                    "type": "paragraph_text",
                    "content": "EXERCISE 2.1"
                },
                {
                    "type": "paragraph_text",
                    "content": "1. The graphs of y = p(x) are given in Fig. 2.10 below, for some polynomials p(x). Find the"
                },
                {
                    "type": "paragraph_text",
                    "content": "number of zeroes of p(x), in each case."
                },
                {
                    "type": "paragraph_text",
                    "content": "Fig. 2.10"
                },
                {
                    "type": "paragraph_text",
                    "content": "2.3 Relationship between Zeroes and Coefficients of a Polynomial"
                }
            ]
        },
        {
            "section_title": "b",
            "content_blocks": [
                {
                    "type": "paragraph_text",
                    "content": "You have already seen that zero of a linear polynomial ax + b is \uf02d . We will now try"
                }
            ]
        },
        {
            "section_title": "a",
            "content_blocks": [
                {
                    "type": "paragraph_text",
                    "content": "to answer the question raised in Section 2.1 regarding the relationship between zeroes"
                },
                {
                    "type": "paragraph_text",
                    "content": "and coefficients of a quadratic polynomial. For this, let us take a quadratic polynomial,"
                },
                {
                    "type": "paragraph_text",
                    "content": "say p(x) = 2x2 \u2013 8x + 6. In Class IX, you have learnt how to factorise quadratic"
                },
                {
                    "type": "paragraph_text",
                    "content": "polynomials by splitting the middle term. So, here we need to split the middle term"
                },
                {
                    "type": "paragraph_text",
                    "content": "\u2018\u2013 8x\u2019 as a sum of two terms, whose product is 6 \u00d7 2x2 = 12x2. So, we write"
                },
                {
                    "type": "paragraph_text",
                    "content": "2x2 \u2013 8x + 6 = 2x2 \u2013 6x \u2013 2x + 6 = 2x(x \u2013 3) \u2013 2(x \u2013 3)"
                },
                {
                    "type": "paragraph_text",
                    "content": "= (2x \u2013 2)(x \u2013 3) = 2(x \u2013 1)(x \u2013 3)"
                },
                {
                    "type": "paragraph_text",
                    "content": "Reprint 2025-26"
                },
                {
                    "type": "paragraph_text",
                    "content": "POLYNOMIALS 19"
                },
                {
                    "type": "paragraph_text",
                    "content": "So, the value of p(x) = 2x2 \u2013 8x + 6 is zero when x \u2013 1 = 0 or x \u2013 3 = 0, i.e., when"
                },
                {
                    "type": "paragraph_text",
                    "content": "x = 1 or x = 3. So, the zeroes of 2x2 \u2013 8x + 6 are 1 and 3. Observe that :"
                },
                {
                    "type": "paragraph_text",
                    "content": "\uf02d(\uf02d8) \uf02d(Coefficient of x)"
                },
                {
                    "type": "paragraph_text",
                    "content": "Sum of its zeroes = 1\uf02b3\uf03d4\uf03d \uf03d"
                },
                {
                    "type": "paragraph_text",
                    "content": "2 Coefficient of x2"
                },
                {
                    "type": "paragraph_text",
                    "content": "6 Constant term"
                },
                {
                    "type": "paragraph_text",
                    "content": "Product of its zeroes = 1\uf0b43\uf03d3\uf03d \uf03d"
                },
                {
                    "type": "paragraph_text",
                    "content": "2 Coefficient of x2"
                },
                {
                    "type": "paragraph_text",
                    "content": "Let us take one more quadratic polynomial, say, p(x) = 3x2 + 5x \u2013 2. By the"
                },
                {
                    "type": "paragraph_text",
                    "content": "method of splitting the middle term,"
                },
                {
                    "type": "paragraph_text",
                    "content": "3x2 + 5x \u2013 2 = 3x2 + 6x \u2013 x \u2013 2 = 3x(x + 2) \u20131(x + 2)"
                },
                {
                    "type": "paragraph_text",
                    "content": "= (3x \u2013 1)(x + 2)"
                },
                {
                    "type": "paragraph_text",
                    "content": "Hence, the value of 3x2 + 5x \u2013 2 is zero when either 3x \u2013 1 = 0 or x + 2 = 0, i.e.,"
                },
                {
                    "type": "paragraph_text",
                    "content": "1 1"
                },
                {
                    "type": "paragraph_text",
                    "content": "when x = or x = \u20132. So, the zeroes of 3x2 + 5x \u2013 2 are and \u2013 2. Observe that :"
                },
                {
                    "type": "paragraph_text",
                    "content": "3 3"
                },
                {
                    "type": "paragraph_text",
                    "content": "1 \uf02d5 \uf02d(Coefficient of x)"
                },
                {
                    "type": "paragraph_text",
                    "content": "Sum of its zeroes = \uf02b (\uf02d2) \uf03d \uf03d"
                },
                {
                    "type": "paragraph_text",
                    "content": "3 3 Coefficient of x2"
                },
                {
                    "type": "paragraph_text",
                    "content": "1 \uf02d2 Constant term"
                },
                {
                    "type": "paragraph_text",
                    "content": "Product of its zeroes = \uf0b4(\uf02d2) \uf03d \uf03d"
                },
                {
                    "type": "paragraph_text",
                    "content": "3 3 Coefficient of x2"
                },
                {
                    "type": "paragraph_text",
                    "content": "In general, if \uf061* and \uf062* are the zeroes of the quadratic polynomial p(x) = ax2 + bx + c,"
                },
                {
                    "type": "paragraph_text",
                    "content": "a \uf0b9 0, then you know that x \u2013 \uf061 and x \u2013 \uf062 are the factors of p(x). Therefore,"
                },
                {
                    "type": "paragraph_text",
                    "content": "ax2 + bx + c = k(x \u2013 \uf061) (x \u2013 \uf062), where k is a constant"
                },
                {
                    "type": "paragraph_text",
                    "content": "= k[x2 \u2013 (\uf061 + \uf062)x + \uf061\uf020\uf062]"
                },
                {
                    "type": "paragraph_text",
                    "content": "= kx2 \u2013 k(\uf061 + \uf062)x + k \uf061\uf020\uf062"
                },
                {
                    "type": "paragraph_text",
                    "content": "Comparing the coefficients of x2, x and constant terms on both the sides, we get"
                },
                {
                    "type": "paragraph_text",
                    "content": "a = k, b = \u2013 k(\uf061 + \uf062) and c = k\uf061\uf062\uf02e"
                },
                {
                    "type": "paragraph_text",
                    "content": "\u2013b"
                },
                {
                    "type": "paragraph_text",
                    "content": "This gives \uf061\uf061\uf061\uf061\uf061 + \uf062\uf062\uf062\uf062\uf062 = ,"
                },
                {
                    "type": "paragraph_text",
                    "content": "a"
                },
                {
                    "type": "paragraph_text",
                    "content": "c"
                },
                {
                    "type": "paragraph_text",
                    "content": "\uf061\uf061\uf061\uf061\uf061\uf062\uf062\uf062\uf062\uf062 ="
                },
                {
                    "type": "paragraph_text",
                    "content": "a"
                },
                {
                    "type": "paragraph_text",
                    "content": "* \uf061,\uf062 are Greek letters pronounced as \u2018alpha\u2019 and \u2018beta\u2019 respectively. We will use later one"
                },
                {
                    "type": "paragraph_text",
                    "content": "more letter \u2018\uf067\u2019 pronounced as \u2018gamma\u2019."
                },
                {
                    "type": "paragraph_text",
                    "content": "Reprint 2025-26"
                },
                {
                    "type": "paragraph_text",
                    "content": "20 MATHEMATICS"
                },
                {
                    "type": "paragraph_text",
                    "content": "b \uf02d(Coefficient of x)"
                },
                {
                    "type": "paragraph_text",
                    "content": "i.e., sum of zeroes = \uf061 + \uf062 = \uf02d \uf03d ,"
                },
                {
                    "type": "paragraph_text",
                    "content": "a Coefficient of x2"
                },
                {
                    "type": "paragraph_text",
                    "content": "c Constant term"
                },
                {
                    "type": "paragraph_text",
                    "content": "product of zeroes = \uf061\uf062 = \uf03d ."
                },
                {
                    "type": "paragraph_text",
                    "content": "a Coefficient of x2"
                },
                {
                    "type": "paragraph_text",
                    "content": "Let us consider some examples."
                },
                {
                    "type": "paragraph_text",
                    "content": "Example 2 : Find the zeroes of the quadratic polynomial x2 + 7x + 10, and verify the"
                },
                {
                    "type": "paragraph_text",
                    "content": "relationship between the zeroes and the coefficients."
                },
                {
                    "type": "paragraph_text",
                    "content": "Solution : We have"
                },
                {
                    "type": "paragraph_text",
                    "content": "x2 + 7x + 10 = (x + 2)(x + 5)"
                },
                {
                    "type": "paragraph_text",
                    "content": "So, the value of x2 + 7x + 10 is zero when x + 2 = 0 or x + 5 = 0, i.e., when x = \u2013 2 or"
                },
                {
                    "type": "paragraph_text",
                    "content": "x = \u20135. Therefore, the zeroes of x2 + 7x + 10 are \u2013 2 and \u2013 5. Now,"
                },
                {
                    "type": "paragraph_text",
                    "content": "\uf02d(7) \u2013(Coefficient of x)"
                },
                {
                    "type": "paragraph_text",
                    "content": "sum of zeroes = \u20132\uf02b (\u20135) \uf03d \u2013(7) \uf03d \uf03d ,"
                },
                {
                    "type": "paragraph_text",
                    "content": "1 Coefficient of x2"
                },
                {
                    "type": "paragraph_text",
                    "content": "10 Constant term"
                },
                {
                    "type": "paragraph_text",
                    "content": "product of zeroes = (\uf02d2)\uf0b4(\uf02d5) \uf03d10\uf03d \uf03d \uf0d7"
                },
                {
                    "type": "paragraph_text",
                    "content": "1 Coefficient of x2"
                },
                {
                    "type": "paragraph_text",
                    "content": "Example 3 : Find the zeroes of the polynomial x2 \u2013 3 and verify the relationship"
                },
                {
                    "type": "paragraph_text",
                    "content": "between the zeroes and the coefficients."
                },
                {
                    "type": "paragraph_text",
                    "content": "Solution : Recall the identity a2 \u2013 b2 = (a \u2013 b)(a + b). Using it, we can write:"
                }
            ]
        },
        {
            "section_title": "\uf028 \uf029\uf028 \uf029",
            "content_blocks": [
                {
                    "type": "paragraph_text",
                    "content": "x2 \u2013 3 = x \uf02d 3 x \uf02b 3"
                },
                {
                    "type": "paragraph_text",
                    "content": "So, the value of x2 \u2013 3 is zero when x = 3 or x = \u2013 3\uf0d7"
                },
                {
                    "type": "paragraph_text",
                    "content": "Therefore, the zeroes of x2 \u2013 3 are 3 and \uf02d 3\uf0d7"
                },
                {
                    "type": "paragraph_text",
                    "content": "Now,"
                },
                {
                    "type": "paragraph_text",
                    "content": "\uf02d(Coefficient of x)"
                },
                {
                    "type": "paragraph_text",
                    "content": "sum of zeroes = 3 \uf02d 3 \uf03d 0 \uf03d ,"
                },
                {
                    "type": "paragraph_text",
                    "content": "Coefficient of x2"
                }
            ]
        },
        {
            "section_title": "\uf028 \uf029\uf028 \uf029",
            "content_blocks": [
                {
                    "type": "paragraph_text",
                    "content": "\uf02d3 Constant term"
                },
                {
                    "type": "paragraph_text",
                    "content": "product of zeroes = 3 \uf02d 3 \uf03d \u20133\uf03d \uf03d \uf0d7"
                },
                {
                    "type": "paragraph_text",
                    "content": "1 Coefficient of x2"
                },
                {
                    "type": "paragraph_text",
                    "content": "Reprint 2025-26"
                },
                {
                    "type": "paragraph_text",
                    "content": "POLYNOMIALS 21"
                },
                {
                    "type": "paragraph_text",
                    "content": "Example 4 : Find a quadratic polynomial, the sum and product of whose zeroes are"
                },
                {
                    "type": "paragraph_text",
                    "content": "\u20133 and 2, respectively."
                },
                {
                    "type": "paragraph_text",
                    "content": "Solution : Let the quadratic polynomial be ax2 + bx + c, and its zeroes be \uf061 and \uf062."
                },
                {
                    "type": "paragraph_text",
                    "content": "We have"
                },
                {
                    "type": "paragraph_text",
                    "content": "\uf02db"
                },
                {
                    "type": "paragraph_text",
                    "content": ","
                },
                {
                    "type": "paragraph_text",
                    "content": "\uf061 + \uf062 = \u2013 3 ="
                },
                {
                    "type": "paragraph_text",
                    "content": "a"
                },
                {
                    "type": "paragraph_text",
                    "content": "c"
                },
                {
                    "type": "paragraph_text",
                    "content": "."
                },
                {
                    "type": "paragraph_text",
                    "content": "and \uf061\uf062 = 2 ="
                },
                {
                    "type": "paragraph_text",
                    "content": "a"
                },
                {
                    "type": "paragraph_text",
                    "content": "If a = 1, then b = 3 and c = 2."
                },
                {
                    "type": "paragraph_text",
                    "content": "So, one quadratic polynomial which fits the given conditions is x2 + 3x + 2."
                },
                {
                    "type": "paragraph_text",
                    "content": "You can check that any other quadratic polynomial that fits these conditions will"
                },
                {
                    "type": "paragraph_text",
                    "content": "be of the form k(x2 + 3x + 2), where k is real."
                },
                {
                    "type": "paragraph_text",
                    "content": "Let us now look at cubic polynomials. Do you think a similar relation holds"
                },
                {
                    "type": "paragraph_text",
                    "content": "between the zeroes of a cubic polynomial and its coefficients?"
                },
                {
                    "type": "paragraph_text",
                    "content": "Let us consider p(x) = 2x3 \u2013 5x2 \u2013 14x + 8."
                },
                {
                    "type": "paragraph_text",
                    "content": "1"
                },
                {
                    "type": "paragraph_text",
                    "content": "You can check that p(x) = 0 for x = 4, \u2013 2, \uf0d7 Since p(x) can have atmost three"
                },
                {
                    "type": "paragraph_text",
                    "content": "2"
                },
                {
                    "type": "paragraph_text",
                    "content": "zeroes, these are the zeores of 2x3 \u2013 5x2 \u2013 14x + 8. Now,"
                },
                {
                    "type": "paragraph_text",
                    "content": "1 5 \uf02d(\uf02d5) \uf02d(Coefficient of x2)"
                },
                {
                    "type": "paragraph_text",
                    "content": "sum of the zeroes = 4\uf02b (\uf02d2) \uf02b \uf03d \uf03d \uf03d ,"
                },
                {
                    "type": "paragraph_text",
                    "content": "2 2 2 Coefficient of x3"
                },
                {
                    "type": "paragraph_text",
                    "content": "1 \uf02d8 \u2013Constant term"
                },
                {
                    "type": "paragraph_text",
                    "content": "product of the zeroes = 4\uf0b4(\uf02d2)\uf0b4 \uf03d \uf02d4 \uf03d \uf03d ."
                },
                {
                    "type": "paragraph_text",
                    "content": "2 2 Coefficient of x3"
                },
                {
                    "type": "paragraph_text",
                    "content": "However, there is one more relationship here. Consider the sum of the products"
                },
                {
                    "type": "paragraph_text",
                    "content": "of the zeroes taken two at a time. We have"
                },
                {
                    "type": "paragraph_text",
                    "content": "\uf0ec 1\uf0fc \uf0ec1 \uf0fc"
                },
                {
                    "type": "paragraph_text",
                    "content": "\uf07b4\uf0b4(\uf02d2)\uf07d\uf02b \uf0ed(\uf02d2)\uf0b4 \uf0fd\uf02b \uf0ed \uf0b44\uf0fd"
                },
                {
                    "type": "paragraph_text",
                    "content": "\uf0ee 2\uf0fe \uf0ee2 \uf0fe"
                },
                {
                    "type": "paragraph_text",
                    "content": "\uf02d14 Coefficient of x"
                },
                {
                    "type": "paragraph_text",
                    "content": "= \u20138\uf02d1\uf02b2\uf03d\uf02d7\uf03d = ."
                },
                {
                    "type": "paragraph_text",
                    "content": "2 Coefficient of x3"
                },
                {
                    "type": "paragraph_text",
                    "content": "In general, it can be proved that if \uf061, \uf062, \uf067 are the zeroes of the cubic polynomial"
                },
                {
                    "type": "paragraph_text",
                    "content": "ax3 + bx2 + cx + d, then"
                },
                {
                    "type": "paragraph_text",
                    "content": "Reprint 2025-26"
                },
                {
                    "type": "paragraph_text",
                    "content": "22 MATHEMATICS"
                },
                {
                    "type": "paragraph_text",
                    "content": "\u2013b"
                },
                {
                    "type": "paragraph_text",
                    "content": "\uf061\uf061\uf061\uf061\uf061 + \uf062\uf062\uf062\uf062\uf062 + \uf067\uf067\uf067\uf067\uf067 = ,"
                },
                {
                    "type": "paragraph_text",
                    "content": "a"
                },
                {
                    "type": "paragraph_text",
                    "content": "c"
                },
                {
                    "type": "paragraph_text",
                    "content": "\uf061\uf061\uf061\uf061\uf061\uf062\uf062\uf062\uf062\uf062 + \uf062\uf062\uf062\uf062\uf062\uf067\uf067\uf067\uf067\uf067 + \uf067\uf067\uf067\uf067\uf067\uf061\uf061\uf061\uf061\uf061 = ,"
                },
                {
                    "type": "paragraph_text",
                    "content": "a"
                },
                {
                    "type": "paragraph_text",
                    "content": "\u2013d"
                },
                {
                    "type": "paragraph_text",
                    "content": "\uf061\uf061\uf061\uf061\uf061\uf020\uf020\uf020\uf020\uf020\uf062\uf062\uf062\uf062\uf062\uf020\uf020\uf020\uf020\uf020\uf067\uf067\uf067\uf067\uf067 = ."
                },
                {
                    "type": "paragraph_text",
                    "content": "a"
                },
                {
                    "type": "paragraph_text",
                    "content": "Let us consider an example."
                },
                {
                    "type": "paragraph_text",
                    "content": "1"
                },
                {
                    "type": "paragraph_text",
                    "content": "Example 5* : Verify that 3, \u20131, \uf02d are the zeroes of the cubic polynomial"
                },
                {
                    "type": "paragraph_text",
                    "content": "3"
                },
                {
                    "type": "paragraph_text",
                    "content": "p(x) = 3x3 \u2013 5x2 \u2013 11x \u2013 3, and then verify the relationship between the zeroes and the"
                },
                {
                    "type": "paragraph_text",
                    "content": "coefficients."
                },
                {
                    "type": "paragraph_text",
                    "content": "Solution : Comparing the given polynomial with ax3 + bx2 + cx + d, we get"
                },
                {
                    "type": "paragraph_text",
                    "content": "a = 3, b = \u2013 5, c = \u201311, d = \u2013 3. Further"
                },
                {
                    "type": "paragraph_text",
                    "content": "p(3) = 3 \u00d7 33 \u2013 (5 \u00d7 32) \u2013 (11 \u00d7 3) \u2013 3 = 81 \u2013 45 \u2013 33 \u2013 3 = 0,"
                },
                {
                    "type": "paragraph_text",
                    "content": "p(\u20131) = 3 \u00d7 (\u20131)3 \u2013 5 \u00d7 (\u20131)2 \u2013 11 \u00d7 (\u20131) \u2013 3 = \u20133 \u2013 5 + 11 \u2013 3 = 0,"
                },
                {
                    "type": "paragraph_text",
                    "content": "3 2"
                },
                {
                    "type": "paragraph_text",
                    "content": "\uf0e6 1\uf0f6 \uf0e6 1\uf0f6 \uf0e6 1\uf0f6 \uf0e6 1\uf0f6"
                },
                {
                    "type": "paragraph_text",
                    "content": "p \uf0e7\uf02d \uf0f7\uf03d3\uf0b4\uf0e7\uf02d \uf0f7 \uf02d5\uf0b4\uf0e7\uf02d \uf0f7 \uf02d11\uf0b4\uf0e7\uf02d \uf0f7\uf02d3,"
                },
                {
                    "type": "paragraph_text",
                    "content": "\uf0e8 3\uf0f8 \uf0e8 3\uf0f8 \uf0e8 3\uf0f8 \uf0e8 3\uf0f8"
                },
                {
                    "type": "paragraph_text",
                    "content": "1 5 11 2 2"
                },
                {
                    "type": "paragraph_text",
                    "content": "= \u2013 \uf02d \uf02b \uf02d3\uf03d \u2013 \uf02b \uf03d0"
                },
                {
                    "type": "paragraph_text",
                    "content": "9 9 3 3 3"
                },
                {
                    "type": "paragraph_text",
                    "content": "1"
                },
                {
                    "type": "paragraph_text",
                    "content": "Therefore, 3, \u20131 and \uf02d are the zeroes of 3x3 \u2013 5x2 \u2013 11x \u2013 3."
                },
                {
                    "type": "paragraph_text",
                    "content": "3"
                },
                {
                    "type": "paragraph_text",
                    "content": "1"
                },
                {
                    "type": "paragraph_text",
                    "content": "So, we take \uf061 = 3, \uf062 = \u20131 and \uf067 = \uf02d \uf0d7"
                },
                {
                    "type": "paragraph_text",
                    "content": "3"
                },
                {
                    "type": "paragraph_text",
                    "content": "Now,"
                },
                {
                    "type": "paragraph_text",
                    "content": "\uf0e6 1\uf0f6 1 5 \uf02d(\uf02d5) \uf02db"
                },
                {
                    "type": "paragraph_text",
                    "content": "\uf061 \uf02b\uf062 \uf02b \uf067\uf03d3\uf02b (\uf02d1) \uf02b \uf0e7\uf02d \uf0f7 \uf03d 2\uf02d \uf03d \uf03d \uf03d ,"
                },
                {
                    "type": "paragraph_text",
                    "content": "\uf0e8 3\uf0f8 3 3 3 a"
                },
                {
                    "type": "paragraph_text",
                    "content": "\uf0e6 1\uf0f6 \uf0e6 1\uf0f6 1 \uf02d11 c"
                },
                {
                    "type": "paragraph_text",
                    "content": "\uf061\uf062\uf02b\uf062\uf067 \uf02b\uf067\uf061 \uf03d3\uf0b4(\uf02d1) \uf02b (\uf02d1)\uf0b4\uf0e7\uf02d \uf0f7\uf02b \uf0e7\uf02d \uf0f7\uf0b43\uf03d \uf02d3\uf02b \uf02d1\uf03d \uf03d ,"
                },
                {
                    "type": "paragraph_text",
                    "content": "\uf0e8 3\uf0f8 \uf0e8 3\uf0f8 3 3 a"
                },
                {
                    "type": "paragraph_text",
                    "content": "\uf0e6 1\uf0f6 \uf02d(\uf02d3) \uf02dd"
                },
                {
                    "type": "paragraph_text",
                    "content": "\uf061\uf062\uf067 \uf03d3\uf0b4(\uf02d1)\uf0b4\uf0e7\uf02d \uf0f7 \uf03d1\uf03d \uf03d ."
                },
                {
                    "type": "paragraph_text",
                    "content": "\uf0e8 3\uf0f8 3 a"
                },
                {
                    "type": "paragraph_text",
                    "content": "* Not from the examination point of view."
                },
                {
                    "type": "paragraph_text",
                    "content": "Reprint 2025-26"
                },
                {
                    "type": "paragraph_text",
                    "content": "POLYNOMIALS 23"
                },
                {
                    "type": "paragraph_text",
                    "content": "EXERCISE 2.2"
                },
                {
                    "type": "paragraph_text",
                    "content": "1. Find the zeroes of the following quadratic polynomials and verify the relationship between"
                },
                {
                    "type": "paragraph_text",
                    "content": "the zeroes and the coefficients."
                },
                {
                    "type": "paragraph_text",
                    "content": "(i) x2 \u2013 2x \u2013 8 (ii) 4s2 \u2013 4s + 1 (iii) 6x2 \u2013 3 \u2013 7x"
                },
                {
                    "type": "paragraph_text",
                    "content": "(iv) 4u2 + 8u (v) t2 \u2013 15 (vi) 3x2 \u2013 x \u2013 4"
                },
                {
                    "type": "paragraph_text",
                    "content": "2. Find a quadratic polynomial each with the given numbers as the sum and product of its"
                },
                {
                    "type": "paragraph_text",
                    "content": "zeroes respectively."
                },
                {
                    "type": "paragraph_text",
                    "content": "1 1"
                },
                {
                    "type": "paragraph_text",
                    "content": "(i) , \uf02d1 (ii) 2, (iii) 0, 5"
                },
                {
                    "type": "paragraph_text",
                    "content": "4 3"
                },
                {
                    "type": "paragraph_text",
                    "content": "1 1"
                },
                {
                    "type": "paragraph_text",
                    "content": "(iv) 1, 1 (v) \uf02d , (vi) 4, 1"
                },
                {
                    "type": "paragraph_text",
                    "content": "4 4"
                },
                {
                    "type": "paragraph_text",
                    "content": "2.4 Summary"
                },
                {
                    "type": "paragraph_text",
                    "content": "In this chapter, you have studied the following points:"
                },
                {
                    "type": "paragraph_text",
                    "content": "1. Polynomials of degrees 1, 2 and 3 are called linear, quadratic and cubic polynomials"
                },
                {
                    "type": "paragraph_text",
                    "content": "respectively."
                },
                {
                    "type": "paragraph_text",
                    "content": "2. A quadratic polynomial in x with real coefficients is of the form ax2 + bx + c, where a, b, c"
                },
                {
                    "type": "paragraph_text",
                    "content": "are real numbers with a \uf0b9 0."
                },
                {
                    "type": "paragraph_text",
                    "content": "3. The zeroes of a polynomial p(x) are precisely the x-coordinates of the points, where the"
                },
                {
                    "type": "paragraph_text",
                    "content": "graph of y = p(x) intersects the x-axis."
                },
                {
                    "type": "paragraph_text",
                    "content": "4. A quadratic polynomial can have at most 2 zeroes and a cubic polynomial can have"
                },
                {
                    "type": "paragraph_text",
                    "content": "at most 3 zeroes."
                },
                {
                    "type": "paragraph_text",
                    "content": "5. If \uf061 and \uf062 are the zeroes of the quadratic polynomial ax2 + bx + c, then"
                },
                {
                    "type": "paragraph_text",
                    "content": "b c"
                },
                {
                    "type": "paragraph_text",
                    "content": "\uf061 \uf02b\uf062 \uf03d \uf02d , \uf061\uf062\uf03d ."
                },
                {
                    "type": "paragraph_text",
                    "content": "a a"
                },
                {
                    "type": "paragraph_text",
                    "content": "6. If \uf061, \uf062, \uf067 are the zeroes of the cubic polynomial ax3 + bx2 + cx + d, then"
                },
                {
                    "type": "paragraph_text",
                    "content": "\uf02db"
                },
                {
                    "type": "paragraph_text",
                    "content": "\uf061 \uf02b\uf062 \uf02b \uf067 \uf03d ,"
                },
                {
                    "type": "paragraph_text",
                    "content": "a"
                },
                {
                    "type": "paragraph_text",
                    "content": "c"
                },
                {
                    "type": "paragraph_text",
                    "content": "\uf061\uf062\uf02b\uf062\uf067\uf02b \uf067\uf061 \uf03d ,"
                },
                {
                    "type": "paragraph_text",
                    "content": "a"
                },
                {
                    "type": "paragraph_text",
                    "content": "\uf02dd"
                },
                {
                    "type": "paragraph_text",
                    "content": "and \uf061\uf062\uf067 \uf03d ."
                },
                {
                    "type": "paragraph_text",
                    "content": "a"
                },
                {
                    "type": "paragraph_text",
                    "content": "Reprint 2025-26"
                }
            ]
        }
    ]
}