{
    "book": "Mathematics",
    "chapter": "ch3",
    "sections": [
        {
            "section_title": "Introduction",
            "content_blocks": [
                {
                    "type": "paragraph_text",
                    "content": "24 MATHEMATICS"
                }
            ]
        },
        {
            "section_title": "IN WO ARIABLES",
            "content_blocks": [
                {
                    "type": "paragraph_text",
                    "content": "3.1 Introduction"
                },
                {
                    "type": "paragraph_text",
                    "content": "You must have come across situations like the one given below :"
                },
                {
                    "type": "paragraph_text",
                    "content": "Akhila went to a fair in her village. She wanted to enjoy rides on the Giant Wheel"
                },
                {
                    "type": "paragraph_text",
                    "content": "and play Hoopla (a game in which you throw a ring on the items kept in a stall, and if"
                },
                {
                    "type": "paragraph_text",
                    "content": "the ring covers any object completely, you get it). The number of times she played"
                },
                {
                    "type": "paragraph_text",
                    "content": "Hoopla is half the number of rides she had on the Giant Wheel. If each ride costs"
                },
                {
                    "type": "paragraph_text",
                    "content": "` 3, and a game of Hoopla costs ` 4, how would you find out the number of rides she"
                },
                {
                    "type": "paragraph_text",
                    "content": "had and how many times she played Hoopla, provided she spent ` 20."
                },
                {
                    "type": "paragraph_text",
                    "content": "May be you will try it by considering different cases. If she has one ride, is it"
                },
                {
                    "type": "paragraph_text",
                    "content": "possible? Is it possible to have two rides? And so on. Or you may use the knowledge"
                },
                {
                    "type": "paragraph_text",
                    "content": "of Class IX, to represent such situations as linear equations in two variables."
                },
                {
                    "type": "paragraph_text",
                    "content": "Reprint 2025-26"
                },
                {
                    "type": "paragraph_text",
                    "content": "PAIR OF LINEAR EQUATIONS IN TWO VARIABLES 25"
                },
                {
                    "type": "paragraph_text",
                    "content": "Let us try this approach."
                },
                {
                    "type": "paragraph_text",
                    "content": "Denote the number of rides that Akhila had by x, and the number of times she"
                },
                {
                    "type": "paragraph_text",
                    "content": "played Hoopla by y. Now the situation can be represented by the two equations:"
                },
                {
                    "type": "paragraph_text",
                    "content": "1"
                },
                {
                    "type": "paragraph_text",
                    "content": "y = x (1)"
                },
                {
                    "type": "paragraph_text",
                    "content": "2"
                },
                {
                    "type": "paragraph_text",
                    "content": "3x + 4y = 20 (2)"
                },
                {
                    "type": "paragraph_text",
                    "content": "Can we find the solutions of this pair of equations? There are several ways of"
                },
                {
                    "type": "paragraph_text",
                    "content": "finding these, which we will study in this chapter."
                },
                {
                    "type": "paragraph_text",
                    "content": "3.2 Graphical Method of Solution of a Pair of Linear Equations"
                },
                {
                    "type": "paragraph_text",
                    "content": "A pair of linear equations which has no solution, is called an inconsistent pair of linear"
                },
                {
                    "type": "paragraph_text",
                    "content": "equations. A pair of linear equations in two variables, which has a solution, is called a"
                },
                {
                    "type": "paragraph_text",
                    "content": "consistent pair of linear equations. A pair of linear equations which are equivalent has"
                },
                {
                    "type": "paragraph_text",
                    "content": "infinitely many distinct common solutions. Such a pair is called a dependent pair of"
                },
                {
                    "type": "paragraph_text",
                    "content": "linear equations in two variables. Note that a dependent pair of linear equations is"
                },
                {
                    "type": "paragraph_text",
                    "content": "always consistent."
                },
                {
                    "type": "paragraph_text",
                    "content": "We can now summarise the behaviour of lines representing a pair of linear equations"
                },
                {
                    "type": "paragraph_text",
                    "content": "in two variables and the existence of solutions as follows:"
                },
                {
                    "type": "paragraph_text",
                    "content": "(i) the lines may intersect in a single point. In this case, the pair of equations"
                },
                {
                    "type": "paragraph_text",
                    "content": "has a unique solution (consistent pair of equations)."
                },
                {
                    "type": "paragraph_text",
                    "content": "(ii) the lines may be parallel. In this case, the equations have no solution"
                },
                {
                    "type": "paragraph_text",
                    "content": "(inconsistent pair of equations)."
                },
                {
                    "type": "paragraph_text",
                    "content": "(iii) the lines may be coincident. In this case, the equations have infinitely many"
                },
                {
                    "type": "paragraph_text",
                    "content": "solutions [dependent (consistent) pair of equations]."
                },
                {
                    "type": "paragraph_text",
                    "content": "Consider the following three pairs of equations."
                },
                {
                    "type": "paragraph_text",
                    "content": "(i) x \u2013 2y = 0 and 3x + 4y \u2013 20 = 0 (The lines intersect)"
                },
                {
                    "type": "paragraph_text",
                    "content": "(ii) 2x + 3y \u2013 9 = 0 and 4x + 6y \u2013 18 = 0 (The lines coincide)"
                },
                {
                    "type": "paragraph_text",
                    "content": "(iii) x + 2y \u2013 4 = 0 and 2x + 4y \u2013 12 = 0 (The lines are parallel)"
                },
                {
                    "type": "paragraph_text",
                    "content": "a b c"
                },
                {
                    "type": "paragraph_text",
                    "content": "Let us now write down, and compare, the values of 1 , 1 and 1 in all the"
                },
                {
                    "type": "paragraph_text",
                    "content": "a b c"
                },
                {
                    "type": "paragraph_text",
                    "content": "2 2 2"
                },
                {
                    "type": "paragraph_text",
                    "content": "three examples. Here, a , b , c and a , b , c denote the coefficents of equations"
                },
                {
                    "type": "paragraph_text",
                    "content": "1 1 1 2 2 2"
                },
                {
                    "type": "paragraph_text",
                    "content": "given in the general form in Section 3.2."
                },
                {
                    "type": "paragraph_text",
                    "content": "Reprint 2025-26"
                },
                {
                    "type": "table",
                    "content": [
                        [
                            "Sl\nNo.",
                            "Pair of lines",
                            "a\n1\na\n2",
                            "b\n1\nb\n2",
                            "c\n1\nc\n2",
                            "Compare the\nratios",
                            "Graphical\nrepresentation",
                            "Algebraic\ninterpretation"
                        ],
                        [
                            "1.\n2.\n3.",
                            "x \u2013 2y = 0\n3x + 4y \u2013 20 = 0\n2x + 3y \u2013 9 = 0\n4x + 6y \u2013 18 = 0\nx + 2y \u2013 4 = 0\n2x + 4y \u2013 12 = 0",
                            "1\n3\n2\n4\n1\n2",
                            "\u22122\n4\n3\n6\n2\n4",
                            "0\n\u221220\n\u22129\n\u221218\n\u22124\n\u221212",
                            "a b\n1 \u2260 1\na b\n2 2\na b c\n1 = 1 = 1\na b c\n2 2 2\na b c\n1 = 1 \u2260 1\na b c\n2 2 2",
                            "Intersecting\nlines\nCoincident\nlines\nParallel lines",
                            "Exactly one\nsolution\n(unique)\nInfinitely\nmany solutions\nNo solution"
                        ]
                    ]
                },
                {
                    "type": "paragraph_text",
                    "content": "26 MATHEMATICS"
                },
                {
                    "type": "paragraph_text",
                    "content": "Table 3.1"
                },
                {
                    "type": "paragraph_text",
                    "content": "a b c"
                },
                {
                    "type": "paragraph_text",
                    "content": "1 1 1"
                },
                {
                    "type": "paragraph_text",
                    "content": "Sl Pair of lines Compare the Graphical Algebraic"
                },
                {
                    "type": "paragraph_text",
                    "content": "a b c"
                },
                {
                    "type": "paragraph_text",
                    "content": "No. 2 2 2 ratios representationinterpretation"
                },
                {
                    "type": "paragraph_text",
                    "content": "1 \u22122 0 a 1 \u2260 b 1"
                },
                {
                    "type": "paragraph_text",
                    "content": "1. x \u2013 2y = 0 Intersecting Exactly one"
                },
                {
                    "type": "paragraph_text",
                    "content": "3 4 \u221220 a b"
                },
                {
                    "type": "paragraph_text",
                    "content": "2 2 lines solution"
                },
                {
                    "type": "paragraph_text",
                    "content": "3x + 4y \u2013 20 = 0"
                },
                {
                    "type": "paragraph_text",
                    "content": "(unique)"
                },
                {
                    "type": "paragraph_text",
                    "content": "2 3 \u22129 a 1 = b 1 = c 1"
                },
                {
                    "type": "paragraph_text",
                    "content": "2. 2x + 3y \u2013 9 = 0 Coincident Infinitely"
                },
                {
                    "type": "paragraph_text",
                    "content": "4 6 \u221218 a b c"
                },
                {
                    "type": "paragraph_text",
                    "content": "2 2 2 lines many solutions"
                },
                {
                    "type": "paragraph_text",
                    "content": "4x + 6y \u2013 18 = 0"
                },
                {
                    "type": "paragraph_text",
                    "content": "1 2 \u22124 a 1 = b 1 \u2260 c 1"
                },
                {
                    "type": "paragraph_text",
                    "content": "3. x + 2y \u2013 4 = 0 Parallel lines No solution"
                },
                {
                    "type": "paragraph_text",
                    "content": "2 4 \u221212 a b c"
                },
                {
                    "type": "paragraph_text",
                    "content": "2 2 2"
                },
                {
                    "type": "paragraph_text",
                    "content": "2x + 4y \u2013 12 = 0"
                },
                {
                    "type": "paragraph_text",
                    "content": "From the table above, you can observe that if the lines represented by the equation"
                },
                {
                    "type": "paragraph_text",
                    "content": "a x + b y + c = 0"
                },
                {
                    "type": "paragraph_text",
                    "content": "1 1 1"
                },
                {
                    "type": "paragraph_text",
                    "content": "and a x + b y + c = 0"
                },
                {
                    "type": "paragraph_text",
                    "content": "2 2 2"
                },
                {
                    "type": "paragraph_text",
                    "content": "a b"
                },
                {
                    "type": "paragraph_text",
                    "content": "are (i) intersecting, then 1 \u2260 1\u22c5"
                },
                {
                    "type": "paragraph_text",
                    "content": "a b"
                },
                {
                    "type": "paragraph_text",
                    "content": "2 2"
                },
                {
                    "type": "paragraph_text",
                    "content": "a b c"
                },
                {
                    "type": "paragraph_text",
                    "content": "(ii) coincident, then 1 = 1 = 1\u22c5"
                },
                {
                    "type": "paragraph_text",
                    "content": "a b c"
                },
                {
                    "type": "paragraph_text",
                    "content": "2 2 2"
                },
                {
                    "type": "paragraph_text",
                    "content": "a b c"
                },
                {
                    "type": "paragraph_text",
                    "content": "(iii) parallel, then 1 = 1 \u2260 1\u22c5"
                },
                {
                    "type": "paragraph_text",
                    "content": "a b c"
                },
                {
                    "type": "paragraph_text",
                    "content": "2 2 2"
                },
                {
                    "type": "paragraph_text",
                    "content": "In fact, the converse is also true for any pair of lines. You can verify them by"
                },
                {
                    "type": "paragraph_text",
                    "content": "considering some more examples by yourself."
                },
                {
                    "type": "paragraph_text",
                    "content": "Let us now consider some more examples to illustrate it."
                },
                {
                    "type": "paragraph_text",
                    "content": "Example 1 : Check graphically whether the pair of equations"
                },
                {
                    "type": "paragraph_text",
                    "content": "x + 3y = 6 (1)"
                },
                {
                    "type": "paragraph_text",
                    "content": "and 2x \u2013 3y = 12 (2)"
                },
                {
                    "type": "paragraph_text",
                    "content": "is consistent. If so, solve them graphically."
                },
                {
                    "type": "paragraph_text",
                    "content": "Solution : Let us draw the graphs of the Equations (1) and (2). For this, we find two"
                },
                {
                    "type": "paragraph_text",
                    "content": "solutions of each of the equations, which are given in Table 3.2"
                },
                {
                    "type": "paragraph_text",
                    "content": "Reprint 2025-26"
                },
                {
                    "type": "table",
                    "content": [
                        [
                            "x",
                            "0",
                            "6"
                        ],
                        [
                            "6 \u2212 x\ny =\n3",
                            "2",
                            "0"
                        ]
                    ]
                },
                {
                    "type": "paragraph_text",
                    "content": "PAIR OF LINEAR EQUATIONS IN TWO VARIABLES 27"
                },
                {
                    "type": "paragraph_text",
                    "content": "Table 3.2"
                },
                {
                    "type": "paragraph_text",
                    "content": "x 0 6 x 0 3"
                },
                {
                    "type": "paragraph_text",
                    "content": "6 \u2212 x 2x \u221212"
                },
                {
                    "type": "paragraph_text",
                    "content": "y = 2 0 y = \u20134 \u20132"
                },
                {
                    "type": "paragraph_text",
                    "content": "3 3"
                },
                {
                    "type": "paragraph_text",
                    "content": "Plot the points A(0, 2), B(6, 0),"
                },
                {
                    "type": "paragraph_text",
                    "content": "P(0, \u2013 4) and Q(3, \u2013 2) on graph"
                },
                {
                    "type": "paragraph_text",
                    "content": "paper, and join the points to form the"
                },
                {
                    "type": "paragraph_text",
                    "content": "lines AB and PQ as shown in"
                },
                {
                    "type": "paragraph_text",
                    "content": "Fig. 3.1."
                },
                {
                    "type": "paragraph_text",
                    "content": "We observe that there is a point"
                },
                {
                    "type": "paragraph_text",
                    "content": "B (6, 0) common to both the lines"
                },
                {
                    "type": "paragraph_text",
                    "content": "AB and PQ. So, the solution of the"
                },
                {
                    "type": "paragraph_text",
                    "content": "pair of linear equations is x = 6 and"
                },
                {
                    "type": "paragraph_text",
                    "content": "y = 0, i.e., the given pair of equations"
                },
                {
                    "type": "paragraph_text",
                    "content": "is consistent."
                },
                {
                    "type": "paragraph_text",
                    "content": "Fig. 3.1"
                },
                {
                    "type": "paragraph_text",
                    "content": "Example 2 : Graphically, find whether the following pair of equations has no solution,"
                },
                {
                    "type": "paragraph_text",
                    "content": "unique solution or infinitely many solutions:"
                },
                {
                    "type": "paragraph_text",
                    "content": "5x \u2013 8y + 1 = 0 (1)"
                },
                {
                    "type": "paragraph_text",
                    "content": "24 3"
                },
                {
                    "type": "paragraph_text",
                    "content": "3x \u2013 y + = 0 (2)"
                },
                {
                    "type": "paragraph_text",
                    "content": "5 5"
                },
                {
                    "type": "paragraph_text",
                    "content": "5"
                },
                {
                    "type": "paragraph_text",
                    "content": ","
                },
                {
                    "type": "paragraph_text",
                    "content": "Solution : Multiplying Equation (2) by we get"
                },
                {
                    "type": "paragraph_text",
                    "content": "3"
                },
                {
                    "type": "paragraph_text",
                    "content": "5x \u2013 8y + 1 = 0"
                },
                {
                    "type": "paragraph_text",
                    "content": "But, this is the same as Equation (1). Hence the lines represented by Equations (1)"
                },
                {
                    "type": "paragraph_text",
                    "content": "and (2) are coincident. Therefore, Equations (1) and (2) have infinitely many solutions."
                },
                {
                    "type": "paragraph_text",
                    "content": "Plot few points on the graph and verify it yourself."
                },
                {
                    "type": "paragraph_text",
                    "content": "Example 3 : Champa went to a \u2018Sale\u2019 to purchase some pants and skirts. When her"
                },
                {
                    "type": "paragraph_text",
                    "content": "friends asked her how many of each she had bought, she answered, \u201cThe number of"
                },
                {
                    "type": "paragraph_text",
                    "content": "skirts is two less than twice the number of pants purchased. Also, the number of skirts"
                },
                {
                    "type": "paragraph_text",
                    "content": "is four less than four times the number of pants purchased\u201d. Help her friends to find"
                },
                {
                    "type": "paragraph_text",
                    "content": "how many pants and skirts Champa bought."
                },
                {
                    "type": "paragraph_text",
                    "content": "Reprint 2025-26"
                },
                {
                    "type": "paragraph_text",
                    "content": "28 MATHEMATICS"
                },
                {
                    "type": "paragraph_text",
                    "content": "Solution : Let us denote the number of pants by x and the number of skirts by y. Then"
                },
                {
                    "type": "paragraph_text",
                    "content": "the equations formed are :"
                },
                {
                    "type": "paragraph_text",
                    "content": "y = 2x \u2013 2 (1)"
                },
                {
                    "type": "paragraph_text",
                    "content": "and y = 4x \u2013 4 (2)"
                },
                {
                    "type": "paragraph_text",
                    "content": "Let us draw the graphs of"
                },
                {
                    "type": "paragraph_text",
                    "content": "Equations (1) and (2) by finding two"
                },
                {
                    "type": "paragraph_text",
                    "content": "solutions for each of the equations."
                },
                {
                    "type": "paragraph_text",
                    "content": "They are given in Table 3.3."
                },
                {
                    "type": "paragraph_text",
                    "content": "Table 3.3"
                },
                {
                    "type": "paragraph_text",
                    "content": "x 2 0"
                },
                {
                    "type": "paragraph_text",
                    "content": "y = 2x \u2013 2 2 \u2013 2"
                },
                {
                    "type": "paragraph_text",
                    "content": "x 0 1"
                },
                {
                    "type": "paragraph_text",
                    "content": "y = 4x \u2013 4 \u2013 4 0"
                },
                {
                    "type": "paragraph_text",
                    "content": "Fig. 3.2"
                },
                {
                    "type": "paragraph_text",
                    "content": "Plot the points and draw the lines passing through them to represent the equations,"
                },
                {
                    "type": "paragraph_text",
                    "content": "as shown in Fig. 3.2."
                },
                {
                    "type": "paragraph_text",
                    "content": "The two lines intersect at the point (1, 0). So, x = 1, y = 0 is the required solution"
                },
                {
                    "type": "paragraph_text",
                    "content": "of the pair of linear equations, i.e., the number of pants she purchased is 1 and she did"
                },
                {
                    "type": "paragraph_text",
                    "content": "not buy any skirt."
                },
                {
                    "type": "paragraph_text",
                    "content": "Verify the answer by checking whether it satisfies the conditions of the given"
                },
                {
                    "type": "paragraph_text",
                    "content": "problem."
                },
                {
                    "type": "paragraph_text",
                    "content": "EXERCISE 3.1"
                },
                {
                    "type": "paragraph_text",
                    "content": "1. Form the pair of linear equations in the following problems, and find their solutions"
                },
                {
                    "type": "paragraph_text",
                    "content": "graphically."
                },
                {
                    "type": "paragraph_text",
                    "content": "(i) 10 students of Class X took part in a Mathematics quiz. If the number of girls is 4"
                },
                {
                    "type": "paragraph_text",
                    "content": "more than the number of boys, find the number of boys and girls who took part in"
                },
                {
                    "type": "paragraph_text",
                    "content": "the quiz."
                },
                {
                    "type": "paragraph_text",
                    "content": "Reprint 2025-26"
                },
                {
                    "type": "paragraph_text",
                    "content": "PAIR OF LINEAR EQUATIONS IN TWO VARIABLES 29"
                },
                {
                    "type": "paragraph_text",
                    "content": "(ii) 5 pencils and 7 pens together cost ` 50, whereas 7 pencils and 5 pens together"
                },
                {
                    "type": "paragraph_text",
                    "content": "cost ` 46. Find the cost of one pencil and that of one pen."
                },
                {
                    "type": "paragraph_text",
                    "content": "a b c"
                },
                {
                    "type": "paragraph_text",
                    "content": "2. On comparing the ratios 1 , 1 and 1 , find out whether the lines representing the"
                },
                {
                    "type": "paragraph_text",
                    "content": "a b c"
                },
                {
                    "type": "paragraph_text",
                    "content": "2 2 2"
                },
                {
                    "type": "paragraph_text",
                    "content": "following pairs of linear equations intersect at a point, are parallel or coincident:"
                },
                {
                    "type": "paragraph_text",
                    "content": "(i) 5x \u2013 4y + 8 = 0 (ii) 9x + 3y + 12 = 0"
                },
                {
                    "type": "paragraph_text",
                    "content": "7x + 6y \u2013 9 = 0 18x + 6y + 24 = 0"
                },
                {
                    "type": "paragraph_text",
                    "content": "(iii) 6x \u2013 3y + 10 = 0"
                },
                {
                    "type": "paragraph_text",
                    "content": "2x \u2013 y + 9 = 0"
                },
                {
                    "type": "paragraph_text",
                    "content": "a b c"
                },
                {
                    "type": "paragraph_text",
                    "content": "3. On comparing the ratios 1 , 1 and 1 , find out whether the following pair of linear"
                },
                {
                    "type": "paragraph_text",
                    "content": "a b c"
                },
                {
                    "type": "paragraph_text",
                    "content": "2 2 2"
                },
                {
                    "type": "paragraph_text",
                    "content": "equations are consistent, or inconsistent."
                },
                {
                    "type": "paragraph_text",
                    "content": "(i) 3x + 2y = 5 ; 2x \u2013 3y = 7 (ii) 2x \u2013 3y = 8 ; 4x \u2013 6y = 9"
                },
                {
                    "type": "paragraph_text",
                    "content": "3 5"
                },
                {
                    "type": "paragraph_text",
                    "content": "(iii) x \uf02b y \uf03d 7;9x \u2013 10y = 14 (iv) 5x \u2013 3y = 11 ; \u2013 10x + 6y = \u201322"
                },
                {
                    "type": "paragraph_text",
                    "content": "2 3"
                },
                {
                    "type": "paragraph_text",
                    "content": "4"
                },
                {
                    "type": "paragraph_text",
                    "content": "(v) x \uf02b 2y \uf03d8 ; 2x + 3y = 12"
                },
                {
                    "type": "paragraph_text",
                    "content": "3"
                },
                {
                    "type": "paragraph_text",
                    "content": "4. Which of the following pairs of linear equations are consistent/inconsistent? If"
                },
                {
                    "type": "paragraph_text",
                    "content": "consistent, obtain the solution graphically:"
                },
                {
                    "type": "paragraph_text",
                    "content": "(i) x + y = 5, 2x + 2y = 10"
                },
                {
                    "type": "paragraph_text",
                    "content": "(ii) x \u2013 y = 8, 3x \u2013 3y = 16"
                },
                {
                    "type": "paragraph_text",
                    "content": "(iii) 2x + y \u2013 6 = 0, 4x \u2013 2y \u2013 4 = 0"
                },
                {
                    "type": "paragraph_text",
                    "content": "(iv) 2x \u2013 2y \u2013 2 = 0, 4x \u2013 4y \u2013 5 = 0"
                },
                {
                    "type": "paragraph_text",
                    "content": "5. Half the perimeter of a rectangular garden, whose length is 4 m more than its width, is"
                },
                {
                    "type": "paragraph_text",
                    "content": "36 m. Find the dimensions of the garden."
                },
                {
                    "type": "paragraph_text",
                    "content": "6. Given the linear equation 2x + 3y \u2013 8 = 0, write another linear equation in two variables"
                },
                {
                    "type": "paragraph_text",
                    "content": "such that the geometrical representation of the pair so formed is:"
                },
                {
                    "type": "paragraph_text",
                    "content": "(i) intersecting lines (ii) parallel lines"
                },
                {
                    "type": "paragraph_text",
                    "content": "(iii) coincident lines"
                },
                {
                    "type": "paragraph_text",
                    "content": "7. Draw the graphs of the equations x \u2013 y + 1 = 0 and 3x + 2y \u2013 12 = 0. Determine the"
                },
                {
                    "type": "paragraph_text",
                    "content": "coordinates of the vertices of the triangle formed by these lines and the x-axis, and"
                },
                {
                    "type": "paragraph_text",
                    "content": "shade the triangular region."
                },
                {
                    "type": "paragraph_text",
                    "content": "Reprint 2025-26"
                },
                {
                    "type": "paragraph_text",
                    "content": "30 MATHEMATICS"
                },
                {
                    "type": "paragraph_text",
                    "content": "3.3 Algebraic Methods of Solving a Pair of Linear Equations"
                },
                {
                    "type": "paragraph_text",
                    "content": "In the previous section, we discussed how to solve a pair of linear equations graphically."
                },
                {
                    "type": "paragraph_text",
                    "content": "The graphical method is not convenient in cases when the point representing the"
                }
            ]
        },
        {
            "section_title": "( )",
            "content_blocks": [
                {
                    "type": "paragraph_text",
                    "content": "solution of the linear equations has non-integral coordinates like 3, 2 7 ,"
                },
                {
                    "type": "paragraph_text",
                    "content": "\uf0e6 4 1 \uf0f6"
                },
                {
                    "type": "paragraph_text",
                    "content": ","
                },
                {
                    "type": "paragraph_text",
                    "content": "(\u20131.75, 3.3), \uf0e7 \uf0f7, etc. There is every possibility of making mistakes while reading"
                },
                {
                    "type": "paragraph_text",
                    "content": "\uf0e813 19\uf0f8"
                },
                {
                    "type": "paragraph_text",
                    "content": "such coordinates. Is there any alternative method of finding the solution? There are"
                },
                {
                    "type": "paragraph_text",
                    "content": "several algebraic methods, which we shall now discuss."
                },
                {
                    "type": "paragraph_text",
                    "content": "3.3.1 Substitution Method : We shall explain the method of substitution by taking"
                },
                {
                    "type": "paragraph_text",
                    "content": "some examples."
                },
                {
                    "type": "paragraph_text",
                    "content": "Example 4 : Solve the following pair of equations by substitution method:"
                },
                {
                    "type": "paragraph_text",
                    "content": "7x \u2013 15y = 2 (1)"
                },
                {
                    "type": "paragraph_text",
                    "content": "x + 2y = 3 (2)"
                },
                {
                    "type": "paragraph_text",
                    "content": "Solution :"
                },
                {
                    "type": "paragraph_text",
                    "content": "Step 1 : We pick either of the equations and write one variable in terms of the other."
                },
                {
                    "type": "paragraph_text",
                    "content": "Let us consider the Equation (2) :"
                },
                {
                    "type": "paragraph_text",
                    "content": "x + 2y = 3"
                },
                {
                    "type": "paragraph_text",
                    "content": "and write it as x = 3 \u2013 2y (3)"
                },
                {
                    "type": "paragraph_text",
                    "content": "Step 2 : Substitute the value of x in Equation (1). We get"
                },
                {
                    "type": "paragraph_text",
                    "content": "7(3 \u2013 2y) \u2013 15y = 2"
                },
                {
                    "type": "paragraph_text",
                    "content": "i.e., 21 \u2013 14y \u2013 15y = 2"
                },
                {
                    "type": "paragraph_text",
                    "content": "i.e., \u201329y = \u201319"
                },
                {
                    "type": "paragraph_text",
                    "content": "19"
                },
                {
                    "type": "paragraph_text",
                    "content": "Therefore, y ="
                },
                {
                    "type": "paragraph_text",
                    "content": "29"
                },
                {
                    "type": "paragraph_text",
                    "content": "Step 3 : Substituting this value of y in Equation (3), we get"
                },
                {
                    "type": "paragraph_text",
                    "content": "\uf0e619\uf0f6 49"
                },
                {
                    "type": "paragraph_text",
                    "content": "x = 3 \u2013 2\uf0e7 \uf0f7 ="
                },
                {
                    "type": "paragraph_text",
                    "content": "\uf0e829\uf0f8 29"
                },
                {
                    "type": "paragraph_text",
                    "content": "49 19"
                },
                {
                    "type": "paragraph_text",
                    "content": "Therefore, the solution is x = , y = ."
                },
                {
                    "type": "paragraph_text",
                    "content": "29 29"
                },
                {
                    "type": "paragraph_text",
                    "content": "Reprint 2025-26"
                },
                {
                    "type": "paragraph_text",
                    "content": "PAIR OF LINEAR EQUATIONS IN TWO VARIABLES 31"
                },
                {
                    "type": "paragraph_text",
                    "content": "49 19"
                },
                {
                    "type": "paragraph_text",
                    "content": "Verification : Substituting x = and y = , you can verify that both the Equations"
                },
                {
                    "type": "paragraph_text",
                    "content": "29 29"
                },
                {
                    "type": "paragraph_text",
                    "content": "(1) and (2) are satisfied."
                },
                {
                    "type": "paragraph_text",
                    "content": "To understand the substitution method more clearly, let us consider it stepwise:"
                },
                {
                    "type": "paragraph_text",
                    "content": "Step 1 : Find the value of one variable, say y in terms of the other variable, i.e., x from"
                },
                {
                    "type": "paragraph_text",
                    "content": "either equation, whichever is convenient."
                },
                {
                    "type": "paragraph_text",
                    "content": "Step 2 : Substitute this value of y in the other equation, and reduce it to an equation in"
                },
                {
                    "type": "paragraph_text",
                    "content": "one variable, i.e., in terms of x, which can be solved. Sometimes, as in Examples 9 and"
                },
                {
                    "type": "paragraph_text",
                    "content": "10 below, you can get statements with no variable. If this statement is true, you can"
                },
                {
                    "type": "paragraph_text",
                    "content": "conclude that the pair of linear equations has infinitely many solutions. If the statement"
                },
                {
                    "type": "paragraph_text",
                    "content": "is false, then the pair of linear equations is inconsistent."
                },
                {
                    "type": "paragraph_text",
                    "content": "Step 3 : Substitute the value of x (or y) obtained in Step 2 in the equation used in"
                },
                {
                    "type": "paragraph_text",
                    "content": "Step 1 to obtain the value of the other variable."
                },
                {
                    "type": "paragraph_text",
                    "content": "Remark : We have substituted the value of one variable by expressing it in terms of"
                },
                {
                    "type": "paragraph_text",
                    "content": "the other variable to solve the pair of linear equations. That is why the method is"
                },
                {
                    "type": "paragraph_text",
                    "content": "known as the substitution method."
                },
                {
                    "type": "paragraph_text",
                    "content": "Example 5 : Solve the following question\u2014Aftab tells his daughter, \u201cSeven years"
                },
                {
                    "type": "paragraph_text",
                    "content": "ago, I was seven times as old as you were then. Also, three years from now, I shall be"
                },
                {
                    "type": "paragraph_text",
                    "content": "three times as old as you will be.\u201d (Isn\u2019t this interesting?) Represent this situation"
                },
                {
                    "type": "paragraph_text",
                    "content": "algebraically and graphically by the method of substitution."
                },
                {
                    "type": "paragraph_text",
                    "content": "Solution : Let s and t be the ages (in years) of Aftab and his daughter, respectively."
                },
                {
                    "type": "paragraph_text",
                    "content": "Then, the pair of linear equations that represent the situation is"
                },
                {
                    "type": "paragraph_text",
                    "content": "s \u2013 7 = 7 (t \u2013 7), i.e., s \u2013 7t + 42 = 0 (1)"
                },
                {
                    "type": "paragraph_text",
                    "content": "and s + 3 = 3 (t + 3), i.e., s \u2013 3t = 6 (2)"
                },
                {
                    "type": "paragraph_text",
                    "content": "Using Equation (2), we get s = 3t + 6."
                },
                {
                    "type": "paragraph_text",
                    "content": "Putting this value of s in Equation (1), we get"
                },
                {
                    "type": "paragraph_text",
                    "content": "(3t + 6) \u2013 7t + 42 = 0,"
                },
                {
                    "type": "paragraph_text",
                    "content": "i.e., 4t = 48, which gives t = 12."
                },
                {
                    "type": "paragraph_text",
                    "content": "Putting this value of t in Equation (2), we get"
                },
                {
                    "type": "paragraph_text",
                    "content": "s = 3 (12) + 6 = 42"
                },
                {
                    "type": "paragraph_text",
                    "content": "Reprint 2025-26"
                },
                {
                    "type": "paragraph_text",
                    "content": "32 MATHEMATICS"
                },
                {
                    "type": "paragraph_text",
                    "content": "So, Aftab and his daughter are 42 and 12 years old, respectively."
                },
                {
                    "type": "paragraph_text",
                    "content": "Verify this answer by checking if it satisfies the conditions of the given problems."
                },
                {
                    "type": "paragraph_text",
                    "content": "Example 6 : In a shop the cost of 2 pencils and 3 erasers is `9 and the cost of 4"
                },
                {
                    "type": "paragraph_text",
                    "content": "pencils and 6 erasers is `18. Find the cost of each pencil and each eraser."
                },
                {
                    "type": "paragraph_text",
                    "content": "Solution : The pair of linear equations formed were:"
                },
                {
                    "type": "paragraph_text",
                    "content": "2x + 3y = 9 (1)"
                },
                {
                    "type": "paragraph_text",
                    "content": "4x + 6y = 18 (2)"
                },
                {
                    "type": "paragraph_text",
                    "content": "We first express the value of x in terms of y from the equation 2x + 3y = 9, to get"
                },
                {
                    "type": "paragraph_text",
                    "content": "9\u22123y"
                },
                {
                    "type": "paragraph_text",
                    "content": "x = (3)"
                },
                {
                    "type": "paragraph_text",
                    "content": "2"
                },
                {
                    "type": "paragraph_text",
                    "content": "Now we substitute this value of x in Equation (2), to get"
                },
                {
                    "type": "paragraph_text",
                    "content": "4(9\u22123y)"
                },
                {
                    "type": "paragraph_text",
                    "content": "+ 6y = 18"
                },
                {
                    "type": "paragraph_text",
                    "content": "2"
                },
                {
                    "type": "paragraph_text",
                    "content": "i.e., 18 \u2013 6y + 6y = 18"
                },
                {
                    "type": "paragraph_text",
                    "content": "i.e., 18 = 18"
                },
                {
                    "type": "paragraph_text",
                    "content": "This statement is true for all values of y. However, we do not get a specific"
                },
                {
                    "type": "paragraph_text",
                    "content": "value of y as a solution. Therefore, we cannot obtain a specific value of x. This"
                },
                {
                    "type": "paragraph_text",
                    "content": "situation has arisen because both the given equations are the same. Therefore,"
                },
                {
                    "type": "paragraph_text",
                    "content": "Equations (1) and (2) have infinitely many solutions. We cannot find a unique"
                },
                {
                    "type": "paragraph_text",
                    "content": "cost of a pencil and an eraser, because there are many common solutions, to the"
                },
                {
                    "type": "paragraph_text",
                    "content": "given situation."
                },
                {
                    "type": "paragraph_text",
                    "content": "Example 7 : Two rails are represented by the equations"
                },
                {
                    "type": "paragraph_text",
                    "content": "x + 2y \u2013 4 = 0 and 2x + 4y \u2013 12 = 0. Will the rails cross each other?"
                },
                {
                    "type": "paragraph_text",
                    "content": "Solution : The pair of linear equations formed were:"
                },
                {
                    "type": "paragraph_text",
                    "content": "x + 2y \u2013 4 = 0 (1)"
                },
                {
                    "type": "paragraph_text",
                    "content": "2x + 4y \u2013 12 = 0 (2)"
                },
                {
                    "type": "paragraph_text",
                    "content": "We express x in terms of y from Equation (1) to get"
                },
                {
                    "type": "paragraph_text",
                    "content": "x = 4 \u2013 2y"
                },
                {
                    "type": "paragraph_text",
                    "content": "Now, we substitute this value of x in Equation (2) to get"
                },
                {
                    "type": "paragraph_text",
                    "content": "2(4 \u2013 2y) + 4y \u2013 12 = 0"
                },
                {
                    "type": "paragraph_text",
                    "content": "Reprint 2025-26"
                },
                {
                    "type": "paragraph_text",
                    "content": "PAIR OF LINEAR EQUATIONS IN TWO VARIABLES 33"
                },
                {
                    "type": "paragraph_text",
                    "content": "i.e., 8 \u2013 12 = 0"
                },
                {
                    "type": "paragraph_text",
                    "content": "i.e., \u2013 4 = 0"
                },
                {
                    "type": "paragraph_text",
                    "content": "which is a false statement."
                },
                {
                    "type": "paragraph_text",
                    "content": "Therefore, the equations do not have a common solution. So, the two rails will not"
                },
                {
                    "type": "paragraph_text",
                    "content": "cross each other."
                },
                {
                    "type": "paragraph_text",
                    "content": "EXERCISE 3.2"
                },
                {
                    "type": "paragraph_text",
                    "content": "1. Solve the following pair of linear equations by the substitution method."
                },
                {
                    "type": "paragraph_text",
                    "content": "(i) x + y = 14 (ii) s \u2013 t = 3"
                },
                {
                    "type": "paragraph_text",
                    "content": "s t"
                },
                {
                    "type": "paragraph_text",
                    "content": "x \u2013 y = 4 \uf02b \uf03d 6"
                },
                {
                    "type": "paragraph_text",
                    "content": "3 2"
                },
                {
                    "type": "paragraph_text",
                    "content": "(iii) 3x \u2013 y = 3 (iv) 0.2x + 0.3y = 1.3"
                },
                {
                    "type": "paragraph_text",
                    "content": "9x \u2013 3y = 9 0.4x + 0.5y = 2.3"
                },
                {
                    "type": "paragraph_text",
                    "content": "3x 5y"
                },
                {
                    "type": "paragraph_text",
                    "content": "(v) 2x\uf02b 3y\uf03d0 (vi) \uf02d \uf03d \uf02d2"
                },
                {
                    "type": "paragraph_text",
                    "content": "2 3"
                },
                {
                    "type": "paragraph_text",
                    "content": "x y 13"
                },
                {
                    "type": "paragraph_text",
                    "content": "3x\uf02d 8y \uf03d0 \uf02b \uf03d"
                },
                {
                    "type": "paragraph_text",
                    "content": "3 2 6"
                },
                {
                    "type": "paragraph_text",
                    "content": "2. Solve 2x + 3y = 11 and 2x \u2013 4y = \u2013 24 and hence find the value of \u2018m\u2019 for which"
                },
                {
                    "type": "paragraph_text",
                    "content": "y = mx + 3."
                },
                {
                    "type": "paragraph_text",
                    "content": "3. Form the pair of linear equations for the following problems and find their solution by"
                },
                {
                    "type": "paragraph_text",
                    "content": "substitution method."
                },
                {
                    "type": "paragraph_text",
                    "content": "(i) The difference between two numbers is 26 and one number is three times the other."
                },
                {
                    "type": "paragraph_text",
                    "content": "Find them."
                },
                {
                    "type": "paragraph_text",
                    "content": "(ii) The larger of two supplementary angles exceeds the smaller by 18 degrees. Find"
                },
                {
                    "type": "paragraph_text",
                    "content": "them."
                },
                {
                    "type": "paragraph_text",
                    "content": "(iii) The coach of a cricket team buys 7 bats and 6 balls for ` 3800. Later, she buys 3"
                },
                {
                    "type": "paragraph_text",
                    "content": "bats and 5 balls for ` 1750. Find the cost of each bat and each ball."
                },
                {
                    "type": "paragraph_text",
                    "content": "(iv) The taxi charges in a city consist of a fixed charge together with the charge for the"
                },
                {
                    "type": "paragraph_text",
                    "content": "distance covered. For a distance of 10 km, the charge paid is ` 105 and for a"
                },
                {
                    "type": "paragraph_text",
                    "content": "journey of 15 km, the charge paid is ` 155. What are the fixed charges and the"
                },
                {
                    "type": "paragraph_text",
                    "content": "charge per km? How much does a person have to pay for travelling a distance of"
                },
                {
                    "type": "paragraph_text",
                    "content": "25 km?"
                },
                {
                    "type": "paragraph_text",
                    "content": "9"
                },
                {
                    "type": "paragraph_text",
                    "content": "(v) A fraction becomes , if 2 is added to both the numerator and the denominator."
                },
                {
                    "type": "paragraph_text",
                    "content": "11 5"
                },
                {
                    "type": "paragraph_text",
                    "content": "If, 3 is added to both the numerator and the denominator it becomes . Find the"
                },
                {
                    "type": "paragraph_text",
                    "content": "6"
                },
                {
                    "type": "paragraph_text",
                    "content": "fraction."
                },
                {
                    "type": "paragraph_text",
                    "content": "Reprint 2025-26"
                },
                {
                    "type": "paragraph_text",
                    "content": "34 MATHEMATICS"
                },
                {
                    "type": "paragraph_text",
                    "content": "(vi) Five years hence, the age of Jacob will be three times that of his son. Five years"
                },
                {
                    "type": "paragraph_text",
                    "content": "ago, Jacob\u2019s age was seven times that of his son. What are their present ages?"
                },
                {
                    "type": "paragraph_text",
                    "content": "3.3.2 Elimination Method"
                },
                {
                    "type": "paragraph_text",
                    "content": "Now let us consider another method of eliminating (i.e., removing) one variable. This"
                },
                {
                    "type": "paragraph_text",
                    "content": "is sometimes more convenient than the substitution method. Let us see how this method"
                },
                {
                    "type": "paragraph_text",
                    "content": "works."
                },
                {
                    "type": "paragraph_text",
                    "content": "Example 8 : The ratio of incomes of two persons is 9 : 7 and the ratio of their"
                },
                {
                    "type": "paragraph_text",
                    "content": "expenditures is 4 : 3. If each of them manages to save ` 2000 per month, find their"
                },
                {
                    "type": "paragraph_text",
                    "content": "monthly incomes."
                },
                {
                    "type": "paragraph_text",
                    "content": "Solution : Let us denote the incomes of the two person by ` 9x and ` 7x and their"
                },
                {
                    "type": "paragraph_text",
                    "content": "expenditures by ` 4y and ` 3y respectively. Then the equations formed in the situation"
                },
                {
                    "type": "paragraph_text",
                    "content": "is given by :"
                },
                {
                    "type": "paragraph_text",
                    "content": "9x \u2013 4y = 2000 (1)"
                },
                {
                    "type": "paragraph_text",
                    "content": "and 7x \u2013 3y = 2000 (2)"
                },
                {
                    "type": "paragraph_text",
                    "content": "Step 1 : Multiply Equation (1) by 3 and Equation (2) by 4 to make the coefficients of"
                },
                {
                    "type": "paragraph_text",
                    "content": "y equal. Then we get the equations:"
                },
                {
                    "type": "paragraph_text",
                    "content": "27x \u2013 12y = 6000 (3)"
                },
                {
                    "type": "paragraph_text",
                    "content": "28x \u2013 12y = 8000 (4)"
                },
                {
                    "type": "paragraph_text",
                    "content": "Step 2 : Subtract Equation (3) from Equation (4) to eliminate y, because the coefficients"
                },
                {
                    "type": "paragraph_text",
                    "content": "of y are the same. So, we get"
                },
                {
                    "type": "paragraph_text",
                    "content": "(28x \u2013 27x) \u2013 (12y \u2013 12y) = 8000 \u2013 6000"
                },
                {
                    "type": "paragraph_text",
                    "content": "i.e., x = 2000"
                },
                {
                    "type": "paragraph_text",
                    "content": "Step 3 : Substituting this value of x in (1), we get"
                },
                {
                    "type": "paragraph_text",
                    "content": "9(2000) \u2013 4y = 2000"
                },
                {
                    "type": "paragraph_text",
                    "content": "i.e., y = 4000"
                },
                {
                    "type": "paragraph_text",
                    "content": "So, the solution of the equations is x = 2000, y = 4000. Therefore, the monthly incomes"
                },
                {
                    "type": "paragraph_text",
                    "content": "of the persons are ` 18,000 and ` 14,000, respectively."
                },
                {
                    "type": "paragraph_text",
                    "content": "Verification : 18000 : 14000 = 9 : 7. Also, the ratio of their expenditures ="
                },
                {
                    "type": "paragraph_text",
                    "content": "18000 \u2013 2000 : 14000 \u2013 2000 = 16000 : 12000 = 4 : 3"
                },
                {
                    "type": "paragraph_text",
                    "content": "Remarks :"
                },
                {
                    "type": "paragraph_text",
                    "content": "1. The method used in solving the example above is called the elimination method,"
                },
                {
                    "type": "paragraph_text",
                    "content": "because we eliminate one variable first, to get a linear equation in one variable."
                },
                {
                    "type": "paragraph_text",
                    "content": "Reprint 2025-26"
                },
                {
                    "type": "paragraph_text",
                    "content": "PAIR OF LINEAR EQUATIONS IN TWO VARIABLES 35"
                },
                {
                    "type": "paragraph_text",
                    "content": "In the example above, we eliminated y. We could also have eliminated x. Try"
                },
                {
                    "type": "paragraph_text",
                    "content": "doing it that way."
                },
                {
                    "type": "paragraph_text",
                    "content": "2. You could also have used the substitution, or graphical method, to solve this"
                },
                {
                    "type": "paragraph_text",
                    "content": "problem. Try doing so, and see which method is more convenient."
                },
                {
                    "type": "paragraph_text",
                    "content": "Let us now note down these steps in the elimination method :"
                },
                {
                    "type": "paragraph_text",
                    "content": "Step 1 : First multiply both the equations by some suitable non-zero constants to make"
                },
                {
                    "type": "paragraph_text",
                    "content": "the coefficients of one variable (either x or y) numerically equal."
                },
                {
                    "type": "paragraph_text",
                    "content": "Step 2 : Then add or subtract one equation from the other so that one variable gets"
                },
                {
                    "type": "paragraph_text",
                    "content": "eliminated. If you get an equation in one variable, go to Step 3."
                },
                {
                    "type": "paragraph_text",
                    "content": "If in Step 2, we obtain a true statement involving no variable, then the original"
                },
                {
                    "type": "paragraph_text",
                    "content": "pair of equations has infinitely many solutions."
                },
                {
                    "type": "paragraph_text",
                    "content": "If in Step 2, we obtain a false statement involving no variable, then the original"
                },
                {
                    "type": "paragraph_text",
                    "content": "pair of equations has no solution, i.e., it is inconsistent."
                },
                {
                    "type": "paragraph_text",
                    "content": "Step 3 : Solve the equation in one variable (x or y) so obtained to get its value."
                },
                {
                    "type": "paragraph_text",
                    "content": "Step 4 : Substitute this value of x (or y) in either of the original equations to get the"
                },
                {
                    "type": "paragraph_text",
                    "content": "value of the other variable."
                },
                {
                    "type": "paragraph_text",
                    "content": "Now to illustrate it, we shall solve few more examples."
                },
                {
                    "type": "paragraph_text",
                    "content": "Example 9 : Use elimination method to find all possible solutions of the following pair"
                },
                {
                    "type": "paragraph_text",
                    "content": "of linear equations :"
                },
                {
                    "type": "paragraph_text",
                    "content": "2x + 3y = 8 (1)"
                },
                {
                    "type": "paragraph_text",
                    "content": "4x + 6y = 7 (2)"
                },
                {
                    "type": "paragraph_text",
                    "content": "Solution :"
                },
                {
                    "type": "paragraph_text",
                    "content": "Step 1 : Multiply Equation (1) by 2 and Equation (2) by 1 to make the"
                },
                {
                    "type": "paragraph_text",
                    "content": "coefficients of x equal. Then we get the equations as :"
                },
                {
                    "type": "paragraph_text",
                    "content": "4x + 6y = 16 (3)"
                },
                {
                    "type": "paragraph_text",
                    "content": "4x + 6y = 7 (4)"
                },
                {
                    "type": "paragraph_text",
                    "content": "Step 2 : Subtracting Equation (4) from Equation (3),"
                },
                {
                    "type": "paragraph_text",
                    "content": "(4x \u2013 4x) + (6y \u2013 6y) = 16 \u2013 7"
                },
                {
                    "type": "paragraph_text",
                    "content": "i.e., 0 = 9, which is a false statement."
                },
                {
                    "type": "paragraph_text",
                    "content": "Therefore, the pair of equations has no solution."
                },
                {
                    "type": "paragraph_text",
                    "content": "Example 10 : The sum of a two-digit number and the number obtained by reversing"
                },
                {
                    "type": "paragraph_text",
                    "content": "the digits is 66. If the digits of the number differ by 2, find the number. How many such"
                },
                {
                    "type": "paragraph_text",
                    "content": "numbers are there?"
                },
                {
                    "type": "paragraph_text",
                    "content": "Reprint 2025-26"
                },
                {
                    "type": "paragraph_text",
                    "content": "36 MATHEMATICS"
                },
                {
                    "type": "paragraph_text",
                    "content": "Solution : Let the ten\u2019s and the unit\u2019s digits in the first number be x and y, respectively."
                },
                {
                    "type": "paragraph_text",
                    "content": "So, the first number may be written as 10x + y in the expanded form (for example,"
                },
                {
                    "type": "paragraph_text",
                    "content": "56 = 10(5) + 6)."
                },
                {
                    "type": "paragraph_text",
                    "content": "When the digits are reversed, x becomes the unit\u2019s digit and y becomes the ten\u2019s"
                },
                {
                    "type": "paragraph_text",
                    "content": "digit. This number, in the expanded notation is 10y + x (for example, when 56 is"
                },
                {
                    "type": "paragraph_text",
                    "content": "reversed, we get 65 = 10(6) + 5)."
                },
                {
                    "type": "paragraph_text",
                    "content": "According to the given condition."
                },
                {
                    "type": "paragraph_text",
                    "content": "(10x + y) + (10y + x) = 66"
                },
                {
                    "type": "paragraph_text",
                    "content": "i.e., 11(x + y) = 66"
                },
                {
                    "type": "paragraph_text",
                    "content": "i.e., x + y = 6 (1)"
                },
                {
                    "type": "paragraph_text",
                    "content": "We are also given that the digits differ by 2, therefore,"
                },
                {
                    "type": "paragraph_text",
                    "content": "either x \u2013 y = 2 (2)"
                },
                {
                    "type": "paragraph_text",
                    "content": "or y \u2013 x = 2 (3)"
                },
                {
                    "type": "paragraph_text",
                    "content": "If x \u2013 y = 2, then solving (1) and (2) by elimination, we get x = 4 and y = 2."
                },
                {
                    "type": "paragraph_text",
                    "content": "In this case, we get the number 42."
                },
                {
                    "type": "paragraph_text",
                    "content": "If y \u2013 x = 2, then solving (1) and (3) by elimination, we get x = 2 and y = 4."
                },
                {
                    "type": "paragraph_text",
                    "content": "In this case, we get the number 24."
                },
                {
                    "type": "paragraph_text",
                    "content": "Thus, there are two such numbers 42 and 24."
                },
                {
                    "type": "paragraph_text",
                    "content": "Verification : Here 42 + 24 = 66 and 4 \u2013 2 = 2. Also 24 + 42 = 66 and 4 \u2013 2 = 2."
                },
                {
                    "type": "paragraph_text",
                    "content": "EXERCISE 3.3"
                },
                {
                    "type": "paragraph_text",
                    "content": "1. Solve the following pair of linear equations by the elimination method and the substitution"
                },
                {
                    "type": "paragraph_text",
                    "content": "method :"
                },
                {
                    "type": "paragraph_text",
                    "content": "(i) x + y = 5 and 2x \u2013 3y = 4 (ii) 3x + 4y = 10 and 2x \u2013 2y = 2"
                },
                {
                    "type": "paragraph_text",
                    "content": "x 2y y"
                },
                {
                    "type": "paragraph_text",
                    "content": "(iii) 3x \u2013 5y \u2013 4 = 0 and 9x = 2y + 7 (iv) \uf02b \uf03d \uf02d1and x \uf02d \uf03d3"
                },
                {
                    "type": "paragraph_text",
                    "content": "2 3 3"
                },
                {
                    "type": "paragraph_text",
                    "content": "2. Form the pair of linear equations in the following problems, and find their solutions"
                },
                {
                    "type": "paragraph_text",
                    "content": "(if they exist) by the elimination method :"
                },
                {
                    "type": "paragraph_text",
                    "content": "(i) If we add 1 to the numerator and subtract 1 from the denominator, a fraction reduces"
                },
                {
                    "type": "paragraph_text",
                    "content": "1"
                },
                {
                    "type": "paragraph_text",
                    "content": "to 1. It becomes if we only add 1 to the denominator. What is the fraction?"
                },
                {
                    "type": "paragraph_text",
                    "content": "2"
                },
                {
                    "type": "paragraph_text",
                    "content": "(ii) Five years ago, Nuri was thrice as old as Sonu. Ten years later, Nuri will be twice as"
                },
                {
                    "type": "paragraph_text",
                    "content": "old as Sonu. How old are Nuri and Sonu?"
                },
                {
                    "type": "paragraph_text",
                    "content": "(iii) The sum of the digits of a two-digit number is 9. Also, nine times this number is"
                },
                {
                    "type": "paragraph_text",
                    "content": "twice the number obtained by reversing the order of the digits. Find the number."
                },
                {
                    "type": "paragraph_text",
                    "content": "Reprint 2025-26"
                },
                {
                    "type": "paragraph_text",
                    "content": "PAIR OF LINEAR EQUATIONS IN TWO VARIABLES 37"
                },
                {
                    "type": "paragraph_text",
                    "content": "(iv) Meena went to a bank to withdraw ` 2000. She asked the cashier to give her"
                },
                {
                    "type": "paragraph_text",
                    "content": "` 50 and ` 100 notes only. Meena got 25 notes in all. Find how many notes of"
                },
                {
                    "type": "paragraph_text",
                    "content": "` 50 and ` 100 she received."
                },
                {
                    "type": "paragraph_text",
                    "content": "(v) A lending library has a fixed charge for the first three days and an additional charge"
                },
                {
                    "type": "paragraph_text",
                    "content": "for each day thereafter. Saritha paid ` 27 for a book kept for seven days, while Susy"
                },
                {
                    "type": "paragraph_text",
                    "content": "paid ` 21 for the book she kept for five days. Find the fixed charge and the charge"
                },
                {
                    "type": "paragraph_text",
                    "content": "for each extra day."
                },
                {
                    "type": "paragraph_text",
                    "content": "3.4 Summary"
                },
                {
                    "type": "paragraph_text",
                    "content": "In this chapter, you have studied the following points:"
                },
                {
                    "type": "paragraph_text",
                    "content": "1. A pair of linear equations in two variables can be represented, and solved, by the:"
                },
                {
                    "type": "paragraph_text",
                    "content": "(i) graphical method"
                },
                {
                    "type": "paragraph_text",
                    "content": "(ii) algebraic method"
                },
                {
                    "type": "paragraph_text",
                    "content": "2. Graphical Method :"
                },
                {
                    "type": "paragraph_text",
                    "content": "The graph of a pair of linear equations in two variables is represented by two lines."
                },
                {
                    "type": "paragraph_text",
                    "content": "(i) If the lines intersect at a point, then that point gives the unique solution of the two"
                },
                {
                    "type": "paragraph_text",
                    "content": "equations. In this case, the pair of equations is consistent."
                },
                {
                    "type": "paragraph_text",
                    "content": "(ii) If the lines coincide, then there are infinitely many solutions \u2014 each point on"
                },
                {
                    "type": "paragraph_text",
                    "content": "the line being a solution. In this case, the pair of equations is dependent"
                },
                {
                    "type": "paragraph_text",
                    "content": "(consistent)."
                },
                {
                    "type": "paragraph_text",
                    "content": "(iii) If the lines are parallel, then the pair of equations has no solution. In this case, the"
                },
                {
                    "type": "paragraph_text",
                    "content": "pair of equations is inconsistent."
                },
                {
                    "type": "paragraph_text",
                    "content": "3. Algebraic Methods : We have discussed the following methods for finding the solution(s)"
                },
                {
                    "type": "paragraph_text",
                    "content": "of a pair of linear equations :"
                },
                {
                    "type": "paragraph_text",
                    "content": "(i) Substitution Method"
                },
                {
                    "type": "paragraph_text",
                    "content": "(ii) Elimination Method"
                },
                {
                    "type": "paragraph_text",
                    "content": "4. If a pair of linear equations is given by ax + by + c = 0 and ax + by + c = 0, then the"
                },
                {
                    "type": "paragraph_text",
                    "content": "1 1 1 2 2 2"
                },
                {
                    "type": "paragraph_text",
                    "content": "following situations can arise :"
                },
                {
                    "type": "paragraph_text",
                    "content": "a b"
                },
                {
                    "type": "paragraph_text",
                    "content": "(i) 1 \uf0b9 1 : In this case, the pair of linear equations is consistent."
                },
                {
                    "type": "paragraph_text",
                    "content": "a b"
                },
                {
                    "type": "paragraph_text",
                    "content": "2 1"
                },
                {
                    "type": "paragraph_text",
                    "content": "a b c"
                },
                {
                    "type": "paragraph_text",
                    "content": "(ii) 1 \uf03d 1 \uf0b9 1 : In this case, the pair of linear equations is inconsistent."
                },
                {
                    "type": "paragraph_text",
                    "content": "a b c"
                },
                {
                    "type": "paragraph_text",
                    "content": "2 2 2"
                },
                {
                    "type": "paragraph_text",
                    "content": "a b c"
                },
                {
                    "type": "paragraph_text",
                    "content": "(iii) 1 \uf03d 1 \uf03d 1 : In this case, the pair of linear equations is dependent and consistent."
                },
                {
                    "type": "paragraph_text",
                    "content": "a b c"
                },
                {
                    "type": "paragraph_text",
                    "content": "2 2 2"
                },
                {
                    "type": "paragraph_text",
                    "content": "5. There are several situations which can be mathematically represented by two equations"
                },
                {
                    "type": "paragraph_text",
                    "content": "that are not linear to start with. But we alter them so that they are reduced to a pair of"
                },
                {
                    "type": "paragraph_text",
                    "content": "linear equations."
                },
                {
                    "type": "paragraph_text",
                    "content": "Reprint 2025-26"
                }
            ]
        }
    ]
}