{
    "book": "Mathematics",
    "chapter": "ch4",
    "sections": [
        {
            "section_title": "Introduction",
            "content_blocks": [
                {
                    "type": "paragraph_text",
                    "content": "38 MATHEMATICS"
                }
            ]
        },
        {
            "section_title": "UADRATIC QUATIONS",
            "content_blocks": [
                {
                    "type": "paragraph_text",
                    "content": "4.1 Introduction"
                },
                {
                    "type": "paragraph_text",
                    "content": "In Chapter 2, you have studied different types of polynomials. One type was the"
                },
                {
                    "type": "paragraph_text",
                    "content": "quadratic polynomial of the form ax2 + bx + c, a \uf0b9 0. When we equate this polynomial"
                },
                {
                    "type": "paragraph_text",
                    "content": "to zero, we get a quadratic equation. Quadratic equations come up when we deal with"
                },
                {
                    "type": "paragraph_text",
                    "content": "many real-life situations. For instance, suppose a"
                },
                {
                    "type": "paragraph_text",
                    "content": "charity trust decides to build a prayer hall having"
                },
                {
                    "type": "paragraph_text",
                    "content": "a carpet area of 300 square metres with its length"
                },
                {
                    "type": "paragraph_text",
                    "content": "one metre more than twice its breadth. What"
                },
                {
                    "type": "paragraph_text",
                    "content": "should be the length and breadth of the hall?"
                },
                {
                    "type": "paragraph_text",
                    "content": "Suppose the breadth of the hall is x metres. Then,"
                },
                {
                    "type": "paragraph_text",
                    "content": "its length should be (2x + 1) metres. We can depict"
                },
                {
                    "type": "paragraph_text",
                    "content": "Fig. 4.1"
                },
                {
                    "type": "paragraph_text",
                    "content": "this information pictorially as shown in Fig. 4.1."
                },
                {
                    "type": "paragraph_text",
                    "content": "Now, area of the hall = (2x + 1). x m2 = (2x2 + x) m2"
                },
                {
                    "type": "paragraph_text",
                    "content": "So, 2x2 + x = 300 (Given)"
                },
                {
                    "type": "paragraph_text",
                    "content": "Therefore, 2x2 + x \u2013 300 = 0"
                },
                {
                    "type": "paragraph_text",
                    "content": "So, the breadth of the hall should satisfy the equation 2x2 + x \u2013 300 = 0 which is a"
                },
                {
                    "type": "paragraph_text",
                    "content": "quadratic equation."
                },
                {
                    "type": "paragraph_text",
                    "content": "Many people believe that Babylonians were the first to solve quadratic equations."
                },
                {
                    "type": "paragraph_text",
                    "content": "For instance, they knew how to find two positive numbers with a given positive sum"
                },
                {
                    "type": "paragraph_text",
                    "content": "and a given positive product, and this problem is equivalent to solving a quadratic"
                },
                {
                    "type": "paragraph_text",
                    "content": "equation of the form x2 \u2013 px + q = 0. Greek mathematician Euclid developed a"
                },
                {
                    "type": "paragraph_text",
                    "content": "geometrical approach for finding out lengths which, in our present day terminology,"
                },
                {
                    "type": "paragraph_text",
                    "content": "are solutions of quadratic equations. Solving of quadratic equations, in general form, is"
                },
                {
                    "type": "paragraph_text",
                    "content": "often credited to ancient Indian mathematicians. In fact, Brahmagupta (C.E.598\u2013665)"
                },
                {
                    "type": "paragraph_text",
                    "content": "gave an explicit formula to solve a quadratic equation of the form ax2 + bx = c. Later,"
                },
                {
                    "type": "paragraph_text",
                    "content": "Reprint 2025-26"
                },
                {
                    "type": "paragraph_text",
                    "content": "QUADRATIC EQUATIONS 39"
                },
                {
                    "type": "paragraph_text",
                    "content": "Sridharacharya (C.E. 1025) derived a formula, now known as the quadratic formula,"
                },
                {
                    "type": "paragraph_text",
                    "content": "(as quoted by Bhaskara II) for solving a quadratic equation by the method of completing"
                },
                {
                    "type": "paragraph_text",
                    "content": "the square. An Arab mathematician Al-Khwarizmi (about C.E. 800) also studied"
                },
                {
                    "type": "paragraph_text",
                    "content": "quadratic equations of different types. Abraham bar Hiyya Ha-Nasi, in his book"
                },
                {
                    "type": "paragraph_text",
                    "content": "\u2018Liber embadorum\u2019 published in Europe in C.E. 1145 gave complete solutions of"
                },
                {
                    "type": "paragraph_text",
                    "content": "different quadratic equations."
                },
                {
                    "type": "paragraph_text",
                    "content": "In this chapter, you will study quadratic equations, and various ways of finding"
                },
                {
                    "type": "paragraph_text",
                    "content": "their roots. You will also see some applications of quadratic equations in daily life"
                },
                {
                    "type": "paragraph_text",
                    "content": "situations."
                },
                {
                    "type": "paragraph_text",
                    "content": "4.2 Quadratic Equations"
                },
                {
                    "type": "paragraph_text",
                    "content": "A quadratic equation in the variable x is an equation of the form ax2 + bx + c = 0, where"
                },
                {
                    "type": "paragraph_text",
                    "content": "a, b, c are real numbers, a \uf0b9 0. For example, 2x2 + x \u2013 300 = 0 is a quadratic equation."
                },
                {
                    "type": "paragraph_text",
                    "content": "Similarly, 2x2 \u2013 3x + 1 = 0, 4x \u2013 3x2 + 2 = 0 and 1 \u2013 x2 + 300 = 0 are also quadratic"
                },
                {
                    "type": "paragraph_text",
                    "content": "equations."
                },
                {
                    "type": "paragraph_text",
                    "content": "In fact, any equation of the form p(x) = 0, where p(x) is a polynomial of degree"
                },
                {
                    "type": "paragraph_text",
                    "content": "2, is a quadratic equation. But when we write the terms of p(x) in descending order of"
                },
                {
                    "type": "paragraph_text",
                    "content": "their degrees, then we get the standard form of the equation. That is, ax2 + bx + c = 0,"
                },
                {
                    "type": "paragraph_text",
                    "content": "a \uf0b9 0 is called the standard form of a quadratic equation."
                },
                {
                    "type": "paragraph_text",
                    "content": "Quadratic equations arise in several situations in the world around us and in"
                },
                {
                    "type": "paragraph_text",
                    "content": "different fields of mathematics. Let us consider a few examples."
                },
                {
                    "type": "paragraph_text",
                    "content": "Example 1 : Represent the following situations mathematically:"
                },
                {
                    "type": "paragraph_text",
                    "content": "(i) John and Jivanti together have 45 marbles. Both of them lost 5 marbles each, and"
                },
                {
                    "type": "paragraph_text",
                    "content": "the product of the number of marbles they now have is 124. We would like to find"
                },
                {
                    "type": "paragraph_text",
                    "content": "out how many marbles they had to start with."
                },
                {
                    "type": "paragraph_text",
                    "content": "(ii) A cottage industry produces a certain number of toys in a day. The cost of"
                },
                {
                    "type": "paragraph_text",
                    "content": "production of each toy (in rupees) was found to be 55 minus the number of toys"
                },
                {
                    "type": "paragraph_text",
                    "content": "produced in a day. On a particular day, the total cost of production was"
                },
                {
                    "type": "paragraph_text",
                    "content": "` 750. We would like to find out the number of toys produced on that day."
                },
                {
                    "type": "paragraph_text",
                    "content": "Solution :"
                },
                {
                    "type": "paragraph_text",
                    "content": "(i) Let the number of marbles John had be x."
                },
                {
                    "type": "paragraph_text",
                    "content": "Then the number of marbles Jivanti had = 45 \u2013 x (Why?)."
                },
                {
                    "type": "paragraph_text",
                    "content": "The number of marbles left with John, when he lost 5 marbles = x \u2013 5"
                },
                {
                    "type": "paragraph_text",
                    "content": "The number of marbles left with Jivanti, when she lost 5 marbles = 45 \u2013 x \u2013 5"
                },
                {
                    "type": "paragraph_text",
                    "content": "= 40 \u2013 x"
                },
                {
                    "type": "paragraph_text",
                    "content": "Reprint 2025-26"
                },
                {
                    "type": "paragraph_text",
                    "content": "40 MATHEMATICS"
                },
                {
                    "type": "paragraph_text",
                    "content": "Therefore, their product = (x \u2013 5) (40 \u2013 x)"
                },
                {
                    "type": "paragraph_text",
                    "content": "= 40x \u2013 x2 \u2013 200 + 5x"
                },
                {
                    "type": "paragraph_text",
                    "content": "= \u2013 x2 + 45x \u2013 200"
                },
                {
                    "type": "paragraph_text",
                    "content": "So, \u2013 x2 + 45x \u2013 200 = 124 (Given that product = 124)"
                },
                {
                    "type": "paragraph_text",
                    "content": "i.e., \u2013 x2 + 45x \u2013 324 = 0"
                },
                {
                    "type": "paragraph_text",
                    "content": "i.e., x2 \u2013 45x + 324 = 0"
                },
                {
                    "type": "paragraph_text",
                    "content": "Therefore, the number of marbles John had, satisfies the quadratic equation"
                },
                {
                    "type": "paragraph_text",
                    "content": "x2 \u2013 45x + 324 = 0"
                },
                {
                    "type": "paragraph_text",
                    "content": "which is the required representation of the problem mathematically."
                },
                {
                    "type": "paragraph_text",
                    "content": "(ii) Let the number of toys produced on that day be x."
                },
                {
                    "type": "paragraph_text",
                    "content": "Therefore, the cost of production (in rupees) of each toy that day = 55 \u2013 x"
                },
                {
                    "type": "paragraph_text",
                    "content": "So, the total cost of production (in rupees) that day = x (55 \u2013 x)"
                },
                {
                    "type": "paragraph_text",
                    "content": "Therefore, x (55 \u2013 x) = 750"
                },
                {
                    "type": "paragraph_text",
                    "content": "i.e., 55x \u2013 x2 = 750"
                },
                {
                    "type": "paragraph_text",
                    "content": "i.e., \u2013 x2 + 55x \u2013 750 = 0"
                },
                {
                    "type": "paragraph_text",
                    "content": "i.e., x2 \u2013 55x + 750 = 0"
                },
                {
                    "type": "paragraph_text",
                    "content": "Therefore, the number of toys produced that day satisfies the quadratic equation"
                },
                {
                    "type": "paragraph_text",
                    "content": "x2 \u2013 55x + 750 = 0"
                },
                {
                    "type": "paragraph_text",
                    "content": "which is the required representation of the problem mathematically."
                },
                {
                    "type": "paragraph_text",
                    "content": "Example 2 : Check whether the following are quadratic equations:"
                },
                {
                    "type": "paragraph_text",
                    "content": "(i) (x \u2013 2)2 + 1 = 2x \u2013 3 (ii) x(x + 1) + 8 = (x + 2) (x \u2013 2)"
                },
                {
                    "type": "paragraph_text",
                    "content": "(iii) x (2x + 3) = x2 + 1 (iv) (x + 2)3 = x3 \u2013 4"
                },
                {
                    "type": "paragraph_text",
                    "content": "Solution :"
                },
                {
                    "type": "paragraph_text",
                    "content": "(i) LHS = (x \u2013 2)2 + 1 = x2 \u2013 4x + 4 + 1 = x2 \u2013 4x + 5"
                },
                {
                    "type": "paragraph_text",
                    "content": "Therefore, (x \u2013 2)2 + 1 = 2x \u2013 3 can be rewritten as"
                },
                {
                    "type": "paragraph_text",
                    "content": "x2 \u2013 4x + 5 = 2x \u2013 3"
                },
                {
                    "type": "paragraph_text",
                    "content": "i.e., x2 \u2013 6x + 8 = 0"
                },
                {
                    "type": "paragraph_text",
                    "content": "It is of the form ax2 + bx + c = 0."
                },
                {
                    "type": "paragraph_text",
                    "content": "Therefore, the given equation is a quadratic equation."
                },
                {
                    "type": "paragraph_text",
                    "content": "Reprint 2025-26"
                },
                {
                    "type": "paragraph_text",
                    "content": "QUADRATIC EQUATIONS 41"
                },
                {
                    "type": "paragraph_text",
                    "content": "(ii) Since x(x + 1) + 8 = x2 + x + 8 and (x + 2)(x \u2013 2) = x2 \u2013 4"
                },
                {
                    "type": "paragraph_text",
                    "content": "Therefore, x2 + x + 8 = x2 \u2013 4"
                },
                {
                    "type": "paragraph_text",
                    "content": "i.e., x + 12 = 0"
                },
                {
                    "type": "paragraph_text",
                    "content": "It is not of the form ax2 + bx + c = 0."
                },
                {
                    "type": "paragraph_text",
                    "content": "Therefore, the given equation is not a quadratic equation."
                },
                {
                    "type": "paragraph_text",
                    "content": "(iii) Here, LHS = x (2x + 3) = 2x2 + 3x"
                },
                {
                    "type": "paragraph_text",
                    "content": "So, x (2x + 3) = x2 + 1 can be rewritten as"
                },
                {
                    "type": "paragraph_text",
                    "content": "2x2 + 3x = x2 + 1"
                },
                {
                    "type": "paragraph_text",
                    "content": "Therefore, we get x2 + 3x \u2013 1 = 0"
                },
                {
                    "type": "paragraph_text",
                    "content": "It is of the form ax2 + bx + c = 0."
                },
                {
                    "type": "paragraph_text",
                    "content": "So, the given equation is a quadratic equation."
                },
                {
                    "type": "paragraph_text",
                    "content": "(iv) Here, LHS = (x + 2)3 = x3 + 6x2 + 12x + 8"
                },
                {
                    "type": "paragraph_text",
                    "content": "Therefore, (x + 2)3 = x3 \u2013 4 can be rewritten as"
                },
                {
                    "type": "paragraph_text",
                    "content": "x3 + 6x2 + 12x + 8 = x3 \u2013 4"
                },
                {
                    "type": "paragraph_text",
                    "content": "i.e., 6x2 + 12x + 12 = 0 or, x2 + 2x + 2 = 0"
                },
                {
                    "type": "paragraph_text",
                    "content": "It is of the form ax2 + bx + c = 0."
                },
                {
                    "type": "paragraph_text",
                    "content": "So, the given equation is a quadratic equation."
                },
                {
                    "type": "paragraph_text",
                    "content": "Remark : Be careful! In (ii) above, the given equation appears to be a quadratic"
                },
                {
                    "type": "paragraph_text",
                    "content": "equation, but it is not a quadratic equation."
                },
                {
                    "type": "paragraph_text",
                    "content": "In (iv) above, the given equation appears to be a cubic equation (an equation of"
                },
                {
                    "type": "paragraph_text",
                    "content": "degree 3) and not a quadratic equation. But it turns out to be a quadratic equation. As"
                },
                {
                    "type": "paragraph_text",
                    "content": "you can see, often we need to simplify the given equation before deciding whether it"
                },
                {
                    "type": "paragraph_text",
                    "content": "is quadratic or not."
                },
                {
                    "type": "paragraph_text",
                    "content": "EXERCISE 4.1"
                },
                {
                    "type": "paragraph_text",
                    "content": "1. Check whether the following are quadratic equations :"
                },
                {
                    "type": "paragraph_text",
                    "content": "(i) (x + 1)2 = 2(x \u2013 3) (ii) x2 \u2013 2x = (\u20132) (3 \u2013 x)"
                },
                {
                    "type": "paragraph_text",
                    "content": "(iii) (x \u2013 2)(x + 1) = (x \u2013 1)(x + 3) (iv) (x \u2013 3)(2x +1) = x(x + 5)"
                },
                {
                    "type": "paragraph_text",
                    "content": "(v) (2x \u2013 1)(x \u2013 3) = (x + 5)(x \u2013 1) (vi) x2 + 3x + 1 = (x \u2013 2)2"
                },
                {
                    "type": "paragraph_text",
                    "content": "(vii) (x + 2)3 = 2x (x2 \u2013 1) (viii) x3 \u2013 4x2 \u2013 x + 1 = (x \u2013 2)3"
                },
                {
                    "type": "paragraph_text",
                    "content": "2. Represent the following situations in the form of quadratic equations :"
                },
                {
                    "type": "paragraph_text",
                    "content": "(i) The area of a rectangular plot is 528 m2. The length of the plot (in metres) is one"
                },
                {
                    "type": "paragraph_text",
                    "content": "more than twice its breadth. We need to find the length and breadth of the plot."
                },
                {
                    "type": "paragraph_text",
                    "content": "Reprint 2025-26"
                },
                {
                    "type": "paragraph_text",
                    "content": "42 MATHEMATICS"
                },
                {
                    "type": "paragraph_text",
                    "content": "(ii) The product of two consecutive positive integers is 306. We need to find the"
                },
                {
                    "type": "paragraph_text",
                    "content": "integers."
                },
                {
                    "type": "paragraph_text",
                    "content": "(iii) Rohan\u2019s mother is 26 years older than him. The product of their ages (in years)"
                },
                {
                    "type": "paragraph_text",
                    "content": "3 years from now will be 360. We would like to find Rohan\u2019s present age."
                },
                {
                    "type": "paragraph_text",
                    "content": "(iv) A train travels a distance of 480 km at a uniform speed. If the speed had been"
                },
                {
                    "type": "paragraph_text",
                    "content": "8 km/h less, then it would have taken 3 hours more to cover the same distance. We"
                },
                {
                    "type": "paragraph_text",
                    "content": "need to find the speed of the train."
                },
                {
                    "type": "paragraph_text",
                    "content": "4.3 Solution of a Quadratic Equation by Factorisation"
                },
                {
                    "type": "paragraph_text",
                    "content": "Consider the quadratic equation 2x2 \u2013 3x + 1 = 0. If we replace x by 1 on the"
                },
                {
                    "type": "paragraph_text",
                    "content": "LHS of this equation, we get (2 \u00d7 12) \u2013 (3 \u00d7 1) + 1 = 0 = RHS of the equation."
                },
                {
                    "type": "paragraph_text",
                    "content": "We say that 1 is a root of the quadratic equation 2x2 \u2013 3x + 1 = 0. This also means that"
                },
                {
                    "type": "paragraph_text",
                    "content": "1 is a zero of the quadratic polynomial 2x2 \u2013 3x + 1."
                },
                {
                    "type": "paragraph_text",
                    "content": "In general, a real number \uf061 is called a root of the quadratic equation"
                },
                {
                    "type": "paragraph_text",
                    "content": "ax2 + bx + c = 0, a \uf0b9 0 if a \uf0612 + b\uf061 + c = 0. We also say that x = \uf061\uf061\uf061\uf061\uf061 is a solution of"
                },
                {
                    "type": "paragraph_text",
                    "content": "the quadratic equation, or that \uf061\uf061\uf061\uf061\uf061 satisfies the quadratic equation. Note that the"
                },
                {
                    "type": "paragraph_text",
                    "content": "zeroes of the quadratic polynomial ax2 + bx + c and the roots of the quadratic"
                },
                {
                    "type": "paragraph_text",
                    "content": "equation ax2 + bx + c = 0 are the same."
                },
                {
                    "type": "paragraph_text",
                    "content": "You have observed, in Chapter 2, that a quadratic polynomial can have at most"
                },
                {
                    "type": "paragraph_text",
                    "content": "two zeroes. So, any quadratic equation can have atmost two roots."
                },
                {
                    "type": "paragraph_text",
                    "content": "You have learnt in Class IX, how to factorise quadratic polynomials by splitting"
                },
                {
                    "type": "paragraph_text",
                    "content": "their middle terms. We shall use this knowledge for finding the roots of a quadratic"
                },
                {
                    "type": "paragraph_text",
                    "content": "equation. Let us see how."
                },
                {
                    "type": "paragraph_text",
                    "content": "Example 3 : Find the roots of the equation 2x2 \u2013 5x + 3 = 0, by factorisation."
                },
                {
                    "type": "paragraph_text",
                    "content": "Solution : Let us first split the middle term \u2013 5x as \u20132x \u20133x [because (\u20132x) \u00d7 (\u20133x) ="
                },
                {
                    "type": "paragraph_text",
                    "content": "6x2 = (2x2) \u00d7 3]."
                },
                {
                    "type": "paragraph_text",
                    "content": "So, 2x2 \u2013 5x + 3 = 2x2 \u2013 2x \u2013 3x + 3 = 2x (x \u2013 1) \u20133(x \u2013 1) = (2x \u2013 3)(x \u2013 1)"
                },
                {
                    "type": "paragraph_text",
                    "content": "Now, 2x2 \u2013 5x + 3 = 0 can be rewritten as (2x \u2013 3)(x \u2013 1) = 0."
                },
                {
                    "type": "paragraph_text",
                    "content": "So, the values of x for which 2x2 \u2013 5x + 3 = 0 are the same for which (2x \u2013 3)(x \u2013 1) = 0,"
                },
                {
                    "type": "paragraph_text",
                    "content": "i.e., either 2x \u2013 3 = 0 or x \u2013 1 = 0."
                },
                {
                    "type": "paragraph_text",
                    "content": "3"
                },
                {
                    "type": "paragraph_text",
                    "content": "Now, 2x \u2013 3 = 0 gives x\uf03d and x \u2013 1 = 0 gives x = 1."
                },
                {
                    "type": "paragraph_text",
                    "content": "2"
                },
                {
                    "type": "paragraph_text",
                    "content": "3"
                },
                {
                    "type": "paragraph_text",
                    "content": "So, x\uf03d and x = 1 are the solutions of the equation."
                },
                {
                    "type": "paragraph_text",
                    "content": "2"
                },
                {
                    "type": "paragraph_text",
                    "content": "3"
                },
                {
                    "type": "paragraph_text",
                    "content": "In other words, 1 and are the roots of the equation 2x2 \u2013 5x + 3 = 0."
                },
                {
                    "type": "paragraph_text",
                    "content": "2"
                },
                {
                    "type": "paragraph_text",
                    "content": "Verify that these are the roots of the given equation."
                },
                {
                    "type": "paragraph_text",
                    "content": "Reprint 2025-26"
                },
                {
                    "type": "paragraph_text",
                    "content": "QUADRATIC EQUATIONS 43"
                },
                {
                    "type": "paragraph_text",
                    "content": "Note that we have found the roots of 2x2 \u2013 5x + 3 = 0 by factorising"
                },
                {
                    "type": "paragraph_text",
                    "content": "2x2 \u2013 5x + 3 into two linear factors and equating each factor to zero."
                },
                {
                    "type": "paragraph_text",
                    "content": "Example 4 : Find the roots of the quadratic equation 6x2 \u2013 x \u2013 2 = 0."
                },
                {
                    "type": "paragraph_text",
                    "content": "Solution : We have"
                },
                {
                    "type": "paragraph_text",
                    "content": "6x2 \u2013 x \u2013 2 =6x2 + 3x \u2013 4x \u2013 2"
                },
                {
                    "type": "paragraph_text",
                    "content": "=3x (2x + 1) \u2013 2 (2x + 1)"
                },
                {
                    "type": "paragraph_text",
                    "content": "=(3x \u2013 2)(2x + 1)"
                },
                {
                    "type": "paragraph_text",
                    "content": "The roots of 6x2 \u2013 x \u2013 2 = 0 are the values of x for which (3x \u2013 2)(2x + 1) = 0"
                },
                {
                    "type": "paragraph_text",
                    "content": "Therefore, 3x \u2013 2 = 0 or 2x + 1 = 0,"
                },
                {
                    "type": "paragraph_text",
                    "content": "2 1"
                },
                {
                    "type": "paragraph_text",
                    "content": "i.e., x = or x = \uf02d"
                },
                {
                    "type": "paragraph_text",
                    "content": "3 2"
                },
                {
                    "type": "paragraph_text",
                    "content": "2 1"
                },
                {
                    "type": "paragraph_text",
                    "content": "Therefore, the roots of 6x2 \u2013 x \u2013 2 = 0 are and \u2013 ."
                },
                {
                    "type": "paragraph_text",
                    "content": "3 2"
                },
                {
                    "type": "paragraph_text",
                    "content": "2 1"
                },
                {
                    "type": "paragraph_text",
                    "content": "We verify the roots, by checking that and \uf02d satisfy 6x2 \u2013 x \u2013 2 = 0."
                },
                {
                    "type": "paragraph_text",
                    "content": "3 2"
                },
                {
                    "type": "paragraph_text",
                    "content": "Example 5 : Find the roots of the quadratic equation 3x2 \uf02d2 6x\uf02b2\uf03d0."
                },
                {
                    "type": "paragraph_text",
                    "content": "Solution :3x2 \uf02d2 6x\uf02b2 = 3x2 \uf02d 6x\uf02d 6x\uf02b2"
                }
            ]
        },
        {
            "section_title": "\uf028 \uf029 \uf028 \uf029",
            "content_blocks": [
                {
                    "type": "paragraph_text",
                    "content": "= 3x 3x\uf02d 2 \uf02d 2 3x \uf02d 2"
                }
            ]
        },
        {
            "section_title": "\uf028 \uf029\uf028 \uf029",
            "content_blocks": [
                {
                    "type": "paragraph_text",
                    "content": "= 3x \uf02d 2 3x \uf02d 2"
                },
                {
                    "type": "paragraph_text",
                    "content": "So, the roots of the equation are the values of x for which"
                }
            ]
        },
        {
            "section_title": "\uf028 \uf029\uf028 \uf029",
            "content_blocks": [
                {
                    "type": "paragraph_text",
                    "content": "3x\uf02d 2 3x \uf02d 2 \uf03d0"
                },
                {
                    "type": "paragraph_text",
                    "content": "2"
                },
                {
                    "type": "paragraph_text",
                    "content": "Now, 3x\uf02d 2 \uf03d0 for x\uf03d ."
                },
                {
                    "type": "paragraph_text",
                    "content": "3"
                },
                {
                    "type": "paragraph_text",
                    "content": "So, this root is repeated twice, one for each repeated factor 3x\uf02d 2."
                },
                {
                    "type": "paragraph_text",
                    "content": "2 2"
                },
                {
                    "type": "paragraph_text",
                    "content": "Therefore, the roots of 3x2 \uf02d2 6x\uf02b2\uf03d0 are , ."
                },
                {
                    "type": "paragraph_text",
                    "content": "3 3"
                },
                {
                    "type": "paragraph_text",
                    "content": "Reprint 2025-26"
                },
                {
                    "type": "paragraph_text",
                    "content": "44 MATHEMATICS"
                },
                {
                    "type": "paragraph_text",
                    "content": "Example 6 : Find the dimensions of the prayer hall discussed in Section 4.1."
                },
                {
                    "type": "paragraph_text",
                    "content": "Solution : In Section 4.1, we found that if the breadth of the hall is x m, then x"
                },
                {
                    "type": "paragraph_text",
                    "content": "satisfies the equation 2x2 + x \u2013 300 = 0. Applying the factorisation method, we write"
                },
                {
                    "type": "paragraph_text",
                    "content": "this equation as"
                },
                {
                    "type": "paragraph_text",
                    "content": "2x2 \u2013 24x + 25x \u2013 300 = 0"
                },
                {
                    "type": "paragraph_text",
                    "content": "2x (x \u2013 12) + 25 (x \u2013 12) = 0"
                },
                {
                    "type": "paragraph_text",
                    "content": "i.e., (x \u2013 12)(2x + 25) = 0"
                },
                {
                    "type": "paragraph_text",
                    "content": "So, the roots of the given equation are x = 12 or x = \u2013 12.5. Since x is the breadth"
                },
                {
                    "type": "paragraph_text",
                    "content": "of the hall, it cannot be negative."
                },
                {
                    "type": "paragraph_text",
                    "content": "Thus, the breadth of the hall is 12 m. Its length = 2x + 1 = 25 m."
                },
                {
                    "type": "paragraph_text",
                    "content": "EXERCISE 4.2"
                },
                {
                    "type": "paragraph_text",
                    "content": "1. Find the roots of the following quadratic equations by factorisation:"
                },
                {
                    "type": "paragraph_text",
                    "content": "(i) x2 \u2013 3x \u2013 10 = 0 (ii) 2x2 + x \u2013 6 = 0"
                },
                {
                    "type": "paragraph_text",
                    "content": "1"
                },
                {
                    "type": "paragraph_text",
                    "content": "(iii) 2x2 \uf02b7x\uf02b5 2 \uf03d0 (iv) 2x2 \u2013 x + = 0"
                },
                {
                    "type": "paragraph_text",
                    "content": "8"
                },
                {
                    "type": "paragraph_text",
                    "content": "(v) 100x2 \u2013 20x + 1 = 0"
                },
                {
                    "type": "paragraph_text",
                    "content": "2. Solve the problems given in Example 1."
                },
                {
                    "type": "paragraph_text",
                    "content": "3. Find two numbers whose sum is 27 and product is 182."
                },
                {
                    "type": "paragraph_text",
                    "content": "4. Find two consecutive positive integers, sum of whose squares is 365."
                },
                {
                    "type": "paragraph_text",
                    "content": "5. The altitude of a right triangle is 7 cm less than its base. If the hypotenuse is 13 cm, find"
                },
                {
                    "type": "paragraph_text",
                    "content": "the other two sides."
                },
                {
                    "type": "paragraph_text",
                    "content": "6. A cottage industry produces a certain number of pottery articles in a day. It was observed"
                },
                {
                    "type": "paragraph_text",
                    "content": "on a particular day that the cost of production of each article (in rupees) was 3 more than"
                },
                {
                    "type": "paragraph_text",
                    "content": "twice the number of articles produced on that day. If the total cost of production on that"
                },
                {
                    "type": "paragraph_text",
                    "content": "day was ` 90, find the number of articles produced and the cost of each article."
                },
                {
                    "type": "paragraph_text",
                    "content": "4.4 Nature of Roots"
                },
                {
                    "type": "paragraph_text",
                    "content": "The equation ax2 + bx + c = 0 are given by"
                },
                {
                    "type": "paragraph_text",
                    "content": "\u2013b\uf0b1 b2\uf02d4ac"
                },
                {
                    "type": "paragraph_text",
                    "content": "x ="
                },
                {
                    "type": "paragraph_text",
                    "content": "2a"
                },
                {
                    "type": "paragraph_text",
                    "content": "b b2 \uf02d 4ac"
                },
                {
                    "type": "paragraph_text",
                    "content": "If b2 \u2013 4ac > 0, we get two distinct real roots \uf02d \uf02b and"
                },
                {
                    "type": "paragraph_text",
                    "content": "2a 2a"
                },
                {
                    "type": "paragraph_text",
                    "content": "b b2 \uf02d4ac"
                },
                {
                    "type": "paragraph_text",
                    "content": "\uf02d \u2013 ."
                },
                {
                    "type": "paragraph_text",
                    "content": "2a 2a"
                },
                {
                    "type": "paragraph_text",
                    "content": "Reprint 2025-26"
                },
                {
                    "type": "paragraph_text",
                    "content": "QUADRATIC EQUATIONS 45"
                },
                {
                    "type": "paragraph_text",
                    "content": "b b b"
                },
                {
                    "type": "paragraph_text",
                    "content": "If b2 \u2013 4ac = 0, then x = \uf02d \uf0b1 0, i.e., x \uf03d \uf02d or \u2013 \uf0d7"
                },
                {
                    "type": "paragraph_text",
                    "content": "2a 2a 2a"
                },
                {
                    "type": "paragraph_text",
                    "content": "\uf02db"
                },
                {
                    "type": "paragraph_text",
                    "content": "So, the roots of the equation ax2 + bx + c = 0 are both \uf0d7"
                },
                {
                    "type": "paragraph_text",
                    "content": "2a"
                },
                {
                    "type": "paragraph_text",
                    "content": "Therefore, we say that the quadratic equation ax2 + bx + c = 0 has two equal"
                },
                {
                    "type": "paragraph_text",
                    "content": "real roots in this case."
                },
                {
                    "type": "paragraph_text",
                    "content": "If b2 \u2013 4ac < 0, then there is no real number whose square is b2 \u2013 4ac. Therefore,"
                },
                {
                    "type": "paragraph_text",
                    "content": "there are no real roots for the given quadratic equation in this case."
                },
                {
                    "type": "paragraph_text",
                    "content": "Since b2 \u2013 4ac determines whether the quadratic equation ax2 + bx + c = 0 has"
                },
                {
                    "type": "paragraph_text",
                    "content": "real roots or not, b2 \u2013 4ac is called the discriminant of this quadratic equation."
                },
                {
                    "type": "paragraph_text",
                    "content": "So, a quadratic equation ax2 + bx + c = 0 has"
                },
                {
                    "type": "paragraph_text",
                    "content": "(i) two distinct real roots, if b2 \u2013 4ac > 0,"
                },
                {
                    "type": "paragraph_text",
                    "content": "(ii) two equal real roots, if b2 \u2013 4ac = 0,"
                },
                {
                    "type": "paragraph_text",
                    "content": "(iii) no real roots, if b2 \u2013 4ac < 0."
                },
                {
                    "type": "paragraph_text",
                    "content": "Let us consider some examples."
                },
                {
                    "type": "paragraph_text",
                    "content": "Example 7: Find the discriminant of the quadratic equation 2x2 \u2013 4x + 3 = 0, and"
                },
                {
                    "type": "paragraph_text",
                    "content": "hence find the nature of its roots."
                },
                {
                    "type": "paragraph_text",
                    "content": "Solution : The given equation is of the form ax2 + bx + c = 0, where a = 2, b = \u2013 4 and"
                },
                {
                    "type": "paragraph_text",
                    "content": "c = 3. Therefore, the discriminant"
                },
                {
                    "type": "paragraph_text",
                    "content": "b2 \u2013 4ac = (\u2013 4)2 \u2013 (4 \u00d7 2 \u00d7 3) = 16 \u2013 24 = \u2013 8 < 0"
                },
                {
                    "type": "paragraph_text",
                    "content": "So, the given equation has no real roots."
                },
                {
                    "type": "paragraph_text",
                    "content": "Example 8 : A pole has to be erected at a point on the boundary of a circular park of"
                },
                {
                    "type": "paragraph_text",
                    "content": "diameter 13 metres in such a way that the differences of its distances from two"
                },
                {
                    "type": "paragraph_text",
                    "content": "diametrically opposite fixed gates A and B on the boundary is 7 metres. Is it possible to"
                },
                {
                    "type": "paragraph_text",
                    "content": "do so? If yes, at what distances from the two gates should the pole be erected?"
                },
                {
                    "type": "paragraph_text",
                    "content": "Solution : Let us first draw the diagram"
                },
                {
                    "type": "paragraph_text",
                    "content": "(see Fig. 4.2)."
                },
                {
                    "type": "paragraph_text",
                    "content": "Let P be the required location of the"
                },
                {
                    "type": "paragraph_text",
                    "content": "pole. Let the distance of the pole from the"
                },
                {
                    "type": "paragraph_text",
                    "content": "gate B be x m, i.e., BP = x m. Now the"
                },
                {
                    "type": "paragraph_text",
                    "content": "difference of the distances of the pole from"
                },
                {
                    "type": "paragraph_text",
                    "content": "the two gates = AP \u2013 BP (or, BP \u2013 AP) ="
                },
                {
                    "type": "paragraph_text",
                    "content": "7 m. Therefore, AP = (x + 7) m."
                },
                {
                    "type": "paragraph_text",
                    "content": "Fig. 4.2"
                },
                {
                    "type": "paragraph_text",
                    "content": "Reprint 2025-26"
                },
                {
                    "type": "paragraph_text",
                    "content": "46 MATHEMATICS"
                },
                {
                    "type": "paragraph_text",
                    "content": "Now, AB = 13m, and since AB is a diameter,"
                },
                {
                    "type": "paragraph_text",
                    "content": "\uf0d0APB = 90\u00b0 (Why?)"
                },
                {
                    "type": "paragraph_text",
                    "content": "Therefore, AP2 + PB2 = AB2 (By Pythagoras theorem)"
                },
                {
                    "type": "paragraph_text",
                    "content": "i.e., (x + 7)2 + x2 = 132"
                },
                {
                    "type": "paragraph_text",
                    "content": "i.e., x2 + 14x + 49 + x2 = 169"
                },
                {
                    "type": "paragraph_text",
                    "content": "i.e., 2x2 + 14x \u2013 120 = 0"
                },
                {
                    "type": "paragraph_text",
                    "content": "So, the distance \u2018x\u2019 of the pole from gate B satisfies the equation"
                },
                {
                    "type": "paragraph_text",
                    "content": "x2 + 7x \u2013 60 = 0"
                },
                {
                    "type": "paragraph_text",
                    "content": "So, it would be possible to place the pole if this equation has real roots. To see if this"
                },
                {
                    "type": "paragraph_text",
                    "content": "is so or not, let us consider its discriminant. The discriminant is"
                },
                {
                    "type": "paragraph_text",
                    "content": "b2 \u2013 4ac = 72 \u2013 4 \u00d7 1 \u00d7 (\u2013 60) = 289 > 0."
                },
                {
                    "type": "paragraph_text",
                    "content": "So, the given quadratic equation has two real roots, and it is possible to erect the"
                },
                {
                    "type": "paragraph_text",
                    "content": "pole on the boundary of the park."
                },
                {
                    "type": "paragraph_text",
                    "content": "Solving the quadratic equation x2 + 7x \u2013 60 = 0, by the quadratic formula, we get"
                },
                {
                    "type": "paragraph_text",
                    "content": "\uf02d7 \uf0b1 289 \uf02d7 \uf0b117"
                },
                {
                    "type": "paragraph_text",
                    "content": "x = ="
                },
                {
                    "type": "paragraph_text",
                    "content": "2 2"
                },
                {
                    "type": "paragraph_text",
                    "content": "Therefore, x = 5 or \u2013 12."
                },
                {
                    "type": "paragraph_text",
                    "content": "Since x is the distance between the pole and the gate B, it must be positive."
                },
                {
                    "type": "paragraph_text",
                    "content": "Therefore, x = \u2013 12 will have to be ignored. So, x = 5."
                },
                {
                    "type": "paragraph_text",
                    "content": "Thus, the pole has to be erected on the boundary of the park at a distance of 5m"
                },
                {
                    "type": "paragraph_text",
                    "content": "from the gate B and 12m from the gate A."
                },
                {
                    "type": "paragraph_text",
                    "content": "1"
                },
                {
                    "type": "paragraph_text",
                    "content": "Example 9 : Find the discriminant of the equation 3x2 \u2013 2x + = 0 and hence find the"
                },
                {
                    "type": "paragraph_text",
                    "content": "3"
                },
                {
                    "type": "paragraph_text",
                    "content": "nature of its roots. Find them, if they are real."
                },
                {
                    "type": "paragraph_text",
                    "content": "1"
                },
                {
                    "type": "paragraph_text",
                    "content": "Solution : Here a = 3, b = \u2013 2 and c\uf03d ."
                },
                {
                    "type": "paragraph_text",
                    "content": "3"
                },
                {
                    "type": "paragraph_text",
                    "content": "1"
                },
                {
                    "type": "paragraph_text",
                    "content": "Therefore, discriminant b2 \u2013 4ac = (\u2013 2)2 \u2013 4 \u00d7 3 \u00d7 = 4 \u2013 4 = 0."
                },
                {
                    "type": "paragraph_text",
                    "content": "3"
                },
                {
                    "type": "paragraph_text",
                    "content": "Hence, the given quadratic equation has two equal real roots."
                },
                {
                    "type": "paragraph_text",
                    "content": "\uf02db \uf02db 2 2 1 1"
                },
                {
                    "type": "paragraph_text",
                    "content": "The roots are , , i.e., , , i.e., , ."
                },
                {
                    "type": "paragraph_text",
                    "content": "2a 2a 6 6 3 3"
                },
                {
                    "type": "paragraph_text",
                    "content": "Reprint 2025-26"
                },
                {
                    "type": "paragraph_text",
                    "content": "QUADRATIC EQUATIONS 47"
                },
                {
                    "type": "paragraph_text",
                    "content": "EXERCISE 4.3"
                },
                {
                    "type": "paragraph_text",
                    "content": "1. Find the nature of the roots of the following quadratic equations. If the real roots exist,"
                },
                {
                    "type": "paragraph_text",
                    "content": "find them:"
                },
                {
                    "type": "paragraph_text",
                    "content": "(i) 2x2 \u2013 3x + 5 = 0 (ii) 3x2 \u2013 4 3x + 4 = 0"
                },
                {
                    "type": "paragraph_text",
                    "content": "(iii) 2x2 \u2013 6x + 3 = 0"
                },
                {
                    "type": "paragraph_text",
                    "content": "2. Find the values of k for each of the following quadratic equations, so that they have two"
                },
                {
                    "type": "paragraph_text",
                    "content": "equal roots."
                },
                {
                    "type": "paragraph_text",
                    "content": "(i) 2x2 + kx + 3 = 0 (ii) kx (x \u2013 2) + 6 = 0"
                },
                {
                    "type": "paragraph_text",
                    "content": "3. Is it possible to design a rectangular mango grove whose length is twice its breadth,"
                },
                {
                    "type": "paragraph_text",
                    "content": "and the area is 800 m2? If so, find its length and breadth."
                },
                {
                    "type": "paragraph_text",
                    "content": "4. Is the following situation possible? If so, determine their present ages."
                },
                {
                    "type": "paragraph_text",
                    "content": "The sum of the ages of two friends is 20 years. Four years ago, the product of their ages"
                },
                {
                    "type": "paragraph_text",
                    "content": "in years was 48."
                },
                {
                    "type": "paragraph_text",
                    "content": "5. Is it possible to design a rectangular park of perimeter 80 m and area 400 m2? If so, find"
                },
                {
                    "type": "paragraph_text",
                    "content": "its length and breadth."
                },
                {
                    "type": "paragraph_text",
                    "content": "4.5 Summary"
                },
                {
                    "type": "paragraph_text",
                    "content": "In this chapter, you have studied the following points:"
                },
                {
                    "type": "paragraph_text",
                    "content": "1. A quadratic equation in the variable x is of the form ax2 + bx + c = 0, where a, b, c are real"
                },
                {
                    "type": "paragraph_text",
                    "content": "numbers and a \uf0b9 0."
                },
                {
                    "type": "paragraph_text",
                    "content": "2. A real number \uf061 is said to be a root of the quadratic equation ax2 + bx + c = 0, if"
                },
                {
                    "type": "paragraph_text",
                    "content": "a\uf0612 + b\uf061 + c = 0. The zeroes of the quadratic polynomial ax2 + bx + c and the roots of the"
                },
                {
                    "type": "paragraph_text",
                    "content": "quadratic equation ax2 + bx + c = 0 are the same."
                },
                {
                    "type": "paragraph_text",
                    "content": "3. If we can factorise ax2 + bx + c, a \uf0b9 0, into a product of two linear factors, then the roots"
                },
                {
                    "type": "paragraph_text",
                    "content": "of the quadratic equation ax2 + bx + c = 0 can be found by equating each factor to zero."
                },
                {
                    "type": "paragraph_text",
                    "content": "4. Quadratic formula: The roots of a quadratic equation ax2 + bx + c = 0 are given by"
                },
                {
                    "type": "paragraph_text",
                    "content": "\uf02db\uf0b1 b2 \uf02d4ac"
                },
                {
                    "type": "paragraph_text",
                    "content": ", provided b2 \u2013 4ac \uf0b3 0."
                },
                {
                    "type": "paragraph_text",
                    "content": "2a"
                },
                {
                    "type": "paragraph_text",
                    "content": "5. A quadratic equation ax2 + bx + c = 0 has"
                },
                {
                    "type": "paragraph_text",
                    "content": "(i) two distinct real roots, if b2 \u2013 4ac > 0,"
                },
                {
                    "type": "paragraph_text",
                    "content": "(ii) two equal roots (i.e., coincident roots), if b2 \u2013 4ac = 0, and"
                },
                {
                    "type": "paragraph_text",
                    "content": "(iii) no real roots, if b2 \u2013 4ac < 0."
                },
                {
                    "type": "paragraph_text",
                    "content": "Reprint 2025-26"
                },
                {
                    "type": "paragraph_text",
                    "content": "48 MATHEMATICS"
                }
            ]
        },
        {
            "section_title": "OTE",
            "content_blocks": [
                {
                    "type": "paragraph_text",
                    "content": "Reprint 2025-26"
                }
            ]
        }
    ]
}