{
    "book": "Mathematics",
    "chapter": "ch7",
    "sections": [
        {
            "section_title": "Introduction",
            "content_blocks": [
                {
                    "type": "paragraph_text",
                    "content": "COORDINATE GEOMETRY 99"
                }
            ]
        },
        {
            "section_title": "OORDINATE EOMETRY",
            "content_blocks": [
                {
                    "type": "paragraph_text",
                    "content": "7.1 Introduction"
                },
                {
                    "type": "paragraph_text",
                    "content": "In Class IX, you have studied that to locate the position of a point on a plane, we"
                },
                {
                    "type": "paragraph_text",
                    "content": "require a pair of coordinate axes. The distance of a point from the y-axis is called its"
                },
                {
                    "type": "paragraph_text",
                    "content": "x-coordinate, or abscissa. The distance of a point from the x-axis is called its"
                },
                {
                    "type": "paragraph_text",
                    "content": "y-coordinate, or ordinate. The coordinates of a point on the x-axis are of the form"
                },
                {
                    "type": "paragraph_text",
                    "content": "(x, 0), and of a point on the y-axis are of the form (0, y)."
                },
                {
                    "type": "paragraph_text",
                    "content": "Here is a play for you. Draw a set of a pair of perpendicular axes on a graph"
                },
                {
                    "type": "paragraph_text",
                    "content": "paper. Now plot the following points and join them as directed: Join the point A(4, 8) to"
                },
                {
                    "type": "paragraph_text",
                    "content": "B(3, 9) to C(3, 8) to D(1, 6) to E(1, 5) to F(3, 3) to G(6, 3) to H(8, 5) to I(8, 6) to"
                },
                {
                    "type": "paragraph_text",
                    "content": "J(6, 8) to K(6, 9) to L(5, 8) to A. Then join the points P(3.5, 7), Q (3, 6) and R(4, 6) to"
                },
                {
                    "type": "paragraph_text",
                    "content": "form a triangle. Also join the points X(5.5, 7), Y(5, 6) and Z(6, 6) to form a triangle."
                },
                {
                    "type": "paragraph_text",
                    "content": "Now join S(4, 5), T(4.5, 4) and U(5, 5) to form a triangle. Lastly join S to the points"
                },
                {
                    "type": "paragraph_text",
                    "content": "(0, 5) and (0, 6) and join U to the points (9, 5) and (9, 6). What picture have you got?"
                },
                {
                    "type": "paragraph_text",
                    "content": "Also, you have seen that a linear equation in two variables of the form"
                },
                {
                    "type": "paragraph_text",
                    "content": "ax + by + c = 0, (a, b are not simultaneously zero), when represented graphically,"
                },
                {
                    "type": "paragraph_text",
                    "content": "gives a straight line. Further, in Chapter 2, you have seen the graph of"
                },
                {
                    "type": "paragraph_text",
                    "content": "y = ax2 + bx + c (a \u201e 0), is a parabola. In fact, coordinate geometry has been developed"
                },
                {
                    "type": "paragraph_text",
                    "content": "as an algebraic tool for studying geometry of figures. It helps us to study geometry"
                },
                {
                    "type": "paragraph_text",
                    "content": "using algebra, and understand algebra with the help of geometry. Because of this,"
                },
                {
                    "type": "paragraph_text",
                    "content": "coordinate geometry is widely applied in various fields such as physics, engineering,"
                },
                {
                    "type": "paragraph_text",
                    "content": "navigation, seismology and art!"
                },
                {
                    "type": "paragraph_text",
                    "content": "In this chapter, you will learn how to find the distance between the two points"
                },
                {
                    "type": "paragraph_text",
                    "content": "whose coordinates are given. You will also study how to find the coordinates of the"
                },
                {
                    "type": "paragraph_text",
                    "content": "point which divides a line segment joining two given points in a given ratio."
                },
                {
                    "type": "paragraph_text",
                    "content": "Reprint 2025-26"
                },
                {
                    "type": "paragraph_text",
                    "content": "100 MATHEMATICS"
                },
                {
                    "type": "paragraph_text",
                    "content": "7.2 Distance Formula"
                },
                {
                    "type": "paragraph_text",
                    "content": "Let us consider the following situation:"
                },
                {
                    "type": "paragraph_text",
                    "content": "A town B is located 36 km east and 15"
                },
                {
                    "type": "paragraph_text",
                    "content": "km north of the town A. How would you find"
                },
                {
                    "type": "paragraph_text",
                    "content": "the distance from town A to town B without"
                },
                {
                    "type": "paragraph_text",
                    "content": "actually measuring it. Let us see. This situation"
                },
                {
                    "type": "paragraph_text",
                    "content": "can be represented graphically as shown in"
                },
                {
                    "type": "paragraph_text",
                    "content": "Fig. 7.1. You may use the Pythagoras Theorem"
                },
                {
                    "type": "paragraph_text",
                    "content": "to calculate this distance."
                },
                {
                    "type": "paragraph_text",
                    "content": "Fig. 7.1"
                },
                {
                    "type": "paragraph_text",
                    "content": "Now, suppose two points lie on the x-axis."
                },
                {
                    "type": "paragraph_text",
                    "content": "Can we find the distance between them? For"
                },
                {
                    "type": "paragraph_text",
                    "content": "instance, consider two points A(4, 0) and B(6, 0)"
                },
                {
                    "type": "paragraph_text",
                    "content": "in Fig. 7.2. The points A and B lie on the x-axis."
                },
                {
                    "type": "paragraph_text",
                    "content": "From the figure you can see that OA = 4"
                },
                {
                    "type": "paragraph_text",
                    "content": "units and OB = 6 units."
                },
                {
                    "type": "paragraph_text",
                    "content": "Therefore, the distance of B from A, i.e.,"
                },
                {
                    "type": "paragraph_text",
                    "content": "AB = OB \u2013 OA = 6 \u2013 4 = 2 units."
                },
                {
                    "type": "paragraph_text",
                    "content": "So, if two points lie on the x-axis, we can"
                },
                {
                    "type": "paragraph_text",
                    "content": "easily find the distance between them."
                },
                {
                    "type": "paragraph_text",
                    "content": "Now, suppose we take two points lying on"
                },
                {
                    "type": "paragraph_text",
                    "content": "the y-axis. Can you find the distance between"
                },
                {
                    "type": "paragraph_text",
                    "content": "them. If the points C(0, 3) and D(0, 8) lie on the"
                },
                {
                    "type": "paragraph_text",
                    "content": "y-axis, similarly we find that CD = 8 \u2013 3 = 5 units"
                },
                {
                    "type": "paragraph_text",
                    "content": "Fig. 7.2"
                },
                {
                    "type": "paragraph_text",
                    "content": "(see Fig. 7.2)."
                },
                {
                    "type": "paragraph_text",
                    "content": "Next, can you find the distance of A from C (in Fig. 7.2)? Since OA = 4 units and"
                },
                {
                    "type": "paragraph_text",
                    "content": "OC = 3 units, the distance of A from C, i.e., AC = 32\uf02b 42 = 5 units. Similarly, you can"
                },
                {
                    "type": "paragraph_text",
                    "content": "find the distance of B from D = BD = 10 units."
                },
                {
                    "type": "paragraph_text",
                    "content": "Now, if we consider two points not lying on coordinate axis, can we find the"
                },
                {
                    "type": "paragraph_text",
                    "content": "distance between them? Yes! We shall use Pythagoras theorem to do so. Let us see"
                },
                {
                    "type": "paragraph_text",
                    "content": "an example."
                },
                {
                    "type": "paragraph_text",
                    "content": "In Fig. 7.3, the points P(4, 6) and Q(6, 8) lie in the first quadrant. How do we use"
                },
                {
                    "type": "paragraph_text",
                    "content": "Pythagoras theorem to find the distance between them? Let us draw PR and QS"
                },
                {
                    "type": "paragraph_text",
                    "content": "perpendicular to the x-axis from P and Q respectively. Also, draw a perpendicular"
                },
                {
                    "type": "paragraph_text",
                    "content": "from P on QS to meet QS at T. Then the coordinates of R and S are (4, 0) and (6, 0),"
                },
                {
                    "type": "paragraph_text",
                    "content": "respectively. So, RS = 2 units. Also, QS = 8 units and TS = PR = 6 units."
                },
                {
                    "type": "paragraph_text",
                    "content": "Reprint 2025-26"
                },
                {
                    "type": "paragraph_text",
                    "content": "COORDINATE GEOMETRY 101"
                },
                {
                    "type": "paragraph_text",
                    "content": "Therefore, QT = 2 units and PT = RS = 2 units."
                },
                {
                    "type": "paragraph_text",
                    "content": "Now, using the Pythagoras theorem, we"
                },
                {
                    "type": "paragraph_text",
                    "content": "have"
                },
                {
                    "type": "paragraph_text",
                    "content": "PQ2 = PT2 + QT2"
                },
                {
                    "type": "paragraph_text",
                    "content": "= 22 + 22 = 8"
                },
                {
                    "type": "paragraph_text",
                    "content": "So, PQ = 2 2 units"
                },
                {
                    "type": "paragraph_text",
                    "content": "How will we find the distance between two"
                },
                {
                    "type": "paragraph_text",
                    "content": "points in two different quadrants?"
                },
                {
                    "type": "paragraph_text",
                    "content": "Consider the points P(6, 4) and Q(\u20135, \u20133)"
                },
                {
                    "type": "paragraph_text",
                    "content": "(see Fig. 7.4). Draw QS perpendicular to the"
                },
                {
                    "type": "paragraph_text",
                    "content": "x-axis. Also draw a perpendicular PT from the"
                },
                {
                    "type": "paragraph_text",
                    "content": "Fig. 7.3"
                },
                {
                    "type": "paragraph_text",
                    "content": "point P on QS (extended) to meet y-axis at the"
                },
                {
                    "type": "paragraph_text",
                    "content": "point R."
                },
                {
                    "type": "paragraph_text",
                    "content": "Fig. 7.4"
                },
                {
                    "type": "paragraph_text",
                    "content": "Then PT = 11 units and QT = 7 units. (Why?)"
                },
                {
                    "type": "paragraph_text",
                    "content": "Using the Pythagoras Theorem to the right triangle PTQ, we get"
                },
                {
                    "type": "paragraph_text",
                    "content": "PQ = 112\uf02b 72 = 170 units."
                },
                {
                    "type": "paragraph_text",
                    "content": "Reprint 2025-26"
                },
                {
                    "type": "paragraph_text",
                    "content": "102 MATHEMATICS"
                },
                {
                    "type": "paragraph_text",
                    "content": "Let us now find the distance between any two"
                },
                {
                    "type": "paragraph_text",
                    "content": "points P(x , y ) and Q(x , y ). Draw PR and QS"
                },
                {
                    "type": "paragraph_text",
                    "content": "1 1 2 2"
                },
                {
                    "type": "paragraph_text",
                    "content": "perpendicular to the x-axis. A perpendicular from the"
                },
                {
                    "type": "paragraph_text",
                    "content": "point P on QS is drawn to meet it at the point"
                },
                {
                    "type": "paragraph_text",
                    "content": "T (see Fig. 7.5)."
                },
                {
                    "type": "paragraph_text",
                    "content": "Then, OR = x , OS = x . So, RS = x \u2013 x = PT."
                },
                {
                    "type": "paragraph_text",
                    "content": "1 2 2 1"
                },
                {
                    "type": "paragraph_text",
                    "content": "Also, SQ = y , ST = PR = y . So, QT = y \u2013 y ."
                },
                {
                    "type": "paragraph_text",
                    "content": "2 1 2 1"
                },
                {
                    "type": "paragraph_text",
                    "content": "Now, applying the Pythagoras theorem in \uf044 PTQ, we get"
                },
                {
                    "type": "paragraph_text",
                    "content": "PQ2 = PT2 + QT2"
                },
                {
                    "type": "paragraph_text",
                    "content": "Fig. 7.5"
                },
                {
                    "type": "paragraph_text",
                    "content": "= (x \u2013 x )2 + (y \u2013 y )2"
                },
                {
                    "type": "paragraph_text",
                    "content": "2 1 2 1"
                },
                {
                    "type": "paragraph_text",
                    "content": "Therefore, PQ = \uf028x \uf02d x \uf0292 \uf02b \uf028y \uf02d y \uf0292"
                },
                {
                    "type": "paragraph_text",
                    "content": "2 1 2 1"
                },
                {
                    "type": "paragraph_text",
                    "content": "Note that since distance is always non-negative, we take only the positive square"
                },
                {
                    "type": "paragraph_text",
                    "content": "root. So, the distance between the points P(x , y ) and Q(x , y ) is"
                },
                {
                    "type": "paragraph_text",
                    "content": "1 1 2 2"
                },
                {
                    "type": "paragraph_text",
                    "content": "PQ = \uf028x \u2013 x \uf0292 +\uf028y \u2013 y \uf0292 ,"
                },
                {
                    "type": "paragraph_text",
                    "content": "2 1 2 1"
                },
                {
                    "type": "paragraph_text",
                    "content": "which is called the distance formula."
                },
                {
                    "type": "paragraph_text",
                    "content": "Remarks :"
                },
                {
                    "type": "paragraph_text",
                    "content": "1. In particular, the distance of a point P(x, y) from the origin O(0, 0) is given by"
                },
                {
                    "type": "paragraph_text",
                    "content": "OP = x2\uf02by2 ."
                },
                {
                    "type": "paragraph_text",
                    "content": "2. We can also write, PQ = \uf028x \uf02d x \uf0292 \uf02b \uf028y \uf02d y \uf0292 . (Why?)"
                },
                {
                    "type": "paragraph_text",
                    "content": "1 2 1 2"
                },
                {
                    "type": "paragraph_text",
                    "content": "Example 1 : Do the points (3, 2), (\u20132, \u20133) and (2, 3) form a triangle? If so, name the"
                },
                {
                    "type": "paragraph_text",
                    "content": "type of triangle formed."
                },
                {
                    "type": "paragraph_text",
                    "content": "Solution : Let us apply the distance formula to find the distances PQ, QR and PR,"
                },
                {
                    "type": "paragraph_text",
                    "content": "where P(3, 2), Q(\u20132, \u20133) and R(2, 3) are the given points. We have"
                },
                {
                    "type": "paragraph_text",
                    "content": "PQ = (3\uf02b2)2 \uf02b (2 \uf02b 3)2 \uf03d 52 \uf02b 52 \uf03d 50 = 7.07 (approx.)"
                },
                {
                    "type": "paragraph_text",
                    "content": "QR = (\u20132 \u20132)2 \uf02b (\u20133 \u20133)2 \uf03d (\u20134)2 \uf02b (\u20136)2 \uf03d 52 = 7.21 (approx.)"
                },
                {
                    "type": "paragraph_text",
                    "content": "PR = (3 \u2013 2)2 \uf02b (2 \u2013 3)2 \uf03d 12 \uf02b (\uf02d1)2 \uf03d 2 = 1.41 (approx.)"
                },
                {
                    "type": "paragraph_text",
                    "content": "Since the sum of any two of these distances is greater than the third distance, therefore,"
                },
                {
                    "type": "paragraph_text",
                    "content": "the points P, Q and R form a triangle."
                },
                {
                    "type": "paragraph_text",
                    "content": "Reprint 2025-26"
                },
                {
                    "type": "table",
                    "content": [
                        [
                            "",
                            "",
                            "",
                            "",
                            "",
                            "",
                            "",
                            "",
                            ""
                        ],
                        [
                            "",
                            "",
                            "",
                            "",
                            "",
                            "",
                            "",
                            "",
                            ""
                        ],
                        [
                            "",
                            "",
                            "",
                            "",
                            "",
                            "",
                            "",
                            "",
                            ""
                        ],
                        [
                            "",
                            "",
                            "",
                            "",
                            "",
                            "",
                            "",
                            "",
                            ""
                        ],
                        [
                            "",
                            "",
                            "",
                            "",
                            "",
                            "",
                            "",
                            "",
                            ""
                        ],
                        [
                            "",
                            "",
                            "",
                            "",
                            "",
                            "",
                            "",
                            "",
                            ""
                        ],
                        [
                            "",
                            "",
                            "",
                            "",
                            "",
                            "",
                            "",
                            "",
                            ""
                        ],
                        [
                            "",
                            "",
                            "",
                            "",
                            "",
                            "",
                            "",
                            "",
                            ""
                        ],
                        [
                            "",
                            "",
                            "",
                            "",
                            "",
                            "",
                            "",
                            "",
                            ""
                        ],
                        [
                            "",
                            "",
                            "",
                            "",
                            "",
                            "",
                            "",
                            "",
                            ""
                        ]
                    ]
                },
                {
                    "type": "paragraph_text",
                    "content": "COORDINATE GEOMETRY 103"
                },
                {
                    "type": "paragraph_text",
                    "content": "Also, PQ2 + PR2 = QR2, by the converse of Pythagoras theorem, we have \uf0d0 P = 90\u00b0."
                },
                {
                    "type": "paragraph_text",
                    "content": "Therefore, PQR is a right triangle."
                },
                {
                    "type": "paragraph_text",
                    "content": "Example 2 : Show that the points (1, 7), (4, 2), (\u20131, \u20131) and (\u2013 4, 4) are the vertices"
                },
                {
                    "type": "paragraph_text",
                    "content": "of a square."
                },
                {
                    "type": "paragraph_text",
                    "content": "Solution : Let A(1, 7), B(4, 2), C(\u20131, \u20131) and D(\u2013 4, 4) be the given points. One way"
                },
                {
                    "type": "paragraph_text",
                    "content": "of showing that ABCD is a square is to use the property that all its sides should be"
                },
                {
                    "type": "paragraph_text",
                    "content": "equal and both its digonals should also be equal. Now,"
                },
                {
                    "type": "paragraph_text",
                    "content": "AB = (1\u2013 4)2\uf02b (7 \uf02d 2)2 \uf03d 9\uf02b 25 \uf03d 34"
                },
                {
                    "type": "paragraph_text",
                    "content": "BC = (4\uf02b1)2\uf02b (2 \uf02b1)2 \uf03d 25\uf02b 9 \uf03d 34"
                },
                {
                    "type": "paragraph_text",
                    "content": "CD = (\u20131\uf02b4)2 \uf02b (\u20131\u2013 4)2 \uf03d 9 \uf02b 25 \uf03d 34"
                },
                {
                    "type": "paragraph_text",
                    "content": "DA = (1\uf02b4)2 \uf02b (7 \u2013 4)2 \uf03d 25 \uf02b 9 \uf03d 34"
                },
                {
                    "type": "paragraph_text",
                    "content": "AC = (1\uf02b1)2\uf02b (7 \uf02b1)2 \uf03d 4 \uf02b 64 \uf03d 68"
                },
                {
                    "type": "paragraph_text",
                    "content": "BD = (4\uf02b 4)2 \uf02b (2 \uf02d 4)2 \uf03d 64 \uf02b 4 \uf03d 68"
                },
                {
                    "type": "paragraph_text",
                    "content": "Since, AB = BC = CD = DA and AC = BD, all the four sides of the quadrilateral"
                },
                {
                    "type": "paragraph_text",
                    "content": "ABCD are equal and its diagonals AC and BD are also equal. Thereore, ABCD is a"
                },
                {
                    "type": "paragraph_text",
                    "content": "square."
                },
                {
                    "type": "paragraph_text",
                    "content": "Alternative Solution : We find"
                },
                {
                    "type": "paragraph_text",
                    "content": "the four sides and one diagonal, say,"
                },
                {
                    "type": "paragraph_text",
                    "content": "AC as above. Here AD2 + DC2 ="
                },
                {
                    "type": "paragraph_text",
                    "content": "34 + 34 = 68 = AC2. Therefore, by"
                },
                {
                    "type": "paragraph_text",
                    "content": "the converse of Pythagoras"
                },
                {
                    "type": "paragraph_text",
                    "content": "theorem, \uf0d0 D = 90\u00b0. A quadrilateral"
                },
                {
                    "type": "paragraph_text",
                    "content": "with all four sides equal and one"
                },
                {
                    "type": "paragraph_text",
                    "content": "angle 90\u00b0 is a square. So, ABCD"
                },
                {
                    "type": "paragraph_text",
                    "content": "is a square."
                },
                {
                    "type": "paragraph_text",
                    "content": "Example 3 : Fig. 7.6 shows the"
                },
                {
                    "type": "paragraph_text",
                    "content": "arrangement of desks in a"
                },
                {
                    "type": "paragraph_text",
                    "content": "classroom. Ashima, Bharti and"
                },
                {
                    "type": "paragraph_text",
                    "content": "Camella are seated at A(3, 1),"
                },
                {
                    "type": "paragraph_text",
                    "content": "B(6, 4) and C(8, 6) respectively."
                },
                {
                    "type": "paragraph_text",
                    "content": "Do you think they are seated in a"
                },
                {
                    "type": "paragraph_text",
                    "content": "line? Give reasons for your"
                },
                {
                    "type": "paragraph_text",
                    "content": "Fig. 7.6"
                },
                {
                    "type": "paragraph_text",
                    "content": "answer."
                },
                {
                    "type": "paragraph_text",
                    "content": "Reprint 2025-26"
                },
                {
                    "type": "paragraph_text",
                    "content": "104 MATHEMATICS"
                },
                {
                    "type": "paragraph_text",
                    "content": "Solution : Using the distance formula, we have"
                },
                {
                    "type": "paragraph_text",
                    "content": "AB = (6\uf02d3)2 \uf02b (4\uf02d1)2 \uf03d 9\uf02b 9 \uf03d 18 \uf03d3 2"
                },
                {
                    "type": "paragraph_text",
                    "content": "BC = (8 \u2013 6)2 \uf02b (6 \u2013 4)2 \uf03d 4 \uf02b 4 \uf03d 8 \uf03d 2 2"
                },
                {
                    "type": "paragraph_text",
                    "content": "AC = (8 \u2013 3)2 \uf02b (6 \u20131)2 \uf03d 25\uf02b 25 \uf03d 50 \uf03d5 2"
                },
                {
                    "type": "paragraph_text",
                    "content": "Since, AB + BC = 3 2 \uf02b 2 2 \uf03d5 2 \uf03d AC, we can say that the points A, B and C"
                },
                {
                    "type": "paragraph_text",
                    "content": "are collinear. Therefore, they are seated in a line."
                },
                {
                    "type": "paragraph_text",
                    "content": "Example 4 : Find a relation between x and y such that the point (x , y) is equidistant"
                },
                {
                    "type": "paragraph_text",
                    "content": "from the points (7, 1) and (3, 5)."
                },
                {
                    "type": "paragraph_text",
                    "content": "Solution : Let P(x, y) be equidistant from the points A(7, 1) and B(3, 5)."
                },
                {
                    "type": "paragraph_text",
                    "content": "We are given that AP = BP. So, AP2 = BP2"
                },
                {
                    "type": "paragraph_text",
                    "content": "i.e., (x \u2013 7)2 + (y \u2013 1)2 = (x \u2013 3)2 + (y \u2013 5)2"
                },
                {
                    "type": "paragraph_text",
                    "content": "i.e., x2 \u2013 14x + 49 + y2 \u2013 2y + 1 = x2 \u2013 6x + 9 + y2 \u2013 10y + 25"
                },
                {
                    "type": "paragraph_text",
                    "content": "i.e., x \u2013 y = 2"
                },
                {
                    "type": "paragraph_text",
                    "content": "which is the required relation."
                },
                {
                    "type": "paragraph_text",
                    "content": "Remark : Note that the graph of the equation"
                },
                {
                    "type": "paragraph_text",
                    "content": "x \u2013 y = 2 is a line. From your earlier studies,"
                },
                {
                    "type": "paragraph_text",
                    "content": "you know that a point which is equidistant"
                },
                {
                    "type": "paragraph_text",
                    "content": "from A and B lies on the perpendicular"
                },
                {
                    "type": "paragraph_text",
                    "content": "bisector of AB. Therefore, the graph of"
                },
                {
                    "type": "paragraph_text",
                    "content": "x \u2013 y = 2 is the perpendicular bisector of AB"
                },
                {
                    "type": "paragraph_text",
                    "content": "(see Fig. 7.7)."
                },
                {
                    "type": "paragraph_text",
                    "content": "Example 5 : Find a point on the y-axis which"
                },
                {
                    "type": "paragraph_text",
                    "content": "is equidistant from the points A(6, 5) and"
                },
                {
                    "type": "paragraph_text",
                    "content": "B(\u2013 4, 3)."
                },
                {
                    "type": "paragraph_text",
                    "content": "Solution : We know that a point on the"
                },
                {
                    "type": "paragraph_text",
                    "content": "y-axis is of the form (0, y). So, let the point"
                },
                {
                    "type": "paragraph_text",
                    "content": "Fig. 7.7"
                },
                {
                    "type": "paragraph_text",
                    "content": "P(0, y) be equidistant from A and B. Then"
                },
                {
                    "type": "paragraph_text",
                    "content": "(6 \u2013 0)2 + (5 \u2013 y)2 = (\u2013 4 \u2013 0)2 + (3 \u2013 y)2"
                },
                {
                    "type": "paragraph_text",
                    "content": "i.e., 36 + 25 + y2 \u2013 10y = 16 + 9 + y2 \u2013 6y"
                },
                {
                    "type": "paragraph_text",
                    "content": "i.e., 4y = 36"
                },
                {
                    "type": "paragraph_text",
                    "content": "i.e., y = 9"
                },
                {
                    "type": "paragraph_text",
                    "content": "Reprint 2025-26"
                },
                {
                    "type": "table",
                    "content": [
                        [
                            "",
                            "",
                            "",
                            "",
                            "",
                            "",
                            "",
                            "",
                            "",
                            ""
                        ],
                        [
                            "",
                            "",
                            "",
                            "",
                            "",
                            "",
                            "",
                            "",
                            "",
                            ""
                        ],
                        [
                            "",
                            "",
                            "",
                            "",
                            "",
                            "",
                            "",
                            "",
                            "",
                            ""
                        ],
                        [
                            "",
                            "",
                            "",
                            "",
                            "",
                            "",
                            "",
                            "",
                            "",
                            ""
                        ],
                        [
                            "",
                            "",
                            "",
                            "",
                            "",
                            "",
                            "",
                            "",
                            "",
                            ""
                        ],
                        [
                            "",
                            "",
                            "",
                            "",
                            "",
                            "",
                            "",
                            "",
                            "",
                            ""
                        ],
                        [
                            "",
                            "",
                            "",
                            "",
                            "",
                            "",
                            "",
                            "",
                            "",
                            ""
                        ],
                        [
                            "",
                            "",
                            "",
                            "",
                            "",
                            "",
                            "",
                            "",
                            "",
                            ""
                        ],
                        [
                            "",
                            "",
                            "",
                            "",
                            "",
                            "",
                            "",
                            "",
                            "",
                            ""
                        ],
                        [
                            "",
                            "",
                            "",
                            "",
                            "",
                            "",
                            "",
                            "",
                            "",
                            ""
                        ]
                    ]
                },
                {
                    "type": "paragraph_text",
                    "content": "COORDINATE GEOMETRY 105"
                },
                {
                    "type": "paragraph_text",
                    "content": "So, the required point is (0, 9)."
                },
                {
                    "type": "paragraph_text",
                    "content": "Let us check our solution : AP = (6 \u2013 0)2 \uf02b (5 \u2013 9)2 \uf03d 36\uf02b16 \uf03d 52"
                },
                {
                    "type": "paragraph_text",
                    "content": "BP = (\u2013 4\u20130)2 \uf02b (3 \u2013 9)2 \uf03d 16 \uf02b36 \uf03d 52"
                },
                {
                    "type": "paragraph_text",
                    "content": "Note : Using the remark above, we see that (0, 9) is the intersection of the y-axis and"
                },
                {
                    "type": "paragraph_text",
                    "content": "the perpendicular bisector of AB."
                },
                {
                    "type": "paragraph_text",
                    "content": "EXERCISE 7.1"
                },
                {
                    "type": "paragraph_text",
                    "content": "1. Find the distance between the following pairs of points :"
                },
                {
                    "type": "paragraph_text",
                    "content": "(i) (2, 3), (4, 1) (ii) (\u2013 5, 7), (\u2013 1, 3) (iii) (a, b), (\u2013 a, \u2013 b)"
                },
                {
                    "type": "paragraph_text",
                    "content": "2. Find the distance between the points (0, 0) and (36, 15). Can you now find the distance"
                },
                {
                    "type": "paragraph_text",
                    "content": "between the two towns A and B discussed in Section 7.2."
                },
                {
                    "type": "paragraph_text",
                    "content": "3. Determine if the points (1, 5), (2, 3) and (\u2013 2, \u2013 11) are collinear."
                },
                {
                    "type": "paragraph_text",
                    "content": "4. Check whether (5, \u2013 2), (6, 4) and (7, \u2013 2) are the vertices of an isosceles triangle."
                },
                {
                    "type": "paragraph_text",
                    "content": "5. In a classroom, 4 friends are"
                },
                {
                    "type": "paragraph_text",
                    "content": "seated at the points A, B, C and"
                },
                {
                    "type": "paragraph_text",
                    "content": "D as shown in Fig. 7.8. Champa"
                },
                {
                    "type": "paragraph_text",
                    "content": "and Chameli walk into the class"
                },
                {
                    "type": "paragraph_text",
                    "content": "and after observing for a few"
                },
                {
                    "type": "paragraph_text",
                    "content": "minutes Champa asks Chameli,"
                },
                {
                    "type": "paragraph_text",
                    "content": "\u201cDon\u2019t you think ABCD is a"
                },
                {
                    "type": "paragraph_text",
                    "content": "square?\u201d Chameli disagrees."
                },
                {
                    "type": "paragraph_text",
                    "content": "Using distance formula, find"
                },
                {
                    "type": "paragraph_text",
                    "content": "which of them is correct."
                },
                {
                    "type": "paragraph_text",
                    "content": "6. Name the type of quadrilateral"
                },
                {
                    "type": "paragraph_text",
                    "content": "formed, if any, by the following"
                },
                {
                    "type": "paragraph_text",
                    "content": "points, and give reasons for"
                },
                {
                    "type": "paragraph_text",
                    "content": "your answer:"
                },
                {
                    "type": "paragraph_text",
                    "content": "(i) (\u2013 1, \u2013 2), (1, 0), (\u2013 1, 2), (\u2013 3, 0)"
                },
                {
                    "type": "paragraph_text",
                    "content": "(ii) (\u20133, 5), (3, 1), (0, 3), (\u20131, \u2013 4)"
                },
                {
                    "type": "paragraph_text",
                    "content": "Fig. 7.8"
                },
                {
                    "type": "paragraph_text",
                    "content": "(iii) (4, 5), (7, 6), (4, 3), (1, 2)"
                },
                {
                    "type": "paragraph_text",
                    "content": "7. Find the point on the x-axis which is equidistant from (2, \u20135) and (\u20132, 9)."
                },
                {
                    "type": "paragraph_text",
                    "content": "8. Find the values of y for which the distance between the points P(2, \u2013 3) and Q(10, y) is"
                },
                {
                    "type": "paragraph_text",
                    "content": "10 units."
                },
                {
                    "type": "paragraph_text",
                    "content": "Reprint 2025-26"
                },
                {
                    "type": "table",
                    "content": [
                        [
                            null,
                            ""
                        ],
                        [
                            "",
                            null
                        ]
                    ]
                },
                {
                    "type": "paragraph_text",
                    "content": "106 MATHEMATICS"
                },
                {
                    "type": "paragraph_text",
                    "content": "9. If Q(0, 1) is equidistant from P(5, \u20133) and R(x, 6), find the values of x. Also find the"
                },
                {
                    "type": "paragraph_text",
                    "content": "distances QR and PR."
                },
                {
                    "type": "paragraph_text",
                    "content": "10. Find a relation between x and y such that the point (x, y) is equidistant from the point"
                },
                {
                    "type": "paragraph_text",
                    "content": "(3, 6) and (\u2013 3, 4)."
                },
                {
                    "type": "paragraph_text",
                    "content": "7.3 Section Formula"
                },
                {
                    "type": "paragraph_text",
                    "content": "Let us recall the situation in Section 7.2."
                },
                {
                    "type": "paragraph_text",
                    "content": "Suppose a telephone company wants to"
                },
                {
                    "type": "paragraph_text",
                    "content": "position a relay tower at P between A and B"
                },
                {
                    "type": "paragraph_text",
                    "content": "is such a way that the distance of the tower"
                },
                {
                    "type": "paragraph_text",
                    "content": "from B is twice its distance from A. If P lies"
                },
                {
                    "type": "paragraph_text",
                    "content": "on AB, it will divide AB in the ratio 1 : 2"
                },
                {
                    "type": "paragraph_text",
                    "content": "(see Fig. 7.9). If we take A as the origin O,"
                },
                {
                    "type": "paragraph_text",
                    "content": "and 1 km as one unit on both the axis, the"
                },
                {
                    "type": "paragraph_text",
                    "content": "coordinates of B will be (36, 15). In order to"
                },
                {
                    "type": "paragraph_text",
                    "content": "Fig. 7.9"
                },
                {
                    "type": "paragraph_text",
                    "content": "know the position of the tower, we must know"
                },
                {
                    "type": "paragraph_text",
                    "content": "the coordinates of P. How do we find these"
                },
                {
                    "type": "paragraph_text",
                    "content": "coordinates?"
                },
                {
                    "type": "paragraph_text",
                    "content": "Let the coordinates of P be (x, y). Draw perpendiculars from P and B to the"
                },
                {
                    "type": "paragraph_text",
                    "content": "x-axis, meeting it in D and E, respectively. Draw PC perpendicular to BE. Then, by"
                },
                {
                    "type": "paragraph_text",
                    "content": "the AA similarity criterion, studied in Chapter 6, \uf044 POD and \uf044 BPC are similar."
                },
                {
                    "type": "paragraph_text",
                    "content": "OD OP 1 PD OP 1"
                },
                {
                    "type": "paragraph_text",
                    "content": "Therefore , \uf03d \uf03d , and \uf03d \uf03d"
                },
                {
                    "type": "paragraph_text",
                    "content": "PC PB 2 BC PB 2"
                },
                {
                    "type": "paragraph_text",
                    "content": "x 1 y 1"
                },
                {
                    "type": "paragraph_text",
                    "content": "So, \uf03d and \uf03d \uf0d7"
                },
                {
                    "type": "paragraph_text",
                    "content": "36\uf02d x 2 15 \uf02d y 2"
                },
                {
                    "type": "paragraph_text",
                    "content": "These equations give x = 12 and y = 5."
                },
                {
                    "type": "paragraph_text",
                    "content": "You can check that P(12, 5) meets the"
                },
                {
                    "type": "paragraph_text",
                    "content": "condition that OP : PB = 1 : 2."
                },
                {
                    "type": "paragraph_text",
                    "content": "Now let us use the understanding that"
                },
                {
                    "type": "paragraph_text",
                    "content": "you may have developed through this"
                },
                {
                    "type": "paragraph_text",
                    "content": "example to obtain the general formula."
                },
                {
                    "type": "paragraph_text",
                    "content": "Consider any two points A(x , y ) and"
                },
                {
                    "type": "paragraph_text",
                    "content": "1 1"
                },
                {
                    "type": "paragraph_text",
                    "content": "B(x , y ) and assume that P (x, y) divides"
                },
                {
                    "type": "paragraph_text",
                    "content": "2 2"
                },
                {
                    "type": "paragraph_text",
                    "content": "AB internally in the ratio m : m , i.e.,"
                },
                {
                    "type": "paragraph_text",
                    "content": "1 2"
                },
                {
                    "type": "paragraph_text",
                    "content": "PA m"
                },
                {
                    "type": "paragraph_text",
                    "content": "\uf03d 1 (see Fig. 7.10). Fig. 7.10"
                },
                {
                    "type": "paragraph_text",
                    "content": "PB m"
                },
                {
                    "type": "paragraph_text",
                    "content": "2"
                },
                {
                    "type": "paragraph_text",
                    "content": "Reprint 2025-26"
                },
                {
                    "type": "paragraph_text",
                    "content": "COORDINATE GEOMETRY 107"
                },
                {
                    "type": "paragraph_text",
                    "content": "Draw AR, PS and BT perpendicular to the x-axis. Draw AQ and PC parallel to"
                },
                {
                    "type": "paragraph_text",
                    "content": "the x-axis. Then, by the AA similarity criterion,"
                },
                {
                    "type": "paragraph_text",
                    "content": "\uf044 PAQ ~ \uf044 BPC"
                },
                {
                    "type": "paragraph_text",
                    "content": "PA AQ PQ"
                },
                {
                    "type": "paragraph_text",
                    "content": "Therefore, \uf03d = (1)"
                },
                {
                    "type": "paragraph_text",
                    "content": "BP PC BC"
                },
                {
                    "type": "paragraph_text",
                    "content": "Now, AQ = RS = OS \u2013 OR = x \u2013 x"
                },
                {
                    "type": "paragraph_text",
                    "content": "1"
                },
                {
                    "type": "paragraph_text",
                    "content": "PC = ST = OT \u2013 OS = x \u2013 x"
                },
                {
                    "type": "paragraph_text",
                    "content": "2"
                },
                {
                    "type": "paragraph_text",
                    "content": "PQ = PS \u2013 QS = PS \u2013 AR = y \u2013 y"
                },
                {
                    "type": "paragraph_text",
                    "content": "1"
                },
                {
                    "type": "paragraph_text",
                    "content": "BC = BT\u2013 CT = BT \u2013 PS = y \u2013 y"
                },
                {
                    "type": "paragraph_text",
                    "content": "2"
                },
                {
                    "type": "paragraph_text",
                    "content": "Substituting these values in (1), we get"
                },
                {
                    "type": "paragraph_text",
                    "content": "m x\uf02d x y \uf02d y"
                },
                {
                    "type": "paragraph_text",
                    "content": "1 = 1 \uf03d 1"
                },
                {
                    "type": "paragraph_text",
                    "content": "m x \uf02d x y \uf02d y"
                },
                {
                    "type": "paragraph_text",
                    "content": "2 2 2"
                },
                {
                    "type": "paragraph_text",
                    "content": "m x \uf02d x m x \uf02b m x"
                },
                {
                    "type": "paragraph_text",
                    "content": "Taking 1 = 1 , we get x = 1 2 2 1"
                },
                {
                    "type": "paragraph_text",
                    "content": "m x \uf02d x m \uf02b m"
                },
                {
                    "type": "paragraph_text",
                    "content": "2 2 1 2"
                },
                {
                    "type": "paragraph_text",
                    "content": "m y \uf02d y m y \uf02b m y"
                },
                {
                    "type": "paragraph_text",
                    "content": "Similarly, taking 1 = 1 , we get y = 1 2 2 1"
                },
                {
                    "type": "paragraph_text",
                    "content": "m y \uf02d y m \uf02b m"
                },
                {
                    "type": "paragraph_text",
                    "content": "2 2 1 2"
                },
                {
                    "type": "paragraph_text",
                    "content": "So, the coordinates of the point P(x, y) which divides the line segment joining the"
                },
                {
                    "type": "paragraph_text",
                    "content": "points A(x , y ) and B(x , y ), internally, in the ratio m : m are"
                },
                {
                    "type": "paragraph_text",
                    "content": "1 1 2 2 1 2"
                },
                {
                    "type": "paragraph_text",
                    "content": "\uf0e6m x \uf02b m x m y \uf02b m y \uf0f6"
                },
                {
                    "type": "paragraph_text",
                    "content": "\uf0e7 1 2 2 1, 1 2 2 1 \uf0f7 (2)"
                },
                {
                    "type": "paragraph_text",
                    "content": "\uf0e8 m \uf02b m m \uf02b m \uf0f8"
                },
                {
                    "type": "paragraph_text",
                    "content": "1 2 1 2"
                },
                {
                    "type": "paragraph_text",
                    "content": "This is known as the section formula."
                },
                {
                    "type": "paragraph_text",
                    "content": "This can also be derived by drawing perpendiculars from A, P and B on the"
                },
                {
                    "type": "paragraph_text",
                    "content": "y-axis and proceeding as above."
                },
                {
                    "type": "paragraph_text",
                    "content": "If the ratio in which P divides AB is k : 1, then the coordinates of the point P will be"
                },
                {
                    "type": "paragraph_text",
                    "content": "\uf0e6kx \uf02b x ky \uf02b y \uf0f6"
                },
                {
                    "type": "paragraph_text",
                    "content": "\uf0e7 2 1, 2 1 \uf0f7\uf0d7"
                },
                {
                    "type": "paragraph_text",
                    "content": "\uf0e8 k\uf02b1 k\uf02b1 \uf0f8"
                },
                {
                    "type": "paragraph_text",
                    "content": "Special Case : The mid-point of a line segment divides the line segment in the ratio"
                },
                {
                    "type": "paragraph_text",
                    "content": "1 : 1. Therefore, the coordinates of the mid-point P of the join of the points A(x , y )"
                },
                {
                    "type": "paragraph_text",
                    "content": "1 1"
                },
                {
                    "type": "paragraph_text",
                    "content": "and B(x , y ) is"
                },
                {
                    "type": "paragraph_text",
                    "content": "2 2"
                },
                {
                    "type": "paragraph_text",
                    "content": "\uf0e61\uf0d7x \uf02b1\uf0d7x 1\uf0d7y \uf02b1\uf0d7y \uf0f6 \uf0e6x \uf02b x y \uf02b y \uf0f6"
                },
                {
                    "type": "paragraph_text",
                    "content": "\uf0e7 1 2, 1 2 \uf0f7\uf03d \uf0e7 1 2 , 1 2 \uf0f7."
                },
                {
                    "type": "paragraph_text",
                    "content": "\uf0e8 1\uf02b1 1\uf02b1 \uf0f8 \uf0e8 2 2 \uf0f8"
                },
                {
                    "type": "paragraph_text",
                    "content": "Let us solve a few examples based on the section formula."
                },
                {
                    "type": "paragraph_text",
                    "content": "Reprint 2025-26"
                },
                {
                    "type": "paragraph_text",
                    "content": "108 MATHEMATICS"
                },
                {
                    "type": "paragraph_text",
                    "content": "Example 6 : Find the coordinates of the point which divides the line segment joining"
                },
                {
                    "type": "paragraph_text",
                    "content": "the points (4, \u2013 3) and (8, 5) in the ratio 3 : 1 internally."
                },
                {
                    "type": "paragraph_text",
                    "content": "Solution : Let P(x, y) be the required point. Using the section formula, we get"
                },
                {
                    "type": "paragraph_text",
                    "content": "3(8) \uf02b1(4) 3(5)\uf02b1(\u20133)"
                },
                {
                    "type": "paragraph_text",
                    "content": "x = \uf03d7, y = \uf03d3"
                },
                {
                    "type": "paragraph_text",
                    "content": "3\uf02b1 3\uf02b1"
                },
                {
                    "type": "paragraph_text",
                    "content": "Therefore, (7, 3) is the required point."
                },
                {
                    "type": "paragraph_text",
                    "content": "Example 7 : In what ratio does the point (\u2013 4, 6) divide the line segment joining the"
                },
                {
                    "type": "paragraph_text",
                    "content": "points A(\u2013 6, 10) and B(3, \u2013 8)?"
                },
                {
                    "type": "paragraph_text",
                    "content": "Solution : Let (\u2013 4, 6) divide AB internally in the ratio m : m . Using the section"
                },
                {
                    "type": "paragraph_text",
                    "content": "1 2"
                },
                {
                    "type": "paragraph_text",
                    "content": "formula, we get"
                },
                {
                    "type": "paragraph_text",
                    "content": "\uf0e63m \uf02d6m \u20138m \uf02b10m \uf0f6"
                },
                {
                    "type": "paragraph_text",
                    "content": "(\u2013 4, 6) = \uf0e7 1 2, 1 2 \uf0f7 (1)"
                },
                {
                    "type": "paragraph_text",
                    "content": "\uf0e8 m \uf02b m m \uf02b m \uf0f8"
                },
                {
                    "type": "paragraph_text",
                    "content": "1 2 1 2"
                },
                {
                    "type": "paragraph_text",
                    "content": "Recall that if (x, y) = (a, b) then x = a and y = b."
                },
                {
                    "type": "paragraph_text",
                    "content": "3m \uf02d 6m \uf02d8m \uf02b10m"
                },
                {
                    "type": "paragraph_text",
                    "content": "So, \u2013 4 = 1 2 and 6\uf03d 1 2"
                },
                {
                    "type": "paragraph_text",
                    "content": "m \uf02b m m \uf02b m"
                },
                {
                    "type": "paragraph_text",
                    "content": "1 2 1 2"
                },
                {
                    "type": "paragraph_text",
                    "content": "3m \uf02d 6m"
                },
                {
                    "type": "paragraph_text",
                    "content": "Now, \u2013 4 = 1 2 gives us"
                },
                {
                    "type": "paragraph_text",
                    "content": "m \uf02b m"
                },
                {
                    "type": "paragraph_text",
                    "content": "1 2"
                },
                {
                    "type": "paragraph_text",
                    "content": "\u2013 4m \u2013 4m = 3m \u2013 6m"
                },
                {
                    "type": "paragraph_text",
                    "content": "1 2 1 2"
                },
                {
                    "type": "paragraph_text",
                    "content": "i.e., 7m = 2m"
                },
                {
                    "type": "paragraph_text",
                    "content": "1 2"
                },
                {
                    "type": "paragraph_text",
                    "content": "i.e., m : m = 2 : 7"
                },
                {
                    "type": "paragraph_text",
                    "content": "1 2"
                },
                {
                    "type": "paragraph_text",
                    "content": "You should verify that the ratio satisfies the y-coordinate also."
                },
                {
                    "type": "paragraph_text",
                    "content": "m"
                },
                {
                    "type": "paragraph_text",
                    "content": "\uf02d8 1 \uf02b10"
                },
                {
                    "type": "paragraph_text",
                    "content": "\uf02d8m \uf02b10m m"
                },
                {
                    "type": "paragraph_text",
                    "content": "Now, 1 2 = 2 (Dividing throughout by m )"
                },
                {
                    "type": "paragraph_text",
                    "content": "m 1 \uf02b m 2 m 1 \uf02b1 2"
                },
                {
                    "type": "paragraph_text",
                    "content": "m"
                },
                {
                    "type": "paragraph_text",
                    "content": "2"
                },
                {
                    "type": "paragraph_text",
                    "content": "2"
                },
                {
                    "type": "paragraph_text",
                    "content": "\uf02d8\uf0b4 \uf02b10"
                },
                {
                    "type": "paragraph_text",
                    "content": "7"
                },
                {
                    "type": "paragraph_text",
                    "content": "= \uf03d 6"
                },
                {
                    "type": "paragraph_text",
                    "content": "2"
                },
                {
                    "type": "paragraph_text",
                    "content": "\uf02b1"
                },
                {
                    "type": "paragraph_text",
                    "content": "7"
                },
                {
                    "type": "paragraph_text",
                    "content": "Reprint 2025-26"
                },
                {
                    "type": "paragraph_text",
                    "content": "COORDINATE GEOMETRY 109"
                },
                {
                    "type": "paragraph_text",
                    "content": "Therefore, the point (\u2013 4, 6) divides the line segment joining the points A(\u2013 6, 10) and"
                },
                {
                    "type": "paragraph_text",
                    "content": "B(3, \u2013 8) in the ratio 2 : 7."
                },
                {
                    "type": "paragraph_text",
                    "content": "m"
                },
                {
                    "type": "paragraph_text",
                    "content": "Alternatively : The ratio m : m can also be written as 1 :1, or k : 1. Let (\u2013 4, 6)"
                },
                {
                    "type": "paragraph_text",
                    "content": "1 2 m"
                },
                {
                    "type": "paragraph_text",
                    "content": "2"
                },
                {
                    "type": "paragraph_text",
                    "content": "divide AB internally in the ratio k : 1. Using the section formula, we get"
                },
                {
                    "type": "paragraph_text",
                    "content": "\uf0e63k \uf02d6 \uf02d8k\uf02b10\uf0f6"
                },
                {
                    "type": "paragraph_text",
                    "content": ","
                },
                {
                    "type": "paragraph_text",
                    "content": "(\u2013 4, 6) = \uf0e7 \uf0f7 (2)"
                },
                {
                    "type": "paragraph_text",
                    "content": "\uf0e8 k \uf02b1 k \uf02b1 \uf0f8"
                },
                {
                    "type": "paragraph_text",
                    "content": "3k \uf02d 6"
                },
                {
                    "type": "paragraph_text",
                    "content": "So, \u2013 4 ="
                },
                {
                    "type": "paragraph_text",
                    "content": "k \uf02b1"
                },
                {
                    "type": "paragraph_text",
                    "content": "i.e., \u2013 4k \u2013 4 = 3k \u2013 6"
                },
                {
                    "type": "paragraph_text",
                    "content": "i.e., 7k = 2"
                },
                {
                    "type": "paragraph_text",
                    "content": "i.e., k : 1 = 2 : 7"
                },
                {
                    "type": "paragraph_text",
                    "content": "You can check for the y-coordinate also."
                },
                {
                    "type": "paragraph_text",
                    "content": "So, the point (\u2013 4, 6) divides the line segment joining the points A(\u2013 6, 10) and"
                },
                {
                    "type": "paragraph_text",
                    "content": "B(3, \u2013 8) in the ratio 2 : 7."
                },
                {
                    "type": "paragraph_text",
                    "content": "Note : You can also find this ratio by calculating the distances PA and PB and taking"
                },
                {
                    "type": "paragraph_text",
                    "content": "their ratios provided you know that A, P and B are collinear."
                },
                {
                    "type": "paragraph_text",
                    "content": "Example 8 : Find the coordinates of the points of trisection (i.e., points dividing in"
                },
                {
                    "type": "paragraph_text",
                    "content": "three equal parts) of the line segment joining the points A(2, \u2013 2) and B(\u2013 7, 4)."
                },
                {
                    "type": "paragraph_text",
                    "content": "Solution : Let P and Q be the points of"
                },
                {
                    "type": "paragraph_text",
                    "content": "trisection of AB i.e., AP = PQ = QB"
                },
                {
                    "type": "paragraph_text",
                    "content": "(see Fig. 7.11). Fig. 7.11"
                },
                {
                    "type": "paragraph_text",
                    "content": "Therefore, P divides AB internally in the ratio 1 : 2. Therefore, the coordinates of P, by"
                },
                {
                    "type": "paragraph_text",
                    "content": "applying the section formula, are"
                },
                {
                    "type": "paragraph_text",
                    "content": "\uf0e61(\uf02d7) \uf02b 2(2) 1(4) \uf02b 2(\uf02d2)\uf0f6"
                },
                {
                    "type": "paragraph_text",
                    "content": ","
                },
                {
                    "type": "paragraph_text",
                    "content": "\uf0e7 \uf0f7, i.e., (\u20131, 0)"
                },
                {
                    "type": "paragraph_text",
                    "content": "\uf0e8 1\uf02b 2 1\uf02b 2 \uf0f8"
                },
                {
                    "type": "paragraph_text",
                    "content": "Now, Q also divides AB internally in the ratio 2 : 1. So, the coordinates of Q are"
                },
                {
                    "type": "paragraph_text",
                    "content": "\uf0e62(\uf02d7) \uf02b1(2) 2(4) \uf02b1(\uf02d2)\uf0f6"
                },
                {
                    "type": "paragraph_text",
                    "content": ","
                },
                {
                    "type": "paragraph_text",
                    "content": "\uf0e7 \uf0f7, i.e., (\u2013 4, 2)"
                },
                {
                    "type": "paragraph_text",
                    "content": "\uf0e8 2\uf02b1 2 \uf02b1 \uf0f8"
                },
                {
                    "type": "paragraph_text",
                    "content": "Reprint 2025-26"
                },
                {
                    "type": "paragraph_text",
                    "content": "110 MATHEMATICS"
                },
                {
                    "type": "paragraph_text",
                    "content": "Therefore, the coordinates of the points of trisection of the line segment joining A and"
                },
                {
                    "type": "paragraph_text",
                    "content": "B are (\u20131, 0) and (\u2013 4, 2)."
                },
                {
                    "type": "paragraph_text",
                    "content": "Note : We could also have obtained Q by noting that it is the mid-point of PB. So, we"
                },
                {
                    "type": "paragraph_text",
                    "content": "could have obtained its coordinates using the mid-point formula."
                },
                {
                    "type": "paragraph_text",
                    "content": "Example 9 : Find the ratio in which the y-axis divides the line segment joining the"
                },
                {
                    "type": "paragraph_text",
                    "content": "points (5, \u2013 6) and (\u20131, \u2013 4). Also find the point of intersection."
                },
                {
                    "type": "paragraph_text",
                    "content": "Solution : Let the ratio be k : 1. Then by the section formula, the coordinates of the"
                },
                {
                    "type": "paragraph_text",
                    "content": "\uf0e6\uf02dk \uf02b 5 \uf02d4k \uf02d 6\uf0f6"
                },
                {
                    "type": "paragraph_text",
                    "content": "point which divides AB in the ratio k : 1 are \uf0e7 , \uf0f7\uf0d7"
                },
                {
                    "type": "paragraph_text",
                    "content": "\uf0e8 k \uf02b1 k \uf02b1 \uf0f8"
                },
                {
                    "type": "paragraph_text",
                    "content": "This point lies on the y-axis, and we know that on the y-axis the abscissa is 0."
                },
                {
                    "type": "paragraph_text",
                    "content": "\uf02dk \uf02b 5"
                },
                {
                    "type": "paragraph_text",
                    "content": "Therefore, = 0"
                },
                {
                    "type": "paragraph_text",
                    "content": "k \uf02b1"
                },
                {
                    "type": "paragraph_text",
                    "content": "So, k = 5"
                },
                {
                    "type": "paragraph_text",
                    "content": "That is, the ratio is 5 : 1. Putting the value of k = 5, we get the point of intersection as"
                },
                {
                    "type": "paragraph_text",
                    "content": "\uf0e6 \uf02d13\uf0f6"
                },
                {
                    "type": "paragraph_text",
                    "content": "\uf0e70, \uf0f7."
                },
                {
                    "type": "paragraph_text",
                    "content": "\uf0e8 3 \uf0f8"
                },
                {
                    "type": "paragraph_text",
                    "content": "Example 10 : If the points A(6, 1), B(8, 2), C(9, 4) and D(p, 3) are the vertices of a"
                },
                {
                    "type": "paragraph_text",
                    "content": "parallelogram, taken in order, find the value of p."
                },
                {
                    "type": "paragraph_text",
                    "content": "Solution : We know that diagonals of a parallelogram bisect each other."
                },
                {
                    "type": "paragraph_text",
                    "content": "So, the coordinates of the mid-point of AC = coordinates of the mid-point of BD"
                },
                {
                    "type": "paragraph_text",
                    "content": "\uf0e66 \uf02b9 1\uf02b 4\uf0f6 \uf0e68\uf02b p 2 \uf02b 3\uf0f6"
                },
                {
                    "type": "paragraph_text",
                    "content": ", ,"
                },
                {
                    "type": "paragraph_text",
                    "content": "i.e., \uf0e7 \uf0f7 = \uf0e7 \uf0f7"
                },
                {
                    "type": "paragraph_text",
                    "content": "\uf0e8 2 2 \uf0f8 \uf0e8 2 2 \uf0f8"
                },
                {
                    "type": "paragraph_text",
                    "content": "\uf0e615 5\uf0f6 \uf0e68\uf02b p 5\uf0f6"
                },
                {
                    "type": "paragraph_text",
                    "content": ", ,"
                },
                {
                    "type": "paragraph_text",
                    "content": "i.e., \uf0e7 \uf0f7 = \uf0e7 \uf0f7"
                },
                {
                    "type": "paragraph_text",
                    "content": "\uf0e8 2 2\uf0f8 \uf0e8 2 2\uf0f8"
                },
                {
                    "type": "paragraph_text",
                    "content": "15 8\uf02b p"
                },
                {
                    "type": "paragraph_text",
                    "content": "so, ="
                },
                {
                    "type": "paragraph_text",
                    "content": "2 2"
                },
                {
                    "type": "paragraph_text",
                    "content": "i.e., p = 7"
                },
                {
                    "type": "paragraph_text",
                    "content": "Reprint 2025-26"
                },
                {
                    "type": "table",
                    "content": [
                        [
                            "",
                            "",
                            "",
                            "",
                            "",
                            "",
                            "",
                            "",
                            "",
                            "",
                            null
                        ],
                        [
                            null,
                            null,
                            null,
                            null,
                            null,
                            null,
                            null,
                            null,
                            null,
                            null,
                            ""
                        ]
                    ]
                },
                {
                    "type": "table",
                    "content": [
                        [
                            "",
                            ""
                        ]
                    ]
                },
                {
                    "type": "table",
                    "content": [
                        [
                            "",
                            ""
                        ]
                    ]
                },
                {
                    "type": "paragraph_text",
                    "content": "COORDINATE GEOMETRY 111"
                },
                {
                    "type": "paragraph_text",
                    "content": "EXERCISE 7.2"
                },
                {
                    "type": "paragraph_text",
                    "content": "1. Find the coordinates of the point which divides the join of (\u20131, 7) and (4, \u20133) in the"
                },
                {
                    "type": "paragraph_text",
                    "content": "ratio 2 : 3."
                },
                {
                    "type": "paragraph_text",
                    "content": "2. Find the coordinates of the points of trisection of the line segment joining (4, \u20131)"
                },
                {
                    "type": "paragraph_text",
                    "content": "and (\u20132, \u20133)."
                },
                {
                    "type": "paragraph_text",
                    "content": "3. To conduct Sports Day activities, in"
                },
                {
                    "type": "paragraph_text",
                    "content": "your rectangular shaped school"
                },
                {
                    "type": "paragraph_text",
                    "content": "ground ABCD, lines have been"
                },
                {
                    "type": "paragraph_text",
                    "content": "drawn with chalk powder at a"
                },
                {
                    "type": "paragraph_text",
                    "content": "distance of 1m each. 100 flower pots"
                },
                {
                    "type": "paragraph_text",
                    "content": "have been placed at a distance of 1m"
                },
                {
                    "type": "paragraph_text",
                    "content": "from each other along AD, as shown"
                },
                {
                    "type": "paragraph_text",
                    "content": "1"
                },
                {
                    "type": "paragraph_text",
                    "content": "in Fig. 7.12. Niharika runs th the"
                },
                {
                    "type": "paragraph_text",
                    "content": "4"
                },
                {
                    "type": "paragraph_text",
                    "content": "distance AD on the 2nd line and"
                },
                {
                    "type": "paragraph_text",
                    "content": "1"
                },
                {
                    "type": "paragraph_text",
                    "content": "posts a green flag. Preet runs th"
                },
                {
                    "type": "paragraph_text",
                    "content": "5"
                },
                {
                    "type": "paragraph_text",
                    "content": "the distance AD on the eighth line"
                },
                {
                    "type": "paragraph_text",
                    "content": "and posts a red flag. What is the"
                },
                {
                    "type": "paragraph_text",
                    "content": "distance between both the flags? If"
                },
                {
                    "type": "paragraph_text",
                    "content": "Rashmi has to post a blue flag exactly"
                },
                {
                    "type": "paragraph_text",
                    "content": "halfway between the line segment"
                },
                {
                    "type": "paragraph_text",
                    "content": "joining the two flags, where should"
                },
                {
                    "type": "paragraph_text",
                    "content": "she post her flag? Fig. 7.12"
                },
                {
                    "type": "paragraph_text",
                    "content": "4. Find the ratio in which the line segment joining the points (\u20133, 10) and (6, \u20138) is divided"
                },
                {
                    "type": "paragraph_text",
                    "content": "by (\u20131, 6)."
                },
                {
                    "type": "paragraph_text",
                    "content": "5. Find the ratio in which the line segment joining A(1, \u20135) and B(\u20134, 5) is divided by the"
                },
                {
                    "type": "paragraph_text",
                    "content": "x-axis. Also find the coordinates of the point of division."
                },
                {
                    "type": "paragraph_text",
                    "content": "6. If (1, 2), (4, y), (x, 6) and (3, 5) are the vertices of a parallelogram taken in order, find"
                },
                {
                    "type": "paragraph_text",
                    "content": "x and y."
                },
                {
                    "type": "paragraph_text",
                    "content": "7. Find the coordinates of a point A, where AB is the diameter of a circle whose centre is"
                },
                {
                    "type": "paragraph_text",
                    "content": "(2, \u20133) and B is (1, 4)."
                },
                {
                    "type": "paragraph_text",
                    "content": "8. If A and B are (\u20132, \u20132) and (2, \u20134), respectively, find the coordinates of P such that"
                },
                {
                    "type": "paragraph_text",
                    "content": "3"
                },
                {
                    "type": "paragraph_text",
                    "content": "AP = ABand P lies on the line segment AB."
                },
                {
                    "type": "paragraph_text",
                    "content": "7"
                },
                {
                    "type": "paragraph_text",
                    "content": "9. Find the coordinates of the points which divide the line segment joining A(\u20132, 2) and"
                },
                {
                    "type": "paragraph_text",
                    "content": "B(2, 8) into four equal parts."
                },
                {
                    "type": "paragraph_text",
                    "content": "10. Find the area of a rhombus if its vertices are (3, 0), (4, 5), (\u2013 1, 4) and (\u2013 2, \u2013 1) taken in"
                },
                {
                    "type": "paragraph_text",
                    "content": "1"
                },
                {
                    "type": "paragraph_text",
                    "content": "order. [Hint : Area of a rhombus = (product of its diagonals)]"
                },
                {
                    "type": "paragraph_text",
                    "content": "2"
                },
                {
                    "type": "paragraph_text",
                    "content": "Reprint 2025-26"
                },
                {
                    "type": "table",
                    "content": [
                        [
                            "A N R\nOTETOTHE EADER\nSection 7.3 discusses the Section Formula for the coordi\npoint P which divides internally the line segment joi\nA(x , y ) and B(x , y ) in the ratio m : m as follows :\n1 1 2 2 1 2\nmx \uf02b m x m y \uf02b m y\nx = 1 2 2 1 , y = 1 2 2 1\nm \uf02b m m \uf02b m\n1 2 1 2\nNote that, here, PA : PB = m : m .\n1 2\nHowever, if P does not lie between A and B but lies o\noutside the line segment AB, and PA : PB = m : m , we sa\n1 2\nexternally the line segment joining the points A and B.\nSection Formula for such case in higher classes.",
                            null
                        ],
                        [
                            null,
                            "A N R\nOTETOTHE EADER\nusses the Section Formula for the coordi\ndivides internally the line segment joi\nx , y ) in the ratio m : m as follows :\n2 2 1 2\nmx \uf02b m x m y \uf02b m y\nx = 1 2 2 1 , y = 1 2 2 1\nm \uf02b m m \uf02b m\n1 2 1 2\nPA : PB = m : m .\n1 2\noes not lie between A and B but lies o\nsegment AB, and PA : PB = m : m , we sa\n1 2\nne segment joining the points A and B.\na for such case in higher classes."
                        ],
                        [
                            null,
                            ""
                        ]
                    ]
                },
                {
                    "type": "paragraph_text",
                    "content": "112 MATHEMATICS"
                },
                {
                    "type": "paragraph_text",
                    "content": "7.4 Summary"
                },
                {
                    "type": "paragraph_text",
                    "content": "In this chapter, you have studied the following points :"
                },
                {
                    "type": "paragraph_text",
                    "content": "1. The distance between P(x , y ) and Q(x , y ) is (x \uf02d x )2 \uf02b (y \uf02d y )2."
                },
                {
                    "type": "paragraph_text",
                    "content": "1 1 2 2 2 1 2 1"
                },
                {
                    "type": "paragraph_text",
                    "content": "2. The distance of a point P(x, y) from the origin is x2 \uf02b y2."
                },
                {
                    "type": "paragraph_text",
                    "content": "3. The coordinates of the point P(x, y) which divides the line segment joining the"
                },
                {
                    "type": "paragraph_text",
                    "content": "points A(x , y ) and B(x , y ) internally in the ratio m : m are"
                },
                {
                    "type": "paragraph_text",
                    "content": "1 1 2 2 1 2"
                },
                {
                    "type": "paragraph_text",
                    "content": "\uf0e6mx \uf02b m x m y \uf02b m y \uf0f6"
                },
                {
                    "type": "paragraph_text",
                    "content": "\uf0e7 1 2 2 1, 1 2 2 1 \uf0f7\uf0d7"
                },
                {
                    "type": "paragraph_text",
                    "content": "\uf0e8 m 1 \uf02b m 2 m 1 \uf02b m 2 \uf0f8"
                },
                {
                    "type": "paragraph_text",
                    "content": "4. The mid-point of the line segment joining the points P(x , y ) and Q(x , y ) is"
                },
                {
                    "type": "paragraph_text",
                    "content": "1 1 2 2"
                },
                {
                    "type": "paragraph_text",
                    "content": "\uf0e6x \uf02b x y \uf02b y \uf0f6"
                },
                {
                    "type": "paragraph_text",
                    "content": "1 2, 1 2 ."
                },
                {
                    "type": "paragraph_text",
                    "content": "\uf0e7 \uf0f7"
                },
                {
                    "type": "paragraph_text",
                    "content": "\uf0e8 2 2 \uf0f8"
                }
            ]
        },
        {
            "section_title": "A N R",
            "content_blocks": [
                {
                    "type": "paragraph_text",
                    "content": "OTETOTHE EADER"
                },
                {
                    "type": "paragraph_text",
                    "content": "Section 7.3 discusses the Section Formula for the coordinates (x, y) of a"
                },
                {
                    "type": "paragraph_text",
                    "content": "point P which divides internally the line segment joining the points"
                },
                {
                    "type": "paragraph_text",
                    "content": "A(x , y ) and B(x , y ) in the ratio m : m as follows :"
                },
                {
                    "type": "paragraph_text",
                    "content": "1 1 2 2 1 2"
                },
                {
                    "type": "paragraph_text",
                    "content": "mx \uf02b m x m y \uf02b m y"
                },
                {
                    "type": "paragraph_text",
                    "content": "x = 1 2 2 1 , y = 1 2 2 1"
                },
                {
                    "type": "paragraph_text",
                    "content": "m \uf02b m m \uf02b m"
                },
                {
                    "type": "paragraph_text",
                    "content": "1 2 1 2"
                },
                {
                    "type": "paragraph_text",
                    "content": "Note that, here, PA : PB = m : m ."
                },
                {
                    "type": "paragraph_text",
                    "content": "1 2"
                },
                {
                    "type": "paragraph_text",
                    "content": "However, if P does not lie between A and B but lies on the line AB,"
                },
                {
                    "type": "paragraph_text",
                    "content": "outside the line segment AB, and PA : PB = m : m , we say that P divides"
                },
                {
                    "type": "paragraph_text",
                    "content": "1 2"
                },
                {
                    "type": "paragraph_text",
                    "content": "externally the line segment joining the points A and B. You will study"
                },
                {
                    "type": "paragraph_text",
                    "content": "Section Formula for such case in higher classes."
                },
                {
                    "type": "paragraph_text",
                    "content": "Reprint 2025-26"
                }
            ]
        }
    ]
}