{
    "book": "Mathematics",
    "chapter": "ch9",
    "sections": [
        {
            "section_title": "Introduction",
            "content_blocks": [
                {
                    "type": "paragraph_text",
                    "content": "SOME APPLICATIONS OF TRIGONOMETRY 133"
                }
            ]
        },
        {
            "section_title": "RIGONOMETRY",
            "content_blocks": [
                {
                    "type": "paragraph_text",
                    "content": "9.1 Heights and Distances"
                },
                {
                    "type": "paragraph_text",
                    "content": "In the previous chapter, you have studied about trigonometric ratios. In this chapter,"
                },
                {
                    "type": "paragraph_text",
                    "content": "you will be studying about some ways in which trigonometry is used in the life around"
                },
                {
                    "type": "paragraph_text",
                    "content": "you."
                },
                {
                    "type": "paragraph_text",
                    "content": "Let us consider Fig. 8.1 of prvious chapter, which is redrawn below in Fig. 9.1."
                },
                {
                    "type": "paragraph_text",
                    "content": "Fig. 9.1"
                },
                {
                    "type": "paragraph_text",
                    "content": "In this figure, the line AC drawn from the eye of the student to the top of the"
                },
                {
                    "type": "paragraph_text",
                    "content": "minar is called the line of sight. The student is looking at the top of the minar. The"
                },
                {
                    "type": "paragraph_text",
                    "content": "angle BAC, so formed by the line of sight with the horizontal, is called the angle of"
                },
                {
                    "type": "paragraph_text",
                    "content": "elevation of the top of the minar from the eye of the student."
                },
                {
                    "type": "paragraph_text",
                    "content": "Thus, the line of sight is the line drawn from the eye of an observer to the point"
                },
                {
                    "type": "paragraph_text",
                    "content": "in the object viewed by the observer. The angle of elevation of the point viewed is"
                },
                {
                    "type": "paragraph_text",
                    "content": "Reprint 2025-26"
                },
                {
                    "type": "paragraph_text",
                    "content": "134 MATHEMATICS"
                },
                {
                    "type": "paragraph_text",
                    "content": "the angle formed by the line of sight with the horizontal when the point being viewed is"
                },
                {
                    "type": "paragraph_text",
                    "content": "above the horizontal level, i.e., the case when we raise our head to look at the object"
                },
                {
                    "type": "paragraph_text",
                    "content": "(see Fig. 9.2)."
                },
                {
                    "type": "paragraph_text",
                    "content": "Fig. 9.2"
                },
                {
                    "type": "paragraph_text",
                    "content": "Now, consider the situation given in Fig. 8.2. The girl sitting on the balcony is"
                },
                {
                    "type": "paragraph_text",
                    "content": "looking down at a flower pot placed on a stair of the temple. In this case, the line of"
                },
                {
                    "type": "paragraph_text",
                    "content": "sight is below the horizontal level. The angle so formed by the line of sight with the"
                },
                {
                    "type": "paragraph_text",
                    "content": "horizontal is called the angle of depression."
                },
                {
                    "type": "paragraph_text",
                    "content": "Thus, the angle of depression of a point on the object being viewed is the angle"
                },
                {
                    "type": "paragraph_text",
                    "content": "formed by the line of sight with the horizontal when the point is below the horizontal"
                },
                {
                    "type": "paragraph_text",
                    "content": "level, i.e., the case when we lower our head to look at the point being viewed"
                },
                {
                    "type": "paragraph_text",
                    "content": "(see Fig. 9.3)."
                },
                {
                    "type": "paragraph_text",
                    "content": "Fig. 9.3"
                },
                {
                    "type": "paragraph_text",
                    "content": "Now, you may identify the lines of sight, and the angles so formed in Fig. 8.3."
                },
                {
                    "type": "paragraph_text",
                    "content": "Are they angles of elevation or angles of depression?"
                },
                {
                    "type": "paragraph_text",
                    "content": "Let us refer to Fig. 9.1 again. If you want to find the height CD of the minar"
                },
                {
                    "type": "paragraph_text",
                    "content": "without actually measuring it, what information do you need? You would need to know"
                },
                {
                    "type": "paragraph_text",
                    "content": "the following:"
                },
                {
                    "type": "paragraph_text",
                    "content": "(i) the distance DE at which the student is standing from the foot of the minar"
                },
                {
                    "type": "paragraph_text",
                    "content": "Reprint 2025-26"
                },
                {
                    "type": "paragraph_text",
                    "content": "SOME APPLICATIONS OF TRIGONOMETRY 135"
                },
                {
                    "type": "paragraph_text",
                    "content": "(ii) the angle of elevation, \uf0d0 BAC, of the top of the minar"
                },
                {
                    "type": "paragraph_text",
                    "content": "(iii) the height AE of the student."
                },
                {
                    "type": "paragraph_text",
                    "content": "Assuming that the above three conditions are known, how can we determine the"
                },
                {
                    "type": "paragraph_text",
                    "content": "height of the minar?"
                },
                {
                    "type": "paragraph_text",
                    "content": "In the figure, CD = CB + BD. Here, BD = AE, which is the height of the student."
                },
                {
                    "type": "paragraph_text",
                    "content": "To find BC, we will use trigonometric ratios of \uf0d0 BAC or \uf0d0 A."
                },
                {
                    "type": "paragraph_text",
                    "content": "In \uf044 ABC, the side BC is the opposite side in relation to the known \uf0d0 A. Now,"
                },
                {
                    "type": "paragraph_text",
                    "content": "which of the trigonometric ratios can we use? Which one of them has the two values"
                },
                {
                    "type": "paragraph_text",
                    "content": "that we have and the one we need to determine? Our search narrows down to using"
                },
                {
                    "type": "paragraph_text",
                    "content": "either tan A or cot A, as these ratios involve AB and BC."
                },
                {
                    "type": "paragraph_text",
                    "content": "BC AB"
                },
                {
                    "type": "paragraph_text",
                    "content": ","
                },
                {
                    "type": "paragraph_text",
                    "content": "Therefore, tan A = or cot A = which on solving would give us BC."
                },
                {
                    "type": "paragraph_text",
                    "content": "AB BC"
                },
                {
                    "type": "paragraph_text",
                    "content": "By adding AE to BC, you will get the height of the minar."
                },
                {
                    "type": "paragraph_text",
                    "content": "Now let us explain the process, we have just discussed, by solving some problems."
                },
                {
                    "type": "paragraph_text",
                    "content": "Example 1 : A tower stands vertically on the ground. From a point on the ground,"
                },
                {
                    "type": "paragraph_text",
                    "content": "which is 15 m away from the foot of the tower, the angle of elevation of the top of the"
                },
                {
                    "type": "paragraph_text",
                    "content": "tower is found to be 60\u00b0. Find the height of the tower."
                },
                {
                    "type": "paragraph_text",
                    "content": "Solution : First let us draw a simple diagram to"
                },
                {
                    "type": "paragraph_text",
                    "content": "represent the problem (see Fig. 9.4). Here AB"
                },
                {
                    "type": "paragraph_text",
                    "content": "represents the tower, CB is the distance of the point"
                },
                {
                    "type": "paragraph_text",
                    "content": "from the tower and \uf0d0 ACB is the angle of elevation."
                },
                {
                    "type": "paragraph_text",
                    "content": "We need to determine the height of the tower, i.e.,"
                },
                {
                    "type": "paragraph_text",
                    "content": "AB. Also, ACB is a triangle, right-angled at B."
                },
                {
                    "type": "paragraph_text",
                    "content": "To solve the problem, we choose the trigonometric"
                },
                {
                    "type": "paragraph_text",
                    "content": "ratio tan 60\u00b0 (or cot 60\u00b0), as the ratio involves AB"
                },
                {
                    "type": "paragraph_text",
                    "content": "and BC."
                },
                {
                    "type": "paragraph_text",
                    "content": "AB"
                },
                {
                    "type": "paragraph_text",
                    "content": "Now, tan 60\u00b0 ="
                },
                {
                    "type": "paragraph_text",
                    "content": "BC"
                },
                {
                    "type": "paragraph_text",
                    "content": "AB"
                },
                {
                    "type": "paragraph_text",
                    "content": "i.e., 3 ="
                },
                {
                    "type": "paragraph_text",
                    "content": "15"
                },
                {
                    "type": "paragraph_text",
                    "content": "Fig. 9.4"
                },
                {
                    "type": "paragraph_text",
                    "content": "i.e., AB = 15 3"
                },
                {
                    "type": "paragraph_text",
                    "content": "Hence, the height of the tower is 15 3 m."
                },
                {
                    "type": "paragraph_text",
                    "content": "Reprint 2025-26"
                },
                {
                    "type": "paragraph_text",
                    "content": "136 MATHEMATICS"
                },
                {
                    "type": "paragraph_text",
                    "content": "Example 2 : An electrician has to repair an"
                },
                {
                    "type": "paragraph_text",
                    "content": "electric fault on a pole of height 5 m. She needs"
                },
                {
                    "type": "paragraph_text",
                    "content": "to reach a point 1.3m below the top of the pole"
                },
                {
                    "type": "paragraph_text",
                    "content": "to undertake the repair work (see Fig. 9.5). What"
                },
                {
                    "type": "paragraph_text",
                    "content": "should be the length of the ladder that she should"
                },
                {
                    "type": "paragraph_text",
                    "content": "use which, when inclined at an angle of 60\u00b0 to"
                },
                {
                    "type": "paragraph_text",
                    "content": "the horizontal, would enable her to reach the"
                },
                {
                    "type": "paragraph_text",
                    "content": "required position? Also, how far from the foot"
                },
                {
                    "type": "paragraph_text",
                    "content": "of the pole should she place the foot of the"
                },
                {
                    "type": "paragraph_text",
                    "content": "ladder? (You may take 3 = 1.73)"
                },
                {
                    "type": "paragraph_text",
                    "content": "Solution : In Fig. 9.5, the electrician is required to"
                },
                {
                    "type": "paragraph_text",
                    "content": "reach the point B on the pole AD."
                },
                {
                    "type": "paragraph_text",
                    "content": "So, BD = AD \u2013 AB = (5 \u2013 1.3)m = 3.7 m. Fig. 9.5"
                },
                {
                    "type": "paragraph_text",
                    "content": "Here, BC represents the ladder. We need to find"
                },
                {
                    "type": "paragraph_text",
                    "content": "its length, i.e., the hypotenuse of the right triangle BDC."
                },
                {
                    "type": "paragraph_text",
                    "content": "Now, can you think which trigonometic ratio should we consider?"
                },
                {
                    "type": "paragraph_text",
                    "content": "It should be sin 60\u00b0."
                },
                {
                    "type": "paragraph_text",
                    "content": "BD 3.7 3"
                },
                {
                    "type": "paragraph_text",
                    "content": "So, = sin 60\u00b0 or ="
                },
                {
                    "type": "paragraph_text",
                    "content": "BC BC 2"
                },
                {
                    "type": "paragraph_text",
                    "content": "3.7\uf0b42"
                },
                {
                    "type": "paragraph_text",
                    "content": "Therefore, BC = = 4.28 m (approx.)"
                },
                {
                    "type": "paragraph_text",
                    "content": "3"
                },
                {
                    "type": "paragraph_text",
                    "content": "i.e., the length of the ladder should be 4.28 m."
                },
                {
                    "type": "paragraph_text",
                    "content": "DC 1"
                },
                {
                    "type": "paragraph_text",
                    "content": "Now, = cot 60\u00b0 ="
                },
                {
                    "type": "paragraph_text",
                    "content": "BD 3"
                },
                {
                    "type": "paragraph_text",
                    "content": "3.7"
                },
                {
                    "type": "paragraph_text",
                    "content": "i.e., DC = = 2.14 m (approx.)"
                },
                {
                    "type": "paragraph_text",
                    "content": "3"
                },
                {
                    "type": "paragraph_text",
                    "content": "Therefore, she should place the foot of the ladder at a distance of 2.14 m from"
                },
                {
                    "type": "paragraph_text",
                    "content": "the pole."
                },
                {
                    "type": "paragraph_text",
                    "content": "Reprint 2025-26"
                },
                {
                    "type": "paragraph_text",
                    "content": "SOME APPLICATIONS OF TRIGONOMETRY 137"
                },
                {
                    "type": "paragraph_text",
                    "content": "Example 3 : An observer 1.5 m tall is 28.5 m away"
                },
                {
                    "type": "paragraph_text",
                    "content": "from a chimney. The angle of elevation of the top"
                },
                {
                    "type": "paragraph_text",
                    "content": "of the chimney from her eyes is 45\u00b0. What is the"
                },
                {
                    "type": "paragraph_text",
                    "content": "height of the chimney?"
                },
                {
                    "type": "paragraph_text",
                    "content": "Solution : Here, AB is the chimney, CD the"
                },
                {
                    "type": "paragraph_text",
                    "content": "observer and \uf0d0 ADE the angle of elevation (see"
                },
                {
                    "type": "paragraph_text",
                    "content": "Fig. 9.6). In this case, ADE is a triangle, right-angled"
                },
                {
                    "type": "paragraph_text",
                    "content": "at E and we are required to find the height of the"
                },
                {
                    "type": "paragraph_text",
                    "content": "chimney."
                },
                {
                    "type": "paragraph_text",
                    "content": "We have AB = AE + BE = AE + 1.5"
                },
                {
                    "type": "paragraph_text",
                    "content": "Fig. 9.6"
                },
                {
                    "type": "paragraph_text",
                    "content": "and DE = CB = 28.5 m"
                },
                {
                    "type": "paragraph_text",
                    "content": "To determine AE, we choose a trigonometric ratio, which involves both AE and"
                },
                {
                    "type": "paragraph_text",
                    "content": "DE. Let us choose the tangent of the angle of elevation."
                },
                {
                    "type": "paragraph_text",
                    "content": "AE"
                },
                {
                    "type": "paragraph_text",
                    "content": "Now, tan 45\u00b0 ="
                },
                {
                    "type": "paragraph_text",
                    "content": "DE"
                },
                {
                    "type": "paragraph_text",
                    "content": "AE"
                },
                {
                    "type": "paragraph_text",
                    "content": "i.e., 1 ="
                },
                {
                    "type": "paragraph_text",
                    "content": "28.5"
                },
                {
                    "type": "paragraph_text",
                    "content": "Therefore, AE = 28.5"
                },
                {
                    "type": "paragraph_text",
                    "content": "So the height of the chimney (AB) = (28.5 + 1.5) m = 30 m."
                },
                {
                    "type": "paragraph_text",
                    "content": "Example 4 : From a point P on the ground the angle of elevation of the top of a 10 m"
                },
                {
                    "type": "paragraph_text",
                    "content": "tall building is 30\u00b0. A flag is hoisted at the top of the building and the angle of elevation"
                },
                {
                    "type": "paragraph_text",
                    "content": "of the top of the flagstaff from P is 45\u00b0. Find the length of the flagstaff and the"
                },
                {
                    "type": "paragraph_text",
                    "content": "distance of the building from the point P. (You may take 3 = 1.732)"
                },
                {
                    "type": "paragraph_text",
                    "content": "Solution : In Fig. 9.7, AB denotes the height of the building, BD the flagstaff and P"
                },
                {
                    "type": "paragraph_text",
                    "content": "the given point. Note that there are two right triangles PAB and PAD. We are required"
                },
                {
                    "type": "paragraph_text",
                    "content": "to find the length of the flagstaff, i.e., DB and the distance of the building from the"
                },
                {
                    "type": "paragraph_text",
                    "content": "point P, i.e., PA."
                },
                {
                    "type": "paragraph_text",
                    "content": "Reprint 2025-26"
                },
                {
                    "type": "paragraph_text",
                    "content": "138 MATHEMATICS"
                },
                {
                    "type": "paragraph_text",
                    "content": "Since, we know the height of the building AB, we"
                },
                {
                    "type": "paragraph_text",
                    "content": "will first consider the right \uf044 PAB."
                },
                {
                    "type": "paragraph_text",
                    "content": "AB"
                },
                {
                    "type": "paragraph_text",
                    "content": "We have tan 30\u00b0 ="
                },
                {
                    "type": "paragraph_text",
                    "content": "AP"
                },
                {
                    "type": "paragraph_text",
                    "content": "1 10"
                },
                {
                    "type": "paragraph_text",
                    "content": "i.e., ="
                },
                {
                    "type": "paragraph_text",
                    "content": "3 AP"
                },
                {
                    "type": "paragraph_text",
                    "content": "Therefore, AP = 10 3 Fig. 9.7"
                },
                {
                    "type": "paragraph_text",
                    "content": "i.e., the distance of the building from P is 10 3 m = 17.32 m."
                },
                {
                    "type": "paragraph_text",
                    "content": "Next, let us suppose DB = x m. Then AD = (10 + x) m."
                },
                {
                    "type": "paragraph_text",
                    "content": "AD 10 \uf02b x"
                },
                {
                    "type": "paragraph_text",
                    "content": "Now, in right \uf044 PAD, tan 45\u00b0 = \uf03d"
                },
                {
                    "type": "paragraph_text",
                    "content": "AP 10 3"
                },
                {
                    "type": "paragraph_text",
                    "content": "10 \uf02b x"
                },
                {
                    "type": "paragraph_text",
                    "content": "Therefore, 1 ="
                },
                {
                    "type": "paragraph_text",
                    "content": "10 3"
                }
            ]
        },
        {
            "section_title": "\uf028 \uf029",
            "content_blocks": [
                {
                    "type": "paragraph_text",
                    "content": "i.e., x = 10 3 \uf02d1 = 7.32"
                },
                {
                    "type": "paragraph_text",
                    "content": "So, the length of the flagstaff is 7.32 m."
                },
                {
                    "type": "paragraph_text",
                    "content": "Example 5 : The shadow of a tower standing"
                },
                {
                    "type": "paragraph_text",
                    "content": "on a level ground is found to be 40 m longer"
                },
                {
                    "type": "paragraph_text",
                    "content": "when the Sun\u2019s altitude is 30\u00b0 than when it is"
                },
                {
                    "type": "paragraph_text",
                    "content": "60\u00b0. Find the height of the tower."
                },
                {
                    "type": "paragraph_text",
                    "content": "Solution : In Fig. 9.8, AB is the tower and"
                },
                {
                    "type": "paragraph_text",
                    "content": "BC is the length of the shadow when the"
                },
                {
                    "type": "paragraph_text",
                    "content": "Sun\u2019s altitude is 60\u00b0, i.e., the angle of"
                },
                {
                    "type": "paragraph_text",
                    "content": "elevation of the top of the tower from the tip"
                },
                {
                    "type": "paragraph_text",
                    "content": "Fig. 9.8"
                },
                {
                    "type": "paragraph_text",
                    "content": "of the shadow is 60\u00b0 and DB is the length of"
                },
                {
                    "type": "paragraph_text",
                    "content": "the shadow, when the angle of elevation"
                },
                {
                    "type": "paragraph_text",
                    "content": "is 30\u00b0."
                },
                {
                    "type": "paragraph_text",
                    "content": "Now, let AB be h m and BC be x m. According to the question, DB is 40 m longer"
                },
                {
                    "type": "paragraph_text",
                    "content": "than BC."
                },
                {
                    "type": "paragraph_text",
                    "content": "Reprint 2025-26"
                },
                {
                    "type": "table",
                    "content": [
                        [
                            ""
                        ],
                        [
                            ""
                        ]
                    ]
                },
                {
                    "type": "paragraph_text",
                    "content": "SOME APPLICATIONS OF TRIGONOMETRY 139"
                },
                {
                    "type": "paragraph_text",
                    "content": "So, DB = (40 + x) m"
                },
                {
                    "type": "paragraph_text",
                    "content": "Now, we have two right triangles ABC and ABD."
                },
                {
                    "type": "paragraph_text",
                    "content": "AB"
                },
                {
                    "type": "paragraph_text",
                    "content": "In \uf044 ABC, tan 60\u00b0 ="
                },
                {
                    "type": "paragraph_text",
                    "content": "BC"
                },
                {
                    "type": "paragraph_text",
                    "content": "h"
                },
                {
                    "type": "paragraph_text",
                    "content": "or, 3 = (1)"
                },
                {
                    "type": "paragraph_text",
                    "content": "x"
                },
                {
                    "type": "paragraph_text",
                    "content": "AB"
                },
                {
                    "type": "paragraph_text",
                    "content": "In \uf044 ABD, tan 30\u00b0 ="
                },
                {
                    "type": "paragraph_text",
                    "content": "BD"
                },
                {
                    "type": "paragraph_text",
                    "content": "1 h"
                },
                {
                    "type": "paragraph_text",
                    "content": "i.e., = (2)"
                },
                {
                    "type": "paragraph_text",
                    "content": "3 x\uf02b 40"
                },
                {
                    "type": "paragraph_text",
                    "content": "From (1), we have h = x 3"
                }
            ]
        },
        {
            "section_title": "\uf028 \uf029",
            "content_blocks": [
                {
                    "type": "paragraph_text",
                    "content": "Putting this value in (2), we get x 3 3 = x + 40, i.e., 3x = x + 40"
                },
                {
                    "type": "paragraph_text",
                    "content": "i.e., x = 20"
                },
                {
                    "type": "paragraph_text",
                    "content": "So, h = 20 3 [From (1)]"
                },
                {
                    "type": "paragraph_text",
                    "content": "Therefore, the height of the tower is 20 3m."
                },
                {
                    "type": "paragraph_text",
                    "content": "Example 6 : The angles of depression of the top and the bottom of an 8 m tall building"
                },
                {
                    "type": "paragraph_text",
                    "content": "from the top of a multi-storeyed building are 30\u00b0"
                },
                {
                    "type": "paragraph_text",
                    "content": "and 45\u00b0, respectively. Find the height of the multi-"
                },
                {
                    "type": "paragraph_text",
                    "content": "storeyed building and the distance between the"
                },
                {
                    "type": "paragraph_text",
                    "content": "two buildings."
                },
                {
                    "type": "paragraph_text",
                    "content": "Solution : In Fig. 9.9, PC denotes the multi-"
                },
                {
                    "type": "paragraph_text",
                    "content": "storyed building and AB denotes the 8 m tall"
                },
                {
                    "type": "paragraph_text",
                    "content": "building. We are interested to determine the height"
                },
                {
                    "type": "paragraph_text",
                    "content": "of the multi-storeyed building, i.e., PC and the"
                },
                {
                    "type": "paragraph_text",
                    "content": "distance between the two buildings, i.e., AC."
                },
                {
                    "type": "paragraph_text",
                    "content": "Look at the figure carefully. Observe that PB is"
                },
                {
                    "type": "paragraph_text",
                    "content": "a transversal to the parallel lines PQ and BD."
                },
                {
                    "type": "paragraph_text",
                    "content": "Therefore, \uf0d0QPB and \uf0d0PBD are alternate"
                },
                {
                    "type": "paragraph_text",
                    "content": "angles, and so are equal. Fig. 9.9"
                },
                {
                    "type": "paragraph_text",
                    "content": "So \uf0d0\uf020PBD = 30\u00b0. Similarly, \uf0d0 PAC = 45\u00b0."
                },
                {
                    "type": "paragraph_text",
                    "content": "In right \uf044 PBD, we have"
                },
                {
                    "type": "paragraph_text",
                    "content": "Reprint 2025-26"
                },
                {
                    "type": "paragraph_text",
                    "content": "140 MATHEMATICS"
                },
                {
                    "type": "paragraph_text",
                    "content": "PD 1"
                },
                {
                    "type": "paragraph_text",
                    "content": "= tan 30\u00b0 = or BD = PD 3"
                },
                {
                    "type": "paragraph_text",
                    "content": "BD 3"
                },
                {
                    "type": "paragraph_text",
                    "content": "In right \uf044 PAC, we have"
                },
                {
                    "type": "paragraph_text",
                    "content": "PC"
                },
                {
                    "type": "paragraph_text",
                    "content": "= tan 45\u00b0 = 1"
                },
                {
                    "type": "paragraph_text",
                    "content": "AC"
                },
                {
                    "type": "paragraph_text",
                    "content": "i.e., PC = AC"
                },
                {
                    "type": "paragraph_text",
                    "content": "Also, PC = PD + DC, therefore, PD + DC = AC."
                },
                {
                    "type": "paragraph_text",
                    "content": "Since, AC = BD and DC = AB = 8 m, we get PD + 8 = BD = PD 3 (Why?)"
                }
            ]
        },
        {
            "section_title": "\uf028 \uf029",
            "content_blocks": [
                {
                    "type": "paragraph_text",
                    "content": "8 3\uf02b 1"
                },
                {
                    "type": "paragraph_text",
                    "content": "8"
                }
            ]
        },
        {
            "section_title": "\uf028 \uf029",
            "content_blocks": [
                {
                    "type": "paragraph_text",
                    "content": "This gives PD = \uf03d \uf03d 4 3 \uf02b 1 m."
                }
            ]
        },
        {
            "section_title": "3 \uf02d1 \uf028 3 \uf02b 1 \uf029\uf028 3 \uf02d1 \uf029",
            "content_blocks": [
                {
                    "type": "paragraph_text",
                    "content": "So, the height of the multi-storeyed building is \uf07b 4 \uf028 3 \uf02b 1 \uf029 \uf02b 8 \uf07d m = 4 \uf028 3 + 3 \uf029 m"
                },
                {
                    "type": "paragraph_text",
                    "content": "and the distance between the two buildings is also 4 \uf028 3 \uf02b 3 \uf029 m."
                },
                {
                    "type": "paragraph_text",
                    "content": "Example 7 : From a point on a bridge across a river, the angles of depression of"
                },
                {
                    "type": "paragraph_text",
                    "content": "the banks on opposite sides of the river are 30\u00b0 and 45\u00b0, respectively. If the bridge"
                },
                {
                    "type": "paragraph_text",
                    "content": "is at a height of 3 m from the banks, find the width of the river."
                },
                {
                    "type": "paragraph_text",
                    "content": "Solution : In Fig 9.10, A and B"
                },
                {
                    "type": "paragraph_text",
                    "content": "represent points on the bank on"
                },
                {
                    "type": "paragraph_text",
                    "content": "opposite sides of the river, so that"
                },
                {
                    "type": "paragraph_text",
                    "content": "AB is the width of the river. P is a"
                },
                {
                    "type": "paragraph_text",
                    "content": "point on the bridge at a height of 3"
                },
                {
                    "type": "paragraph_text",
                    "content": "m, i.e., DP = 3 m. We are"
                },
                {
                    "type": "paragraph_text",
                    "content": "interested to determine the width Fig. 9.10"
                },
                {
                    "type": "paragraph_text",
                    "content": "of the river, which is the length of"
                },
                {
                    "type": "paragraph_text",
                    "content": "the side AB of the D APB."
                },
                {
                    "type": "paragraph_text",
                    "content": "Now, AB = AD + DB"
                },
                {
                    "type": "paragraph_text",
                    "content": "In right \uf044 APD, \uf0d0 A = 30\u00b0."
                },
                {
                    "type": "paragraph_text",
                    "content": "PD"
                },
                {
                    "type": "paragraph_text",
                    "content": "So, tan 30\u00b0 ="
                },
                {
                    "type": "paragraph_text",
                    "content": "AD"
                },
                {
                    "type": "paragraph_text",
                    "content": "Reprint 2025-26"
                },
                {
                    "type": "paragraph_text",
                    "content": "SOME APPLICATIONS OF TRIGONOMETRY 141"
                },
                {
                    "type": "paragraph_text",
                    "content": "1 3"
                },
                {
                    "type": "paragraph_text",
                    "content": "i.e., = or AD = 3 3 m"
                },
                {
                    "type": "paragraph_text",
                    "content": "3 AD"
                },
                {
                    "type": "paragraph_text",
                    "content": "Also, in right \uf044 PBD, \uf0d0 B = 45\u00b0. So, BD = PD = 3 m."
                },
                {
                    "type": "paragraph_text",
                    "content": "Now, AB = BD + AD = 3 + 3 3 = 3 (1 + 3) m."
                }
            ]
        },
        {
            "section_title": "\uf028 \uf029",
            "content_blocks": [
                {
                    "type": "paragraph_text",
                    "content": "Therefore, the width of the river is 3 3 \uf02b1 m."
                },
                {
                    "type": "paragraph_text",
                    "content": "EXERCISE 9.1"
                },
                {
                    "type": "paragraph_text",
                    "content": "1. A circus artist is climbing a 20 m long rope, which is"
                },
                {
                    "type": "paragraph_text",
                    "content": "tightly stretched and tied from the top of a vertical"
                },
                {
                    "type": "paragraph_text",
                    "content": "pole to the ground. Find the height of the pole, if"
                },
                {
                    "type": "paragraph_text",
                    "content": "the angle made by the rope with the ground level is"
                },
                {
                    "type": "paragraph_text",
                    "content": "30\u00b0 (see Fig. 9.11)."
                },
                {
                    "type": "paragraph_text",
                    "content": "2. A tree breaks due to storm and the broken part"
                },
                {
                    "type": "paragraph_text",
                    "content": "bends so that the top of the tree touches the ground"
                },
                {
                    "type": "paragraph_text",
                    "content": "making an angle 30\u00b0 with it. The distance between Fig. 9.11"
                },
                {
                    "type": "paragraph_text",
                    "content": "the foot of the tree to the point where the top"
                },
                {
                    "type": "paragraph_text",
                    "content": "touches the ground is 8 m. Find the height of"
                },
                {
                    "type": "paragraph_text",
                    "content": "the tree."
                },
                {
                    "type": "paragraph_text",
                    "content": "3. A contractor plans to install two slides for the children to play in a park. For the children"
                },
                {
                    "type": "paragraph_text",
                    "content": "below the age of 5 years, she prefers to have a slide whose top is at a height of 1.5 m, and"
                },
                {
                    "type": "paragraph_text",
                    "content": "is inclined at an angle of 30\u00b0 to the ground, whereas for elder children, she wants to have"
                },
                {
                    "type": "paragraph_text",
                    "content": "a steep slide at a height of 3m, and inclined at an angle of 60\u00b0 to the ground. What"
                },
                {
                    "type": "paragraph_text",
                    "content": "should be the length of the slide in each case?"
                },
                {
                    "type": "paragraph_text",
                    "content": "4. The angle of elevation of the top of a tower from a point on the ground, which is 30 m"
                },
                {
                    "type": "paragraph_text",
                    "content": "away from the foot of the tower, is 30\u00b0. Find the height of the tower."
                },
                {
                    "type": "paragraph_text",
                    "content": "5. A kite is flying at a height of 60 m above the ground. The string attached to the kite is"
                },
                {
                    "type": "paragraph_text",
                    "content": "temporarily tied to a point on the ground. The inclination of the string with the ground"
                },
                {
                    "type": "paragraph_text",
                    "content": "is 60\u00b0. Find the length of the string, assuming that there is no slack in the string."
                },
                {
                    "type": "paragraph_text",
                    "content": "6. A 1.5 m tall boy is standing at some distance from a 30 m tall building. The angle of"
                },
                {
                    "type": "paragraph_text",
                    "content": "elevation from his eyes to the top of the building increases from 30\u00b0 to 60\u00b0 as he walks"
                },
                {
                    "type": "paragraph_text",
                    "content": "towards the building. Find the distance he walked towards the building."
                },
                {
                    "type": "paragraph_text",
                    "content": "7. From a point on the ground, the angles of elevation of the bottom and the top of a"
                },
                {
                    "type": "paragraph_text",
                    "content": "transmission tower fixed at the top of a 20 m high building are 45\u00b0 and 60\u00b0 respectively."
                },
                {
                    "type": "paragraph_text",
                    "content": "Find the height of the tower."
                },
                {
                    "type": "paragraph_text",
                    "content": "Reprint 2025-26"
                },
                {
                    "type": "paragraph_text",
                    "content": "142 MATHEMATICS"
                },
                {
                    "type": "paragraph_text",
                    "content": "8. A statue, 1.6 m tall, stands on the top of a pedestal. From a point on the ground, the"
                },
                {
                    "type": "paragraph_text",
                    "content": "angle of elevation of the top of the statue is 60\u00b0 and from the same point the angle of"
                },
                {
                    "type": "paragraph_text",
                    "content": "elevation of the top of the pedestal is 45\u00b0. Find the height of the pedestal."
                },
                {
                    "type": "paragraph_text",
                    "content": "9. The angle of elevation of the top of a building from the foot of the tower is 30\u00b0 and the"
                },
                {
                    "type": "paragraph_text",
                    "content": "angle of elevation of the top of the tower from the foot of the building is 60\u00b0. If the tower"
                },
                {
                    "type": "paragraph_text",
                    "content": "is 50 m high, find the height of the building."
                },
                {
                    "type": "paragraph_text",
                    "content": "10. Two poles of equal heights are standing opposite each other on either side of the road,"
                },
                {
                    "type": "paragraph_text",
                    "content": "which is 80 m wide. From a point between them on the road, the angles of elevation of"
                },
                {
                    "type": "paragraph_text",
                    "content": "the top of the poles are 60\u00b0 and 30\u00b0, respectively. Find the height of the poles and the"
                },
                {
                    "type": "paragraph_text",
                    "content": "distances of the point from the poles."
                },
                {
                    "type": "paragraph_text",
                    "content": "11. A TV tower stands vertically on a bank"
                },
                {
                    "type": "paragraph_text",
                    "content": "of a canal. From a point on the other"
                },
                {
                    "type": "paragraph_text",
                    "content": "bank directly opposite the tower, the"
                },
                {
                    "type": "paragraph_text",
                    "content": "angle of elevation of the top of the"
                },
                {
                    "type": "paragraph_text",
                    "content": "tower is 60\u00b0. From another point 20 m"
                },
                {
                    "type": "paragraph_text",
                    "content": "away from this point on the line joing"
                },
                {
                    "type": "paragraph_text",
                    "content": "this point to the foot of the tower, the"
                },
                {
                    "type": "paragraph_text",
                    "content": "angle of elevation of the top of the"
                },
                {
                    "type": "paragraph_text",
                    "content": "tower is 30\u00b0 (see Fig. 9.12). Find the"
                },
                {
                    "type": "paragraph_text",
                    "content": "height of the tower and the width of Fig. 9.12"
                },
                {
                    "type": "paragraph_text",
                    "content": "the canal."
                },
                {
                    "type": "paragraph_text",
                    "content": "12. From the top of a 7 m high building, the angle of elevation of the top of a cable tower is"
                },
                {
                    "type": "paragraph_text",
                    "content": "60\u00b0 and the angle of depression of its foot is 45\u00b0. Determine the height of the tower."
                },
                {
                    "type": "paragraph_text",
                    "content": "13. As observed from the top of a 75 m high lighthouse from the sea-level, the angles of"
                },
                {
                    "type": "paragraph_text",
                    "content": "depression of two ships are 30\u00b0 and 45\u00b0. If one ship is exactly behind the other on the"
                },
                {
                    "type": "paragraph_text",
                    "content": "same side of the lighthouse, find the distance between the two ships."
                },
                {
                    "type": "paragraph_text",
                    "content": "14. A 1.2 m tall girl spots a balloon moving"
                },
                {
                    "type": "paragraph_text",
                    "content": "with the wind in a horizontal line at a"
                },
                {
                    "type": "paragraph_text",
                    "content": "height of 88.2 m from the ground. The"
                },
                {
                    "type": "paragraph_text",
                    "content": "angle of elevation of the balloon from"
                },
                {
                    "type": "paragraph_text",
                    "content": "the eyes of the girl at any instant is"
                },
                {
                    "type": "paragraph_text",
                    "content": "60\u00b0. After some time, the angle of"
                },
                {
                    "type": "paragraph_text",
                    "content": "elevation reduces to 30\u00b0 (see Fig. 9.13)."
                },
                {
                    "type": "paragraph_text",
                    "content": "Find the distance travelled by the"
                },
                {
                    "type": "paragraph_text",
                    "content": "Fig. 9.13"
                },
                {
                    "type": "paragraph_text",
                    "content": "balloon during the interval."
                },
                {
                    "type": "paragraph_text",
                    "content": "15. A straight highway leads to the foot of a tower. A man standing at the top of the tower"
                },
                {
                    "type": "paragraph_text",
                    "content": "observes a car at an angle of depression of 30\u00b0, which is approaching the foot of the"
                },
                {
                    "type": "paragraph_text",
                    "content": "Reprint 2025-26"
                },
                {
                    "type": "paragraph_text",
                    "content": "SOME APPLICATIONS OF TRIGONOMETRY 143"
                },
                {
                    "type": "paragraph_text",
                    "content": "tower with a uniform speed. Six seconds later, the angle of depression of the car is found"
                },
                {
                    "type": "paragraph_text",
                    "content": "to be 60\u00b0. Find the time taken by the car to reach the foot of the tower from this point."
                },
                {
                    "type": "paragraph_text",
                    "content": "9.2 Summary"
                },
                {
                    "type": "paragraph_text",
                    "content": "In this chapter, you have studied the following points :"
                },
                {
                    "type": "paragraph_text",
                    "content": "1. (i) The line of sight is the line drawn from the eye of an observer to the point in the"
                },
                {
                    "type": "paragraph_text",
                    "content": "object viewed by the observer."
                },
                {
                    "type": "paragraph_text",
                    "content": "(ii) The angle of elevation of an object viewed, is the angle formed by the line of sight"
                },
                {
                    "type": "paragraph_text",
                    "content": "with the horizontal when it is above the horizontal level, i.e., the case when we raise"
                },
                {
                    "type": "paragraph_text",
                    "content": "our head to look at the object."
                },
                {
                    "type": "paragraph_text",
                    "content": "(iii) The angle of depression of an object viewed, is the angle formed by the line of sight"
                },
                {
                    "type": "paragraph_text",
                    "content": "with the horizontal when it is below the horizontal level, i.e., the case when we lower"
                },
                {
                    "type": "paragraph_text",
                    "content": "our head to look at the object."
                },
                {
                    "type": "paragraph_text",
                    "content": "2. The height or length of an object or the distance between two distant objects can be"
                },
                {
                    "type": "paragraph_text",
                    "content": "determined with the help of trigonometric ratios."
                },
                {
                    "type": "paragraph_text",
                    "content": "Reprint 2025-26"
                }
            ]
        }
    ]
}